0 verbose cli /usr/local/bin/node /usr/local/bin/npm
1 info using npm@10.9.0
2 info using node@v22.12.0
3 silly config load:file:/usr/local/lib/node_modules/npm/npmrc
4 silly config load:file:/Users/gillesakakpo/Projects/elite-atacora/site/.npmrc
5 silly config load:file:/Users/gillesakakpo/.npmrc
6 silly config load:file:/usr/local/etc/npmrc
7 verbose title npm install
8 verbose argv "install" "--cache" "/Users/gillesakakpo/Projects/elite-atacora/site/.npm-cache"
9 verbose logfile logs-max:10 dir:/Users/gillesakakpo/Projects/elite-atacora/site/.npm-cache/_logs/2026-05-21T13_53_57_551Z-
10 verbose logfile /Users/gillesakakpo/Projects/elite-atacora/site/.npm-cache/_logs/2026-05-21T13_53_57_551Z-debug-0.log
11 silly logfile done cleaning log files
12 silly packumentCache heap:4345298944 maxSize:1086324736 maxEntrySize:543162368
13 silly idealTree buildDeps
14 warn EBADENGINE Unsupported engine {
14 warn EBADENGINE   package: 'eslint-visitor-keys@5.0.1',
14 warn EBADENGINE   required: { node: '^20.19.0 || ^22.13.0 || >=24' },
14 warn EBADENGINE   current: { node: 'v22.12.0', npm: '10.9.0' }
14 warn EBADENGINE }
15 silly reify moves {}
16 silly audit bulk request {
16 silly audit   '@acemir/cssom': [ '0.9.31' ],
16 silly audit   '@actions/core': [ '3.0.1' ],
16 silly audit   '@actions/exec': [ '3.0.0' ],
16 silly audit   '@actions/github': [ '9.1.1' ],
16 silly audit   '@actions/http-client': [ '3.0.2', '4.0.1' ],
16 silly audit   '@actions/io': [ '3.0.2' ],
16 silly audit   '@alloc/quick-lru': [ '5.2.0' ],
16 silly audit   '@architect/asap': [ '7.0.10' ],
16 silly audit   '@architect/hydrate': [ '4.0.10' ],
16 silly audit   'brace-expansion': [ '2.1.0', '5.0.6', '1.1.14' ],
16 silly audit   esquery: [ '1.6.0', '1.7.0' ],
16 silly audit   glob: [ '10.4.5', '10.3.16', '13.0.6', '10.3.10', '7.2.3' ],
16 silly audit   jackspeak: [ '3.4.3', '2.3.6' ],
16 silly audit   minimatch: [ '9.0.9', '10.2.5', '5.1.9', '3.1.5' ],
16 silly audit   '@architect/inventory': [ '4.0.9' ],
16 silly audit   '@architect/parser': [ '7.0.1' ],
16 silly audit   '@architect/utils': [ '4.0.6' ],
16 silly audit   '@asamuzakjp/css-color': [ '3.2.0', '5.1.11' ],
16 silly audit   '@asamuzakjp/dom-selector': [ '2.0.2', '6.8.1' ],
16 silly audit   '@asamuzakjp/generational-cache': [ '1.0.1' ],
16 silly audit   '@asamuzakjp/nwsapi': [ '2.3.9' ],
16 silly audit   '@aws-lite/client': [ '0.21.10' ],
16 silly audit   '@aws-lite/s3': [ '0.1.22' ],
16 silly audit   '@aws-lite/ssm': [ '0.2.5' ],
16 silly audit   '@babel/code-frame': [ '7.29.0' ],
16 silly audit   '@babel/compat-data': [ '7.29.3' ],
16 silly audit   '@babel/core': [ '7.29.0' ],
16 silly audit   semver: [ '6.3.1', '5.7.2', '7.8.0' ],
16 silly audit   '@babel/generator': [ '7.29.1' ],
16 silly audit   '@babel/helper-annotate-as-pure': [ '7.27.3' ],
16 silly audit   '@babel/helper-compilation-targets': [ '7.28.6' ],
16 silly audit   'lru-cache': [ '5.1.1', '11.4.0', '6.0.0', '10.4.3' ],
16 silly audit   yallist: [ '3.1.1', '4.0.0', '5.0.0' ],
16 silly audit   '@babel/helper-create-class-features-plugin': [ '7.29.3' ],
16 silly audit   '@babel/helper-create-regexp-features-plugin': [ '7.28.5' ],
16 silly audit   '@babel/helper-define-polyfill-provider': [ '0.6.8' ],
16 silly audit   resolve: [ '1.22.12', '2.0.0-next.7' ],
16 silly audit   '@babel/helper-globals': [ '7.28.0' ],
16 silly audit   '@babel/helper-member-expression-to-functions': [ '7.28.5' ],
16 silly audit   '@babel/helper-module-imports': [ '7.28.6' ],
16 silly audit   '@babel/helper-module-transforms': [ '7.28.6' ],
16 silly audit   '@babel/helper-optimise-call-expression': [ '7.27.1' ],
16 silly audit   '@babel/helper-plugin-utils': [ '7.28.6' ],
16 silly audit   '@babel/helper-remap-async-to-generator': [ '7.27.1' ],
16 silly audit   '@babel/helper-replace-supers': [ '7.28.6' ],
16 silly audit   '@babel/helper-skip-transparent-expression-wrappers': [ '7.27.1' ],
16 silly audit   '@babel/helper-string-parser': [ '7.27.1' ],
16 silly audit   '@babel/helper-validator-identifier': [ '7.28.5' ],
16 silly audit   '@babel/helper-validator-option': [ '7.27.1' ],
16 silly audit   '@babel/helper-wrap-function': [ '7.28.6' ],
16 silly audit   '@babel/helpers': [ '7.29.2' ],
16 silly audit   '@babel/parser': [ '7.29.3' ],
16 silly audit   '@babel/plugin-bugfix-firefox-class-in-computed-class-key': [ '7.28.5' ],
16 silly audit   '@babel/plugin-bugfix-safari-class-field-initializer-scope': [ '7.27.1' ],
16 silly audit   '@babel/plugin-bugfix-safari-id-destructuring-collision-in-function-expression': [ '7.27.1' ],
16 silly audit   '@babel/plugin-bugfix-safari-rest-destructuring-rhs-array': [ '7.29.3' ],
16 silly audit   '@babel/plugin-bugfix-v8-spread-parameters-in-optional-chaining': [ '7.27.1' ],
16 silly audit   '@babel/plugin-bugfix-v8-static-class-fields-redefine-readonly': [ '7.28.6' ],
16 silly audit   '@babel/plugin-proposal-private-property-in-object': [ '7.21.0-placeholder-for-preset-env.2' ],
16 silly audit   '@babel/plugin-syntax-import-assertions': [ '7.28.6' ],
16 silly audit   '@babel/plugin-syntax-import-attributes': [ '7.28.6' ],
16 silly audit   '@babel/plugin-syntax-jsx': [ '7.28.6' ],
16 silly audit   '@babel/plugin-syntax-typescript': [ '7.28.6' ],
16 silly audit   '@babel/plugin-syntax-unicode-sets-regex': [ '7.18.6' ],
16 silly audit   '@babel/plugin-transform-arrow-functions': [ '7.27.1' ],
16 silly audit   '@babel/plugin-transform-async-generator-functions': [ '7.29.0' ],
16 silly audit   '@babel/plugin-transform-async-to-generator': [ '7.28.6' ],
16 silly audit   '@babel/plugin-transform-block-scoped-functions': [ '7.27.1' ],
16 silly audit   '@babel/plugin-transform-block-scoping': [ '7.28.6' ],
16 silly audit   '@babel/plugin-transform-class-properties': [ '7.28.6' ],
16 silly audit   '@babel/plugin-transform-class-static-block': [ '7.28.6' ],
16 silly audit   '@babel/plugin-transform-classes': [ '7.28.6' ],
16 silly audit   '@babel/plugin-transform-computed-properties': [ '7.28.6' ],
16 silly audit   '@babel/plugin-transform-destructuring': [ '7.28.5' ],
16 silly audit   '@babel/plugin-transform-dotall-regex': [ '7.28.6' ],
16 silly audit   '@babel/plugin-transform-duplicate-keys': [ '7.27.1' ],
16 silly audit   '@babel/plugin-transform-duplicate-named-capturing-groups-regex': [ '7.29.0' ],
16 silly audit   '@babel/plugin-transform-dynamic-import': [ '7.27.1' ],
16 silly audit   '@babel/plugin-transform-explicit-resource-management': [ '7.28.6' ],
16 silly audit   '@babel/plugin-transform-exponentiation-operator': [ '7.28.6' ],
16 silly audit   '@babel/plugin-transform-export-namespace-from': [ '7.27.1' ],
16 silly audit   '@babel/plugin-transform-for-of': [ '7.27.1' ],
16 silly audit   '@babel/plugin-transform-function-name': [ '7.27.1' ],
16 silly audit   '@babel/plugin-transform-json-strings': [ '7.28.6' ],
16 silly audit   '@babel/plugin-transform-literals': [ '7.27.1' ],
16 silly audit   '@babel/plugin-transform-logical-assignment-operators': [ '7.28.6' ],
16 silly audit   '@babel/plugin-transform-member-expression-literals': [ '7.27.1' ],
16 silly audit   '@babel/plugin-transform-modules-amd': [ '7.27.1' ],
16 silly audit   '@babel/plugin-transform-modules-commonjs': [ '7.28.6' ],
16 silly audit   '@babel/plugin-transform-modules-systemjs': [ '7.29.4' ],
16 silly audit   '@babel/plugin-transform-modules-umd': [ '7.27.1' ],
16 silly audit   '@babel/plugin-transform-named-capturing-groups-regex': [ '7.29.0' ],
16 silly audit   '@babel/plugin-transform-new-target': [ '7.27.1' ],
16 silly audit   '@babel/plugin-transform-nullish-coalescing-operator': [ '7.28.6' ],
16 silly audit   '@babel/plugin-transform-numeric-separator': [ '7.28.6' ],
16 silly audit   '@babel/plugin-transform-object-rest-spread': [ '7.28.6' ],
16 silly audit   '@babel/plugin-transform-object-super': [ '7.27.1' ],
16 silly audit   '@babel/plugin-transform-optional-catch-binding': [ '7.28.6' ],
16 silly audit   '@babel/plugin-transform-optional-chaining': [ '7.28.6' ],
16 silly audit   '@babel/plugin-transform-parameters': [ '7.27.7' ],
16 silly audit   '@babel/plugin-transform-private-methods': [ '7.28.6' ],
16 silly audit   '@babel/plugin-transform-private-property-in-object': [ '7.28.6' ],
16 silly audit   '@babel/plugin-transform-property-literals': [ '7.27.1' ],
16 silly audit   '@babel/plugin-transform-react-display-name': [ '7.28.0' ],
16 silly audit   '@babel/plugin-transform-react-jsx': [ '7.28.6' ],
16 silly audit   '@babel/plugin-transform-react-jsx-development': [ '7.27.1' ],
16 silly audit   '@babel/plugin-transform-react-jsx-self': [ '7.27.1' ],
16 silly audit   '@babel/plugin-transform-react-jsx-source': [ '7.27.1' ],
16 silly audit   '@babel/plugin-transform-react-pure-annotations': [ '7.27.1' ],
16 silly audit   '@babel/plugin-transform-regenerator': [ '7.29.0' ],
16 silly audit   '@babel/plugin-transform-regexp-modifiers': [ '7.28.6' ],
16 silly audit   '@babel/plugin-transform-reserved-words': [ '7.27.1' ],
16 silly audit   '@babel/plugin-transform-shorthand-properties': [ '7.27.1' ],
16 silly audit   '@babel/plugin-transform-spread': [ '7.28.6' ],
16 silly audit   '@babel/plugin-transform-sticky-regex': [ '7.27.1' ],
16 silly audit   '@babel/plugin-transform-template-literals': [ '7.27.1' ],
16 silly audit   '@babel/plugin-transform-typeof-symbol': [ '7.27.1' ],
16 silly audit   '@babel/plugin-transform-typescript': [ '7.28.6' ],
16 silly audit   '@babel/plugin-transform-unicode-escapes': [ '7.27.1' ],
16 silly audit   '@babel/plugin-transform-unicode-property-regex': [ '7.28.6' ],
16 silly audit   '@babel/plugin-transform-unicode-regex': [ '7.27.1' ],
16 silly audit   '@babel/plugin-transform-unicode-sets-regex': [ '7.28.6' ],
16 silly audit   '@babel/preset-env': [ '7.29.5' ],
16 silly audit   '@babel/preset-modules': [ '0.1.6-no-external-plugins' ],
16 silly audit   '@babel/preset-react': [ '7.28.5' ],
16 silly audit   '@babel/preset-typescript': [ '7.28.5' ],
16 silly audit   '@babel/register': [ '7.29.3' ],
16 silly audit   '@babel/runtime': [ '7.29.2' ],
16 silly audit   '@babel/template': [ '7.28.6' ],
16 silly audit   '@babel/traverse': [ '7.29.0' ],
16 silly audit   '@babel/types': [ '7.29.0' ],
16 silly audit   '@bramus/specificity': [ '2.4.2' ],
16 silly audit   'css-tree': [ '3.2.1', '2.3.1' ],
16 silly audit   'mdn-data': [ '2.27.1', '2.0.30' ],
16 silly audit   '@codemirror/autocomplete': [ '6.20.2' ],
16 silly audit   '@codemirror/commands': [ '6.10.3' ],
16 silly audit   '@codemirror/lang-javascript': [ '6.2.5' ],
16 silly audit   '@codemirror/language': [ '6.12.3' ],
16 silly audit   '@codemirror/lint': [ '6.9.6' ],
16 silly audit   '@codemirror/search': [ '6.7.0' ],
16 silly audit   '@codemirror/state': [ '6.6.0' ],
16 silly audit   '@codemirror/theme-one-dark': [ '6.1.3' ],
16 silly audit   '@codemirror/view': [ '6.43.0' ],
16 silly audit   '@csstools/color-helpers': [ '5.1.0', '6.0.2' ],
16 silly audit   '@csstools/css-calc': [ '2.1.4', '3.2.1' ],
16 silly audit   '@csstools/css-color-parser': [ '3.1.0', '4.1.1' ],
16 silly audit   '@csstools/css-parser-algorithms': [ '3.0.5', '4.0.0' ],
16 silly audit   '@csstools/css-tokenizer': [ '3.0.4', '4.0.0' ],
16 silly audit   '@date-fns/tz': [ '1.4.1' ],
16 silly audit   '@date-fns/utc': [ '2.1.1' ],
16 silly audit   '@dnd-kit/accessibility': [ '3.1.1' ],
16 silly audit   '@dnd-kit/core': [ '6.3.1' ],
16 silly audit   '@dnd-kit/modifiers': [ '6.0.1' ],
16 silly audit   '@dnd-kit/sortable': [ '7.0.2' ],
16 silly audit   '@dnd-kit/utilities': [ '3.2.2' ],
16 silly audit   '@emnapi/core': [ '1.10.0' ],
16 silly audit   '@emnapi/runtime': [ '1.10.0' ],
16 silly audit   '@emnapi/wasi-threads': [ '1.2.1' ],
16 silly audit   '@emotion/babel-plugin': [ '11.13.5' ],
16 silly audit   'convert-source-map': [ '1.9.0', '2.0.0' ],
16 silly audit   'source-map': [ '0.5.7', '0.6.1' ],
16 silly audit   stylis: [ '4.2.0', '4.3.6' ],
16 silly audit   '@emotion/cache': [ '11.14.0' ],
16 silly audit   '@emotion/hash': [ '0.9.2' ],
16 silly audit   '@emotion/is-prop-valid': [ '1.4.0' ],
16 silly audit   '@emotion/memoize': [ '0.9.0' ],
16 silly audit   '@emotion/react': [ '11.14.0' ],
16 silly audit   '@emotion/serialize': [ '1.3.3' ],
16 silly audit   '@emotion/sheet': [ '1.4.0' ],
16 silly audit   '@emotion/unitless': [ '0.10.0' ],
16 silly audit   '@emotion/use-insertion-effect-with-fallbacks': [ '1.2.0' ],
16 silly audit   '@emotion/utils': [ '1.4.2' ],
16 silly audit   '@emotion/weak-memoize': [ '0.4.0' ],
16 silly audit   '@esbuild/aix-ppc64': [ '0.25.6' ],
16 silly audit   '@esbuild/android-arm': [ '0.25.6' ],
16 silly audit   '@esbuild/android-arm64': [ '0.25.6' ],
16 silly audit   '@esbuild/android-x64': [ '0.25.6' ],
16 silly audit   '@esbuild/darwin-arm64': [ '0.25.6' ],
16 silly audit   '@esbuild/darwin-x64': [ '0.25.6' ],
16 silly audit   '@esbuild/freebsd-arm64': [ '0.25.6' ],
16 silly audit   '@esbuild/freebsd-x64': [ '0.25.6' ],
16 silly audit   '@esbuild/linux-arm': [ '0.25.6' ],
16 silly audit   '@esbuild/linux-arm64': [ '0.25.6' ],
16 silly audit   '@esbuild/linux-ia32': [ '0.25.6' ],
16 silly audit   '@esbuild/linux-loong64': [ '0.25.6' ],
16 silly audit   '@esbuild/linux-mips64el': [ '0.25.6' ],
16 silly audit   '@esbuild/linux-ppc64': [ '0.25.6' ],
16 silly audit   '@esbuild/linux-riscv64': [ '0.25.6' ],
16 silly audit   '@esbuild/linux-s390x': [ '0.25.6' ],
16 silly audit   '@esbuild/linux-x64': [ '0.25.6' ],
16 silly audit   '@esbuild/netbsd-arm64': [ '0.25.6' ],
16 silly audit   '@esbuild/netbsd-x64': [ '0.25.6' ],
16 silly audit   '@esbuild/openbsd-arm64': [ '0.25.6' ],
16 silly audit   '@esbuild/openbsd-x64': [ '0.25.6' ],
16 silly audit   '@esbuild/openharmony-arm64': [ '0.25.6' ],
16 silly audit   '@esbuild/sunos-x64': [ '0.25.6' ],
16 silly audit   '@esbuild/win32-arm64': [ '0.25.6' ],
16 silly audit   '@esbuild/win32-ia32': [ '0.25.6' ],
16 silly audit   '@esbuild/win32-x64': [ '0.25.6' ],
16 silly audit   '@eslint-community/eslint-utils': [ '4.9.1' ],
16 silly audit   '@eslint-community/regexpp': [ '4.12.2' ],
16 silly audit   '@eslint/eslintrc': [ '2.1.4' ],
16 silly audit   '@eslint/js': [ '8.57.1' ],
16 silly audit   '@exodus/bytes': [ '1.15.0' ],
16 silly audit   '@floating-ui/core': [ '1.7.5' ],
16 silly audit   '@floating-ui/dom': [ '1.7.6' ],
16 silly audit   '@floating-ui/react-dom': [ '2.1.8' ],
16 silly audit   '@floating-ui/utils': [ '0.2.11' ],
16 silly audit   '@hookform/resolvers': [ '3.10.0' ],
16 silly audit   '@humanwhocodes/config-array': [ '0.13.0' ],
16 silly audit   '@humanwhocodes/module-importer': [ '1.0.1' ],
16 silly audit   '@humanwhocodes/object-schema': [ '2.0.3' ],
16 silly audit   '@inquirer/ansi': [ '1.0.2' ],
16 silly audit   '@inquirer/checkbox': [ '4.3.2' ],
16 silly audit   '@inquirer/confirm': [ '5.1.21' ],
16 silly audit   '@inquirer/core': [ '10.3.2' ],
16 silly audit   'emoji-regex': [ '8.0.0', '10.6.0', '9.2.2' ],
16 silly audit   'string-width': [ '4.2.3', '7.2.0', '5.1.2' ],
16 silly audit   'wrap-ansi': [ '6.2.0', '7.0.0', '8.1.0' ],
16 silly audit   '@inquirer/editor': [ '4.2.23' ],
16 silly audit   '@inquirer/expand': [ '4.0.23' ],
16 silly audit   '@inquirer/external-editor': [ '1.0.3' ],
16 silly audit   '@inquirer/figures': [ '1.0.15' ],
16 silly audit   '@inquirer/input': [ '4.3.1' ],
16 silly audit   '@inquirer/number': [ '3.0.23' ],
16 silly audit   '@inquirer/password': [ '4.0.23' ],
16 silly audit   '@inquirer/prompts': [ '7.10.1' ],
16 silly audit   '@inquirer/rawlist': [ '4.1.11' ],
16 silly audit   '@inquirer/search': [ '3.2.2' ],
16 silly audit   '@inquirer/select': [ '4.4.2' ],
16 silly audit   '@inquirer/type': [ '3.0.10' ],
16 silly audit   '@isaacs/cliui': [ '8.0.2' ],
16 silly audit   'ansi-regex': [ '6.2.2', '5.0.1' ],
16 silly audit   'strip-ansi': [ '7.2.0', '6.0.1' ],
16 silly audit   '@isaacs/fs-minipass': [ '4.0.1' ],
16 silly audit   '@jridgewell/gen-mapping': [ '0.3.13' ],
16 silly audit   '@jridgewell/remapping': [ '2.3.5' ],
16 silly audit   '@jridgewell/resolve-uri': [ '3.1.2' ],
16 silly audit   '@jridgewell/sourcemap-codec': [ '1.5.5' ],
16 silly audit   '@jridgewell/trace-mapping': [ '0.3.31' ],
16 silly audit   '@juggle/resize-observer': [ '3.4.0' ],
16 silly audit   '@lezer/common': [ '1.5.2' ],
16 silly audit   '@lezer/highlight': [ '1.2.3' ],
16 silly audit   '@lezer/javascript': [ '1.5.4' ],
16 silly audit   '@lezer/lr': [ '1.4.10' ],
16 silly audit   '@marijn/find-cluster-break': [ '1.0.2' ],
16 silly audit   '@mux/mux-data-google-ima': [ '0.3.17' ],
16 silly audit   '@mux/mux-player': [ '3.13.0' ],
16 silly audit   '@mux/mux-player-react': [ '3.13.0' ],
16 silly audit   'player.style': [ '0.3.4', '0.1.10' ],
16 silly audit   '@mux/mux-video': [ '0.31.0' ],
16 silly audit   '@mux/playback-core': [ '0.35.0' ],
16 silly audit   '@napi-rs/wasm-runtime': [ '1.1.4' ],
16 silly audit   '@next/env': [ '14.2.29' ],
16 silly audit   '@next/eslint-plugin-next': [ '14.2.29' ],
16 silly audit   '@next/swc-darwin-arm64': [ '14.2.29' ],
16 silly audit   '@next/swc-darwin-x64': [ '14.2.29' ],
16 silly audit   '@next/swc-linux-arm64-gnu': [ '14.2.29' ],
16 silly audit   '@next/swc-linux-arm64-musl': [ '14.2.29' ],
16 silly audit   '@next/swc-linux-x64-gnu': [ '14.2.29' ],
16 silly audit   '@next/swc-linux-x64-musl': [ '14.2.29' ],
16 silly audit   '@next/swc-win32-arm64-msvc': [ '14.2.29' ],
16 silly audit   '@next/swc-win32-ia32-msvc': [ '14.2.29' ],
16 silly audit   '@next/swc-win32-x64-msvc': [ '14.2.29' ],
16 silly audit   '@nodelib/fs.scandir': [ '2.1.5' ],
16 silly audit   '@nodelib/fs.stat': [ '2.0.5' ],
16 silly audit   '@nodelib/fs.walk': [ '1.2.8' ],
16 silly audit   '@nolyfill/is-core-module': [ '1.0.39' ],
16 silly audit   '@oclif/core': [ '4.11.3' ],
16 silly audit   'balanced-match': [ '4.0.4', '1.0.2' ],
16 silly audit   'supports-color': [ '8.1.1', '5.5.0', '7.2.0' ],
16 silly audit   '@oclif/plugin-help': [ '6.2.49' ],
16 silly audit   '@octokit/auth-token': [ '6.0.0' ],
16 silly audit   '@octokit/core': [ '7.0.6' ],
16 silly audit   '@octokit/endpoint': [ '11.0.3' ],
16 silly audit   '@octokit/graphql': [ '9.0.3' ],
16 silly audit   '@octokit/openapi-types': [ '27.0.0' ],
16 silly audit   '@octokit/plugin-paginate-rest': [ '14.0.0' ],
16 silly audit   '@octokit/plugin-rest-endpoint-methods': [ '17.0.0' ],
16 silly audit   '@octokit/request': [ '10.0.9' ],
16 silly audit   '@octokit/request-error': [ '7.1.0' ],
16 silly audit   '@octokit/types': [ '16.0.0' ],
16 silly audit   '@pkgjs/parseargs': [ '0.11.0' ],
16 silly audit   '@portabletext/block-tools': [ '1.1.38' ],
16 silly audit   '@portabletext/editor': [ '1.58.1' ],
16 silly audit   'react-compiler-runtime': [ '19.1.0-rc.2', '1.0.0' ],
16 silly audit   'slate-react': [ '0.117.3' ],
16 silly audit   'use-effect-event': [ '1.0.2', '2.0.3' ],
16 silly audit   '@portabletext/keyboard-shortcuts': [ '1.1.0' ],
16 silly audit   '@portabletext/patches': [ '1.1.5' ],
16 silly audit   '@portabletext/react': [ '3.2.4' ],
16 silly audit   '@portabletext/to-html': [ '2.0.17' ],
16 silly audit   '@portabletext/toolkit': [ '2.0.18' ],
16 silly audit   '@portabletext/types': [ '2.0.15' ],
16 silly audit   '@react-email/render': [ '1.1.2' ],
16 silly audit   '@reduxjs/toolkit': [ '2.12.0' ],
16 silly audit   immer: [ '11.1.8', '10.2.0' ],
16 silly audit   '@rexxars/react-json-inspector': [ '9.0.1' ],
16 silly audit   '@rolldown/pluginutils': [ '1.0.0-beta.27' ],
16 silly audit   '@rollup/rollup-android-arm-eabi': [ '4.60.4' ],
16 silly audit   '@rollup/rollup-android-arm64': [ '4.60.4' ],
16 silly audit   '@rollup/rollup-darwin-arm64': [ '4.60.4' ],
16 silly audit   '@rollup/rollup-darwin-x64': [ '4.60.4' ],
16 silly audit   '@rollup/rollup-freebsd-arm64': [ '4.60.4' ],
16 silly audit   '@rollup/rollup-freebsd-x64': [ '4.60.4' ],
16 silly audit   '@rollup/rollup-linux-arm-gnueabihf': [ '4.60.4' ],
16 silly audit   '@rollup/rollup-linux-arm-musleabihf': [ '4.60.4' ],
16 silly audit   '@rollup/rollup-linux-arm64-gnu': [ '4.60.4' ],
16 silly audit   '@rollup/rollup-linux-arm64-musl': [ '4.60.4' ],
16 silly audit   '@rollup/rollup-linux-loong64-gnu': [ '4.60.4' ],
16 silly audit   '@rollup/rollup-linux-loong64-musl': [ '4.60.4' ],
16 silly audit   '@rollup/rollup-linux-ppc64-gnu': [ '4.60.4' ],
16 silly audit   '@rollup/rollup-linux-ppc64-musl': [ '4.60.4' ],
16 silly audit   '@rollup/rollup-linux-riscv64-gnu': [ '4.60.4' ],
16 silly audit   '@rollup/rollup-linux-riscv64-musl': [ '4.60.4' ],
16 silly audit   '@rollup/rollup-linux-s390x-gnu': [ '4.60.4' ],
16 silly audit   '@rollup/rollup-linux-x64-gnu': [ '4.60.4' ],
16 silly audit   '@rollup/rollup-linux-x64-musl': [ '4.60.4' ],
16 silly audit   '@rollup/rollup-openbsd-x64': [ '4.60.4' ],
16 silly audit   '@rollup/rollup-openharmony-arm64': [ '4.60.4' ],
16 silly audit   '@rollup/rollup-win32-arm64-msvc': [ '4.60.4' ],
16 silly audit   '@rollup/rollup-win32-ia32-msvc': [ '4.60.4' ],
16 silly audit   '@rollup/rollup-win32-x64-gnu': [ '4.60.4' ],
16 silly audit   '@rollup/rollup-win32-x64-msvc': [ '4.60.4' ],
16 silly audit   '@rtsao/scc': [ '1.1.0' ],
16 silly audit   '@rushstack/eslint-patch': [ '1.16.1' ],
16 silly audit   '@sanity/asset-utils': [ '2.3.0' ],
16 silly audit   '@sanity/bifur-client': [ '0.4.1' ],
16 silly audit   '@sanity/cli': [ '3.99.0' ],
16 silly audit   '@sanity/client': [ '7.22.0', '6.29.1' ],
16 silly audit   '@sanity/codegen': [ '3.99.0' ],
16 silly audit   'tsconfig-paths': [ '4.2.0', '3.15.0' ],
16 silly audit   '@sanity/color': [ '3.0.6' ],
16 silly audit   '@sanity/comlink': [ '3.1.1' ],
16 silly audit   uuid: [ '11.1.1', '8.3.2' ],
16 silly audit   '@sanity/descriptors': [ '1.3.0' ],
16 silly audit   '@sanity/diff': [ '3.99.0' ],
16 silly audit   '@sanity/diff-match-patch': [ '3.2.0' ],
16 silly audit   '@sanity/diff-patch': [ '5.0.0' ],
16 silly audit   '@sanity/eventsource': [ '5.0.2' ],
16 silly audit   '@sanity/export': [ '3.45.3' ],
16 silly audit   '@sanity/types': [ '3.68.3', '3.99.0' ],
16 silly audit   '@sanity/util': [ '3.68.3', '3.99.0' ],
16 silly audit   'path-scurry': [ '2.0.2', '1.11.1' ],
16 silly audit   rimraf: [ '6.1.3', '3.0.2', '5.0.10' ],
16 silly audit   '@sanity/generate-help-url': [ '3.0.1' ],
16 silly audit   '@sanity/icons': [ '3.7.4' ],
16 silly audit   '@sanity/id-utils': [ '1.0.0' ],
16 silly audit   '@sanity/image-url': [ '1.2.0' ],
16 silly audit   '@sanity/import': [ '3.38.3' ],
16 silly audit   'p-map': [ '1.2.0', '7.0.4' ],
16 silly audit   '@sanity/incompatible-plugin': [ '1.0.5' ],
16 silly audit   '@sanity/insert-menu': [ '1.1.13' ],
16 silly audit   '@sanity/logos': [ '2.2.2' ],
16 silly audit   '@sanity/media-library-types': [ '1.4.0' ],
16 silly audit   '@sanity/message-protocol': [ '0.13.3' ],
16 silly audit   '@sanity/migrate': [ '3.99.0' ],
16 silly audit   '@sanity/mutate': [ '0.12.6', '0.11.0-canary.4' ],
16 silly audit   nanoid: [ '3.3.12', '5.1.11' ],
16 silly audit   '@sanity/mutator': [ '3.99.0' ],
16 silly audit   '@sanity/next-loader': [ '1.7.5' ],
16 silly audit   '@sanity/presentation-comlink': [ '1.0.33' ],
16 silly audit   '@sanity/visual-editing-types': [ '1.1.8' ],
16 silly audit   '@sanity/preview-kit': [ '6.2.0' ],
16 silly audit   '@sanity/runtime-cli': [ '9.2.0' ],
16 silly audit   chalk: [ '5.6.2', '4.1.2', '2.4.2' ],
16 silly audit   'cli-cursor': [ '5.0.0', '3.1.0' ],
16 silly audit   eventsource: [ '4.1.0', '2.0.2' ],
16 silly audit   'find-up': [ '7.0.0', '3.0.0', '5.0.0', '4.1.0' ],
16 silly audit   'is-interactive': [ '2.0.0', '1.0.0' ],
16 silly audit   'is-unicode-supported': [ '2.1.0', '1.3.0', '0.1.0' ],
16 silly audit   'locate-path': [ '7.2.0', '3.0.0', '5.0.0', '6.0.0' ],
16 silly audit   'log-symbols': [ '6.0.0', '2.2.0', '4.1.0' ],
16 silly audit   onetime: [ '7.0.0', '5.1.2' ],
16 silly audit   ora: [ '8.2.0', '5.4.1' ],
16 silly audit   'p-limit': [ '4.0.0', '2.3.0', '3.1.0' ],
16 silly audit   'p-locate': [ '6.0.0', '3.0.0', '4.1.0', '5.0.0' ],
16 silly audit   'path-exists': [ '5.0.0', '3.0.0', '4.0.0' ],
16 silly audit   'restore-cursor': [ '5.1.0', '3.1.0' ],
16 silly audit   'yocto-queue': [ '1.2.2', '0.1.0' ],
16 silly audit   '@sanity/schema': [ '3.99.0' ],
16 silly audit   '@sanity/sdk': [ '0.0.0-alpha.25' ],
16 silly audit   '@sanity/telemetry': [ '0.8.1' ],
16 silly audit   '@sanity/template-validator': [ '2.4.6' ],
16 silly audit   '@sanity/ui': [ '2.16.22', '3.2.0' ],
16 silly audit   'date-fns': [ '4.2.1', '2.30.0' ],
16 silly audit   '@sanity/uuid': [ '3.0.2' ],
16 silly audit   '@sanity/vision': [ '3.99.0' ],
16 silly audit   '@rexxars/react-split-pane': [ '1.0.0' ],
16 silly audit   '@uiw/react-codemirror': [ '4.25.9' ],
16 silly audit   '@selderee/plugin-htmlparser2': [ '0.11.0' ],
16 silly audit   '@sentry-internal/browser-utils': [ '8.55.2' ],
16 silly audit   '@sentry-internal/feedback': [ '8.55.2' ],
16 silly audit   '@sentry-internal/replay': [ '8.55.2' ],
16 silly audit   '@sentry-internal/replay-canvas': [ '8.55.2' ],
16 silly audit   '@sentry/browser': [ '8.55.2' ],
16 silly audit   '@sentry/core': [ '8.55.2' ],
16 silly audit   '@sentry/react': [ '8.55.2' ],
16 silly audit   '@standard-schema/spec': [ '1.1.0' ],
16 silly audit   '@standard-schema/utils': [ '0.3.0' ],
16 silly audit   '@swc/counter': [ '0.1.3' ],
16 silly audit   '@swc/helpers': [ '0.5.5' ],
16 silly audit   '@tanem/react-nprogress': [ '5.0.63' ],
16 silly audit   '@tanstack/react-table': [ '8.21.3' ],
16 silly audit   '@tanstack/react-virtual': [ '3.13.24' ],
16 silly audit   '@tanstack/table-core': [ '8.21.3' ],
16 silly audit   '@tanstack/virtual-core': [ '3.14.0' ],
16 silly audit   '@tybys/wasm-util': [ '0.10.2' ],
16 silly audit   '@types/babel__core': [ '7.20.5' ],
16 silly audit   '@types/babel__generator': [ '7.27.0' ],
16 silly audit   '@types/babel__template': [ '7.4.4' ],
16 silly audit   '@types/babel__traverse': [ '7.28.0' ],
16 silly audit   '@types/estree': [ '1.0.8' ],
16 silly audit   '@types/event-source-polyfill': [ '1.0.5' ],
16 silly audit   '@types/eventsource': [ '1.1.15' ],
16 silly audit   '@types/hast': [ '2.3.10', '3.0.4' ],
16 silly audit   '@types/json5': [ '0.0.29' ],
16 silly audit   '@types/lodash': [ '4.17.24' ],
16 silly audit   '@types/lodash-es': [ '4.17.12' ],
16 silly audit   '@types/minimist': [ '1.2.5' ],
16 silly audit   '@types/node': [ '22.19.19' ],
16 silly audit   '@types/normalize-package-data': [ '2.4.4' ],
16 silly audit   '@types/parse-json': [ '4.0.2' ],
16 silly audit   '@types/prismjs': [ '1.26.6' ],
16 silly audit   '@types/prop-types': [ '15.7.15' ],
16 silly audit   '@types/react': [ '18.3.29' ],
16 silly audit   '@types/react-dom': [ '18.3.7' ],
16 silly audit   '@types/react-is': [ '19.2.0' ],
16 silly audit   '@types/react-transition-group': [ '4.4.12' ],
16 silly audit   '@types/shallow-equals': [ '1.0.3' ],
16 silly audit   '@types/speakingurl': [ '13.0.6' ],
16 silly audit   '@types/tar-stream': [ '3.1.4' ],
16 silly audit   '@types/trusted-types': [ '2.0.7' ],
16 silly audit   '@types/unist': [ '2.0.11', '3.0.3' ],
16 silly audit   '@types/use-sync-external-store': [ '1.5.0', '0.0.6' ],
16 silly audit   '@types/uuid': [ '8.3.4' ],
16 silly audit   '@types/which': [ '3.0.4' ],
16 silly audit   '@typescript-eslint/eslint-plugin': [ '8.59.4' ],
16 silly audit   ignore: [ '7.0.5', '5.3.2' ],
16 silly audit   '@typescript-eslint/parser': [ '8.59.4' ],
16 silly audit   '@typescript-eslint/project-service': [ '8.59.4' ],
16 silly audit   '@typescript-eslint/scope-manager': [ '8.59.4' ],
16 silly audit   '@typescript-eslint/tsconfig-utils': [ '8.59.4' ],
16 silly audit   '@typescript-eslint/type-utils': [ '8.59.4' ],
16 silly audit   '@typescript-eslint/types': [ '8.59.4' ],
16 silly audit   '@typescript-eslint/typescript-estree': [ '8.59.4' ],
16 silly audit   '@typescript-eslint/utils': [ '8.59.4' ],
16 silly audit   '@typescript-eslint/visitor-keys': [ '8.59.4' ],
16 silly audit   'eslint-visitor-keys': [ '5.0.1', '3.4.3' ],
16 silly audit   '@uiw/codemirror-extensions-basic-setup': [ '4.25.9' ],
16 silly audit   '@ungap/structured-clone': [ '1.3.1' ],
16 silly audit   '@unrs/resolver-binding-android-arm-eabi': [ '1.12.2' ],
16 silly audit   '@unrs/resolver-binding-android-arm64': [ '1.12.2' ],
16 silly audit   '@unrs/resolver-binding-darwin-arm64': [ '1.12.2' ],
16 silly audit   '@unrs/resolver-binding-darwin-x64': [ '1.12.2' ],
16 silly audit   '@unrs/resolver-binding-freebsd-x64': [ '1.12.2' ],
16 silly audit   '@unrs/resolver-binding-linux-arm-gnueabihf': [ '1.12.2' ],
16 silly audit   '@unrs/resolver-binding-linux-arm-musleabihf': [ '1.12.2' ],
16 silly audit   '@unrs/resolver-binding-linux-arm64-gnu': [ '1.12.2' ],
16 silly audit   '@unrs/resolver-binding-linux-arm64-musl': [ '1.12.2' ],
16 silly audit   '@unrs/resolver-binding-linux-loong64-gnu': [ '1.12.2' ],
16 silly audit   '@unrs/resolver-binding-linux-loong64-musl': [ '1.12.2' ],
16 silly audit   '@unrs/resolver-binding-linux-ppc64-gnu': [ '1.12.2' ],
16 silly audit   '@unrs/resolver-binding-linux-riscv64-gnu': [ '1.12.2' ],
16 silly audit   '@unrs/resolver-binding-linux-riscv64-musl': [ '1.12.2' ],
16 silly audit   '@unrs/resolver-binding-linux-s390x-gnu': [ '1.12.2' ],
16 silly audit   '@unrs/resolver-binding-linux-x64-gnu': [ '1.12.2' ],
16 silly audit   '@unrs/resolver-binding-linux-x64-musl': [ '1.12.2' ],
16 silly audit   '@unrs/resolver-binding-openharmony-arm64': [ '1.12.2' ],
16 silly audit   '@unrs/resolver-binding-wasm32-wasi': [ '1.12.2' ],
16 silly audit   '@unrs/resolver-binding-win32-arm64-msvc': [ '1.12.2' ],
16 silly audit   '@unrs/resolver-binding-win32-ia32-msvc': [ '1.12.2' ],
16 silly audit   '@unrs/resolver-binding-win32-x64-msvc': [ '1.12.2' ],
16 silly audit   '@vercel/edge': [ '1.3.1' ],
16 silly audit   '@vercel/stega': [ '0.1.2' ],
16 silly audit   '@vitejs/plugin-react': [ '4.7.0' ],
16 silly audit   '@xstate/react': [ '6.1.0' ],
16 silly audit   'abort-controller': [ '3.0.0' ],
16 silly audit   acorn: [ '8.16.0' ],
16 silly audit   'acorn-jsx': [ '5.3.2' ],
16 silly audit   'acorn-loose': [ '8.4.0' ],
16 silly audit   'adm-zip': [ '0.5.17' ],
16 silly audit   'agent-base': [ '7.1.4' ],
16 silly audit   ajv: [ '6.15.0' ],
16 silly audit   'ansi-escapes': [ '4.3.2' ],
16 silly audit   'type-fest': [ '0.21.3', '0.18.1', '0.8.1', '0.6.0', '0.20.2' ],
16 silly audit   'ansi-styles': [ '4.3.0', '3.2.1', '6.2.3' ],
16 silly audit   ansicolors: [ '0.3.2' ],
16 silly audit   ansis: [ '3.17.0' ],
16 silly audit   'any-promise': [ '1.3.0' ],
16 silly audit   anymatch: [ '3.1.3' ],
16 silly audit   archiver: [ '7.0.1' ],
16 silly audit   'archiver-utils': [ '5.0.2' ],
16 silly audit   arg: [ '5.0.2' ],
16 silly audit   argparse: [ '2.0.1', '1.0.10' ],
16 silly audit   'aria-query': [ '5.3.2' ],
16 silly audit   'array-buffer-byte-length': [ '1.0.2' ],
16 silly audit   'array-includes': [ '3.1.9' ],
16 silly audit   'array-treeify': [ '0.1.5' ],
16 silly audit   'array-union': [ '2.1.0' ],
16 silly audit   'array.prototype.findlast': [ '1.2.5' ],
16 silly audit   'array.prototype.findlastindex': [ '1.2.6' ],
16 silly audit   'array.prototype.flat': [ '1.3.3' ],
16 silly audit   'array.prototype.flatmap': [ '1.3.3' ],
16 silly audit   'array.prototype.tosorted': [ '1.1.4' ],
16 silly audit   'arraybuffer.prototype.slice': [ '1.0.4' ],
16 silly audit   arrify: [ '2.0.1', '1.0.1' ],
16 silly audit   'ast-types-flow': [ '0.0.8' ],
16 silly audit   async: [ '3.2.6' ],
16 silly audit   'async-function': [ '1.0.0' ],
16 silly audit   'async-mutex': [ '0.4.1' ],
16 silly audit   asynckit: [ '0.4.0' ],
16 silly audit   'attr-accept': [ '2.2.5' ],
16 silly audit   autoprefixer: [ '10.5.0' ],
16 silly audit   'available-typed-arrays': [ '1.0.7' ],
16 silly audit   aws4: [ '1.13.2' ],
16 silly audit   'axe-core': [ '4.11.4' ],
16 silly audit   'axobject-query': [ '4.1.0' ],
16 silly audit   'babel-plugin-macros': [ '3.1.0' ],
16 silly audit   'babel-plugin-polyfill-corejs2': [ '0.4.17' ],
16 silly audit   'babel-plugin-polyfill-corejs3': [ '0.14.2' ],
16 silly audit   'babel-plugin-polyfill-regenerator': [ '0.6.8' ],
16 silly audit   'bare-events': [ '2.8.3' ],
16 silly audit   'bare-fs': [ '4.7.1' ],
16 silly audit   'bare-os': [ '3.9.1' ],
16 silly audit   'bare-path': [ '3.0.0' ],
16 silly audit   'bare-stream': [ '2.13.1' ],
16 silly audit   'bare-url': [ '2.4.3' ],
16 silly audit   'base64-js': [ '1.5.1' ],
16 silly audit   'baseline-browser-mapping': [ '2.10.31' ],
16 silly audit   'before-after-hook': [ '4.0.0' ],
16 silly audit   'bidi-js': [ '1.0.3' ],
16 silly audit   'binary-extensions': [ '2.3.0' ],
16 silly audit   bl: [ '4.1.0', '1.2.3' ],
16 silly audit   'readable-stream': [ '3.6.2', '2.3.8', '1.1.14', '4.7.0' ],
16 silly audit   boolbase: [ '1.0.0' ],
16 silly audit   braces: [ '3.0.3' ],
16 silly audit   'browserify-zlib': [ '0.1.4' ],
16 silly audit   browserslist: [ '4.28.2' ],
16 silly audit   buffer: [ '5.7.1', '6.0.3' ],
16 silly audit   'buffer-alloc': [ '1.2.0' ],
16 silly audit   'buffer-alloc-unsafe': [ '1.1.0' ],
16 silly audit   'buffer-crc32': [ '1.0.0', '0.2.13' ],
16 silly audit   'buffer-fill': [ '1.0.0' ],
16 silly audit   'buffer-from': [ '1.1.2' ],
16 silly audit   builtins: [ '1.0.3' ],
16 silly audit   busboy: [ '1.6.0' ],
16 silly audit   'call-bind': [ '1.0.9' ],
16 silly audit   'call-bind-apply-helpers': [ '1.0.2' ],
16 silly audit   'call-bound': [ '1.0.4' ],
16 silly audit   callsites: [ '3.1.0' ],
16 silly audit   camelcase: [ '5.3.1' ],
16 silly audit   'camelcase-css': [ '2.0.1' ],
16 silly audit   'camelcase-keys': [ '6.2.2' ],
16 silly audit   'quick-lru': [ '4.0.1', '5.1.1' ],
16 silly audit   camelize: [ '1.0.1' ],
16 silly audit   'caniuse-lite': [ '1.0.30001793' ],
16 silly audit   cardinal: [ '2.1.1' ],
16 silly audit   'castable-video': [ '1.1.16' ],
16 silly audit   'ce-la-react': [ '0.3.2' ],
16 silly audit   'character-entities': [ '1.2.4', '2.0.2' ],
16 silly audit   'character-entities-legacy': [ '1.1.4', '3.0.0' ],
16 silly audit   'character-reference-invalid': [ '1.1.4', '2.0.1' ],
16 silly audit   chardet: [ '2.1.1' ],
16 silly audit   chokidar: [ '3.6.0' ],
16 silly audit   'glob-parent': [ '5.1.2', '6.0.2' ],
16 silly audit   chownr: [ '3.0.0', '1.1.4' ],
16 silly audit   classnames: [ '2.5.1' ],
16 silly audit   'clean-stack': [ '3.0.1' ],
16 silly audit   'cli-spinners': [ '2.9.2' ],
16 silly audit   'cli-width': [ '4.1.0' ],
16 silly audit   'client-only': [ '0.0.1' ],
16 silly audit   cliui: [ '8.0.1' ],
16 silly audit   clone: [ '1.0.4' ],
16 silly audit   'clone-deep': [ '4.0.1' ],
16 silly audit   clsx: [ '2.1.1' ],
16 silly audit   codemirror: [ '6.0.2' ],
16 silly audit   'color-convert': [ '2.0.1', '1.9.3' ],
16 silly audit   'color-name': [ '1.1.4', '1.1.3' ],
16 silly audit   color2k: [ '2.0.3' ],
16 silly audit   colord: [ '2.9.3' ],
16 silly audit   'combined-stream': [ '1.0.8' ],
16 silly audit   'comma-separated-tokens': [ '1.0.8', '2.0.3' ],
16 silly audit   commander: [ '2.20.3', '4.1.1' ],
16 silly audit   commondir: [ '1.0.1' ],
16 silly audit   'compress-commons': [ '6.0.2' ],
16 silly audit   'compute-scroll-into-view': [ '3.1.1' ],
16 silly audit   'concat-map': [ '0.0.1' ],
16 silly audit   'concat-stream': [ '2.0.0' ],
16 silly audit   configstore: [ '5.0.1' ],
16 silly audit   'make-dir': [ '3.1.0', '1.3.0', '2.1.0' ],
16 silly audit   'xdg-basedir': [ '4.0.0', '5.1.0' ],
16 silly audit   'console-table-printer': [ '2.15.0' ],
16 silly audit   'content-type': [ '2.0.0' ],
16 silly audit   'copy-to-clipboard': [ '3.3.3' ],
16 silly audit   'core-js-compat': [ '3.49.0' ],
16 silly audit   'core-util-is': [ '1.0.3' ],
16 silly audit   cosmiconfig: [ '7.1.0' ],
16 silly audit   yaml: [ '1.10.3', '2.9.0' ],
16 silly audit   'crc-32': [ '1.2.2' ],
16 silly audit   'crc32-stream': [ '6.0.0' ],
16 silly audit   crelt: [ '1.0.6' ],
16 silly audit   'cross-spawn': [ '7.0.6' ],
16 silly audit   'crypto-random-string': [ '2.0.0' ],
16 silly audit   'css-color-keywords': [ '1.0.0' ],
16 silly audit   'css-select': [ '5.2.2' ],
16 silly audit   'css-to-react-native': [ '3.2.0' ],
16 silly audit   'css-what': [ '6.2.2' ],
16 silly audit   cssesc: [ '3.0.0' ],
16 silly audit   cssstyle: [ '4.6.0', '6.2.0' ],
16 silly audit   'rrweb-cssom': [ '0.8.0', '0.6.0' ],
16 silly audit   csstype: [ '3.2.3' ],
16 silly audit   'custom-media-element': [ '1.4.6' ],
16 silly audit   cyclist: [ '1.0.2' ],
16 silly audit   'damerau-levenshtein': [ '1.0.8' ],
16 silly audit   'data-uri-to-buffer': [ '1.2.0' ],
16 silly audit   'data-urls': [ '5.0.0', '7.0.0' ],
16 silly audit   'data-view-buffer': [ '1.0.2' ],
16 silly audit   'data-view-byte-length': [ '1.0.2' ],
16 silly audit   'data-view-byte-offset': [ '1.0.1' ],
16 silly audit   dataloader: [ '2.2.3' ],
16 silly audit   debounce: [ '1.2.1' ],
16 silly audit   debug: [ '4.4.3', '3.2.7', '2.6.9' ],
16 silly audit   decamelize: [ '1.2.0' ],
16 silly audit   'decamelize-keys': [ '1.1.1' ],
16 silly audit   'map-obj': [ '1.0.1', '4.3.0' ],
16 silly audit   'decimal.js': [ '10.6.0' ],
16 silly audit   'decode-named-character-reference': [ '1.3.0' ],
16 silly audit   decompress: [ '4.2.1' ],
16 silly audit   'decompress-response': [ '7.0.0' ],
16 silly audit   'decompress-tar': [ '4.1.1' ],
16 silly audit   'is-stream': [ '1.1.0', '2.0.1' ],
16 silly audit   isarray: [ '1.0.0', '0.0.1', '2.0.5' ],
16 silly audit   'safe-buffer': [ '5.1.2', '5.2.1' ],
16 silly audit   string_decoder: [ '1.1.1', '0.10.31', '1.3.0' ],
16 silly audit   'tar-stream': [ '1.6.2', '2.2.0', '3.2.0' ],
16 silly audit   'decompress-tarbz2': [ '4.1.1' ],
16 silly audit   'file-type': [ '6.2.0', '3.9.0', '5.2.0' ],
16 silly audit   'decompress-targz': [ '4.1.1' ],
16 silly audit   'decompress-unzip': [ '4.0.1' ],
16 silly audit   pify: [ '3.0.0', '4.0.1', '2.3.0' ],
16 silly audit   deeks: [ '3.1.0' ],
16 silly audit   'deep-is': [ '0.1.4' ],
16 silly audit   deepmerge: [ '4.3.1' ],
16 silly audit   defaults: [ '1.0.4' ],
16 silly audit   'define-data-property': [ '1.1.4' ],
16 silly audit   'define-lazy-prop': [ '2.0.0' ],
16 silly audit   'define-properties': [ '1.2.1' ],
16 silly audit   'delayed-stream': [ '1.0.0' ],
16 silly audit   dequal: [ '2.0.3' ],
16 silly audit   'detect-node-es': [ '1.1.0' ],
16 silly audit   didyoumean: [ '1.2.2' ],
16 silly audit   'dir-glob': [ '3.0.1' ],
16 silly audit   direction: [ '1.0.4' ],
16 silly audit   dlv: [ '1.1.3' ],
16 silly audit   'doc-path': [ '4.1.1' ],
16 silly audit   doctrine: [ '3.0.0', '2.1.0' ],
16 silly audit   'dom-helpers': [ '5.2.1' ],
16 silly audit   'dom-serializer': [ '2.0.0' ],
16 silly audit   'dom-walk': [ '0.1.2' ],
16 silly audit   domelementtype: [ '2.3.0' ],
16 silly audit   domhandler: [ '5.0.3' ],
16 silly audit   dompurify: [ '3.4.5' ],
16 silly audit   domutils: [ '3.2.2' ],
16 silly audit   'dot-prop': [ '5.3.0' ],
16 silly audit   'dunder-proto': [ '1.0.1' ],
16 silly audit   duplexify: [ '4.1.3', '3.7.1' ],
16 silly audit   eastasianwidth: [ '0.2.0' ],
16 silly audit   ejs: [ '3.1.10' ],
16 silly audit   'electron-to-chromium': [ '1.5.359' ],
16 silly audit   'end-of-stream': [ '1.4.5' ],
16 silly audit   entities: [ '4.5.0', '8.0.0', '6.0.1' ],
16 silly audit   'error-ex': [ '1.3.4' ],
16 silly audit   'es-abstract': [ '1.24.2' ],
16 silly audit   'es-define-property': [ '1.0.1' ],
16 silly audit   'es-errors': [ '1.3.0' ],
16 silly audit   'es-iterator-helpers': [ '1.3.2' ],
16 silly audit   'es-object-atoms': [ '1.1.1' ],
16 silly audit   'es-set-tostringtag': [ '2.1.0' ],
16 silly audit   'es-shim-unscopables': [ '1.1.0' ],
16 silly audit   'es-to-primitive': [ '1.3.0' ],
16 silly audit   esbuild: [ '0.25.6' ],
16 silly audit   'esbuild-register': [ '3.6.0' ],
16 silly audit   escalade: [ '3.2.0' ],
16 silly audit   'escape-string-regexp': [ '4.0.0', '1.0.5' ],
16 silly audit   eslint: [ '8.57.1' ],
16 silly audit   'eslint-config-next': [ '14.2.29' ],
16 silly audit   'eslint-import-resolver-node': [ '0.3.10' ],
16 silly audit   'eslint-import-resolver-typescript': [ '3.10.1' ],
16 silly audit   'eslint-module-utils': [ '2.12.1' ],
16 silly audit   'eslint-plugin-import': [ '2.32.0' ],
16 silly audit   'eslint-plugin-jsx-a11y': [ '6.10.2' ],
16 silly audit   'eslint-plugin-react': [ '7.37.5' ],
16 silly audit   'eslint-plugin-react-hooks': [ '5.0.0-canary-7118f5dd7-20230705' ],
16 silly audit   'eslint-scope': [ '7.2.2' ],
16 silly audit   espree: [ '9.6.1' ],
16 silly audit   esprima: [ '4.0.1' ],
16 silly audit   esrecurse: [ '4.3.0' ],
16 silly audit   estraverse: [ '5.3.0' ],
16 silly audit   esutils: [ '2.0.3' ],
16 silly audit   'event-source-polyfill': [ '1.0.31' ],
16 silly audit   'event-target-shim': [ '5.0.1' ],
16 silly audit   events: [ '3.3.0' ],
16 silly audit   'events-universal': [ '1.0.1' ],
16 silly audit   'eventsource-parser': [ '3.0.8' ],
16 silly audit   execa: [ '2.1.0' ],
16 silly audit   'get-stream': [ '5.2.0', '2.3.1' ],
16 silly audit   'signal-exit': [ '3.0.7', '4.1.0' ],
16 silly audit   'exif-component': [ '1.0.1' ],
16 silly audit   extend: [ '3.0.2' ],
16 silly audit   'fast-content-type-parse': [ '3.0.0' ],
16 silly audit   'fast-deep-equal': [ '3.1.3', '2.0.1' ],
16 silly audit   'fast-fifo': [ '1.3.2' ],
16 silly audit   'fast-glob': [ '3.3.3' ],
16 silly audit   'fast-json-stable-stringify': [ '2.1.0' ],
16 silly audit   'fast-levenshtein': [ '2.0.6' ],
16 silly audit   fastq: [ '1.20.1' ],
16 silly audit   'fd-slicer': [ '1.1.0' ],
16 silly audit   'file-entry-cache': [ '6.0.1' ],
16 silly audit   'file-selector': [ '0.4.0' ],
16 silly audit   'file-uri-to-path': [ '1.0.0' ],
16 silly audit   'file-url': [ '2.0.2' ],
16 silly audit   filelist: [ '1.0.6' ],
16 silly audit   filesize: [ '9.0.11' ],
16 silly audit   'fill-range': [ '7.1.1' ],
16 silly audit   'find-cache-dir': [ '2.1.0' ],
16 silly audit   'pkg-dir': [ '3.0.0', '4.2.0', '5.0.0' ],
16 silly audit   'find-root': [ '1.1.0' ],
16 silly audit   'find-up-simple': [ '1.0.1' ],
16 silly audit   'find-yarn-workspace-root2': [ '1.2.16' ],
16 silly audit   'flat-cache': [ '3.2.0' ],
16 silly audit   flatted: [ '3.4.2' ],
16 silly audit   'flush-write-stream': [ '2.0.0' ],
16 silly audit   'focus-lock': [ '1.3.6' ],
16 silly audit   'for-each': [ '0.3.5' ],
16 silly audit   'foreground-child': [ '3.3.1' ],
16 silly audit   'form-data': [ '4.0.5' ],
16 silly audit   'mime-db': [ '1.52.0', '1.54.0' ],
16 silly audit   'mime-types': [ '2.1.35', '3.0.2' ],
16 silly audit   'fraction.js': [ '5.3.4' ],
16 silly audit   'framer-motion': [ '12.39.0' ],
16 silly audit   from2: [ '2.3.0' ],
16 silly audit   'fs-constants': [ '1.0.0' ],
16 silly audit   'fs.realpath': [ '1.0.0' ],
16 silly audit   fsevents: [ '2.3.3' ],
16 silly audit   ftp: [ '0.3.10' ],
16 silly audit   'function-bind': [ '1.1.2' ],
16 silly audit   'function.prototype.name': [ '1.1.8' ],
16 silly audit   'functions-have-names': [ '1.2.3' ],
16 silly audit   'generator-function': [ '2.0.1' ],
16 silly audit   gensync: [ '1.0.0-beta.2' ],
16 silly audit   'get-caller-file': [ '2.0.5' ],
16 silly audit   'get-east-asian-width': [ '1.6.0' ],
16 silly audit   'get-intrinsic': [ '1.3.0' ],
16 silly audit   'get-it': [ '8.7.2' ],
16 silly audit   'get-package-type': [ '0.1.0' ],
16 silly audit   'get-proto': [ '1.0.1' ],
16 silly audit   'get-random-values': [ '1.2.2' ],
16 silly audit   'get-random-values-esm': [ '1.0.2' ],
16 silly audit   'get-symbol-description': [ '1.1.0' ],
16 silly audit   'get-tsconfig': [ '4.14.0' ],
16 silly audit   'get-uri': [ '2.0.4' ],
16 silly audit   ms: [ '2.0.0', '2.1.3' ],
16 silly audit   global: [ '4.4.0' ],
16 silly audit   globals: [ '13.24.0' ],
16 silly audit   globalthis: [ '1.0.4' ],
16 silly audit   globby: [ '11.1.0' ],
16 silly audit   globrex: [ '0.1.2' ],
16 silly audit   gopd: [ '1.2.0' ],
16 silly audit   'graceful-fs': [ '4.2.11' ],
16 silly audit   graphemer: [ '1.4.0' ],
16 silly audit   groq: [ '3.99.0' ],
16 silly audit   'groq-js': [ '1.30.1' ],
16 silly audit   'gunzip-maybe': [ '1.4.2' ],
16 silly audit   through2: [ '2.0.5', '3.0.2', '4.0.2' ],
16 silly audit   'hard-rejection': [ '2.1.0' ],
16 silly audit   'has-bigints': [ '1.1.0' ],
16 silly audit   'has-flag': [ '4.0.0', '3.0.0' ],
16 silly audit   'has-property-descriptors': [ '1.0.2' ],
16 silly audit   'has-proto': [ '1.2.0' ],
16 silly audit   'has-symbols': [ '1.1.0' ],
16 silly audit   'has-tostringtag': [ '1.0.2' ],
16 silly audit   hasown: [ '2.0.3' ],
16 silly audit   'hast-util-parse-selector': [ '2.2.5', '4.0.0' ],
16 silly audit   hastscript: [ '6.0.0', '9.0.1' ],
16 silly audit   he: [ '1.2.0' ],
16 silly audit   history: [ '5.3.0' ],
16 silly audit   'hls.js': [ '1.6.16' ],
16 silly audit   'hoist-non-react-statics': [ '3.3.2' ],
16 silly audit   'react-is': [ '16.13.1', '19.2.6', '18.3.1' ],
16 silly audit   'hosted-git-info': [ '4.1.0', '2.8.9' ],
16 silly audit   hotscript: [ '1.0.13' ],
16 silly audit   'html-encoding-sniffer': [ '4.0.0', '6.0.0' ],
16 silly audit   'html-parse-stringify': [ '3.0.1' ],
16 silly audit   'html-to-text': [ '9.0.5' ],
16 silly audit   htmlparser2: [ '8.0.2' ],
16 silly audit   'http-proxy-agent': [ '7.0.2' ],
16 silly audit   'https-proxy-agent': [ '7.0.6' ],
16 silly audit   'humanize-list': [ '1.0.1' ],
16 silly audit   i18next: [ '23.16.8' ],
16 silly audit   'iconv-lite': [ '0.7.2', '0.6.3' ],
16 silly audit   ieee754: [ '1.2.1' ],
16 silly audit   'import-fresh': [ '3.3.1' ],
16 silly audit   imurmurhash: [ '0.1.4' ],
16 silly audit   'indent-string': [ '4.0.0' ],
16 silly audit   inflight: [ '1.0.6' ],
16 silly audit   inherits: [ '2.0.4' ],
16 silly audit   inquirer: [ '12.11.1' ],
16 silly audit   'internal-slot': [ '1.1.0' ],
16 silly audit   'is-alphabetical': [ '1.0.4', '2.0.1' ],
16 silly audit   'is-alphanumerical': [ '1.0.4', '2.0.1' ],
16 silly audit   'is-array-buffer': [ '3.0.5' ],
16 silly audit   'is-arrayish': [ '0.2.1' ],
16 silly audit   'is-async-function': [ '2.1.1' ],
16 silly audit   'is-bigint': [ '1.1.0' ],
16 silly audit   'is-binary-path': [ '2.1.0' ],
16 silly audit   'is-boolean-object': [ '1.2.2' ],
16 silly audit   'is-bun-module': [ '2.0.0' ],
16 silly audit   'is-callable': [ '1.2.7' ],
16 silly audit   'is-core-module': [ '2.16.2' ],
16 silly audit   'is-data-view': [ '1.0.2' ],
16 silly audit   'is-date-object': [ '1.1.0' ],
16 silly audit   'is-decimal': [ '1.0.4', '2.0.1' ],
16 silly audit   'is-deflate': [ '1.0.0' ],
16 silly audit   'is-docker': [ '2.2.1' ],
16 silly audit   'is-extglob': [ '2.1.1' ],
16 silly audit   'is-finalizationregistry': [ '1.1.1' ],
16 silly audit   'is-fullwidth-code-point': [ '3.0.0' ],
16 silly audit   'is-generator-function': [ '1.1.2' ],
16 silly audit   'is-glob': [ '4.0.3' ],
16 silly audit   'is-gzip': [ '1.0.0' ],
16 silly audit   'is-hexadecimal': [ '1.0.4', '2.0.1' ],
16 silly audit   'is-hotkey': [ '0.2.0' ],
16 silly audit   'is-hotkey-esm': [ '1.0.0' ],
16 silly audit   'is-map': [ '2.0.3' ],
16 silly audit   'is-natural-number': [ '4.0.1' ],
16 silly audit   'is-negative-zero': [ '2.0.3' ],
16 silly audit   'is-number': [ '7.0.0' ],
16 silly audit   'is-number-object': [ '1.1.1' ],
16 silly audit   'is-obj': [ '2.0.0' ],
16 silly audit   'is-path-inside': [ '3.0.3' ],
16 silly audit   'is-plain-obj': [ '1.1.0' ],
16 silly audit   'is-plain-object': [ '2.0.4', '5.0.0' ],
16 silly audit   'is-potential-custom-element-name': [ '1.0.1' ],
16 silly audit   'is-regex': [ '1.2.1' ],
16 silly audit   'is-retry-allowed': [ '2.2.0' ],
16 silly audit   'is-set': [ '2.0.3' ],
16 silly audit   'is-shared-array-buffer': [ '1.0.4' ],
16 silly audit   'is-string': [ '1.1.1' ],
16 silly audit   'is-symbol': [ '1.1.1' ],
16 silly audit   'is-tar': [ '1.0.0' ],
16 silly audit   'is-typed-array': [ '1.1.15' ],
16 silly audit   'is-typedarray': [ '1.0.0' ],
16 silly audit   'is-weakmap': [ '2.0.2' ],
16 silly audit   'is-weakref': [ '1.1.1' ],
16 silly audit   'is-weakset': [ '2.0.4' ],
16 silly audit   'is-wsl': [ '2.2.0' ],
16 silly audit   isexe: [ '2.0.0', '3.1.5' ],
16 silly audit   isobject: [ '3.0.1' ],
16 silly audit   'isomorphic-dompurify': [ '2.36.0' ],
16 silly audit   '@csstools/css-syntax-patches-for-csstree': [ '1.1.4' ],
16 silly audit   jsdom: [ '28.1.0', '23.2.0' ],
16 silly audit   parse5: [ '8.0.1', '7.3.0' ],
16 silly audit   'tough-cookie': [ '6.0.1', '4.1.4' ],
16 silly audit   tr46: [ '6.0.0', '5.1.1' ],
16 silly audit   undici: [ '7.25.0', '6.25.0' ],
16 silly audit   'webidl-conversions': [ '8.0.1', '7.0.0' ],
16 silly audit   'whatwg-mimetype': [ '5.0.0', '4.0.0' ],
16 silly audit   'whatwg-url': [ '16.0.1', '14.2.0' ],
16 silly audit   'iterator.prototype': [ '1.1.5' ],
16 silly audit   jake: [ '10.9.4' ],
16 silly audit   jiti: [ '2.7.0', '1.21.7' ],
16 silly audit   'js-tokens': [ '4.0.0' ],
16 silly audit   'js-yaml': [ '4.1.1', '3.14.2' ],
16 silly audit   'jsdom-global': [ '3.0.2' ],
16 silly audit   jsesc: [ '3.1.0' ],
16 silly audit   'json-2-csv': [ '5.5.10' ],
16 silly audit   'json-buffer': [ '3.0.1' ],
16 silly audit   'json-lexer': [ '1.2.0' ],
16 silly audit   'json-parse-even-better-errors': [ '2.3.1' ],
16 silly audit   'json-reduce': [ '3.0.0' ],
16 silly audit   'json-schema-traverse': [ '0.4.1' ],
16 silly audit   'json-stable-stringify-without-jsonify': [ '1.0.1' ],
16 silly audit   'json-stream-stringify': [ '2.0.4' ],
16 silly audit   'json-with-bigint': [ '3.5.8' ],
16 silly audit   json5: [ '2.2.3', '1.0.2' ],
16 silly audit   'jsx-ast-utils': [ '3.3.5' ],
16 silly audit   keyv: [ '4.5.4' ],
16 silly audit   'kind-of': [ '6.0.3' ],
16 silly audit   'lambda-runtimes': [ '2.0.5' ],
16 silly audit   'language-subtag-registry': [ '0.3.23' ],
16 silly audit   'language-tags': [ '1.0.9' ],
16 silly audit   lazystream: [ '1.0.1' ],
16 silly audit   leac: [ '0.6.0' ],
16 silly audit   leven: [ '3.1.0' ],
16 silly audit   levn: [ '0.4.1' ],
16 silly audit   lilconfig: [ '3.1.3' ],
16 silly audit   'lines-and-columns': [ '1.2.4' ],
16 silly audit   'load-yaml-file': [ '0.2.0' ],
16 silly audit   lodash: [ '4.18.1' ],
16 silly audit   'lodash-es': [ '4.18.1' ],
16 silly audit   'lodash.debounce': [ '4.0.8' ],
16 silly audit   'lodash.merge': [ '4.6.2' ],
16 silly audit   'lodash.startcase': [ '4.4.0' ],
16 silly audit   'loose-envify': [ '1.4.0' ],
16 silly audit   'lucide-react': [ '0.460.0' ],
16 silly audit   'math-intrinsics': [ '1.1.0' ],
16 silly audit   'md5-o-matic': [ '0.1.1' ],
16 silly audit   'media-chrome': [ '4.19.0', '4.11.1' ],
16 silly audit   'media-tracks': [ '0.3.5' ],
16 silly audit   'memoize-one': [ '6.0.0' ],
16 silly audit   mendoza: [ '3.0.8' ],
16 silly audit   meow: [ '9.0.0' ],
16 silly audit   'merge-stream': [ '2.0.0' ],
16 silly audit   merge2: [ '1.4.1' ],
16 silly audit   micromatch: [ '4.0.8' ],
16 silly audit   'mimic-fn': [ '2.1.0' ],
16 silly audit   'mimic-function': [ '5.0.1' ],
16 silly audit   'mimic-response': [ '3.1.0' ],
16 silly audit   'min-document': [ '2.19.2' ],
16 silly audit   'min-indent': [ '1.0.1' ],
16 silly audit   minimist: [ '1.2.8' ],
16 silly audit   'minimist-options': [ '4.1.0' ],
16 silly audit   minipass: [ '7.1.3' ],
16 silly audit   minizlib: [ '3.1.0' ],
16 silly audit   mississippi: [ '4.0.0' ],
16 silly audit   'mkdirp-classic': [ '0.5.3' ],
16 silly audit   'module-alias': [ '2.3.4' ],
16 silly audit   moment: [ '2.30.1' ],
16 silly audit   motion: [ '12.39.0' ],
16 silly audit   'motion-dom': [ '12.39.0' ],
16 silly audit   'motion-utils': [ '12.39.0' ],
16 silly audit   'mute-stream': [ '2.0.0' ],
16 silly audit   'mux-embed': [ '5.18.1' ],
16 silly audit   mz: [ '2.7.0' ],
16 silly audit   'nano-pubsub': [ '3.0.0' ],
16 silly audit   'napi-postinstall': [ '0.3.4' ],
16 silly audit   'natural-compare': [ '1.4.0' ],
16 silly audit   next: [ '14.2.29' ],
16 silly audit   'next-sanity': [ '9.12.3' ],
16 silly audit   '@sanity/preview-url-secret': [ '2.1.16' ],
16 silly audit   '@sanity/visual-editing': [ '2.15.4' ],
16 silly audit   '@sanity/visual-editing-csm': [ '2.0.26' ],
16 silly audit   postcss: [ '8.4.31', '8.5.15' ],
16 silly audit   'node-exports-info': [ '1.6.0' ],
16 silly audit   'node-html-parser': [ '6.1.13' ],
16 silly audit   'node-releases': [ '2.0.44' ],
16 silly audit   'normalize-package-data': [ '3.0.3', '2.5.0' ],
16 silly audit   'normalize-path': [ '3.0.0' ],
16 silly audit   'npm-run-path': [ '3.1.0' ],
16 silly audit   'nth-check': [ '2.1.1' ],
16 silly audit   'object-assign': [ '4.1.1' ],
16 silly audit   'object-hash': [ '3.0.0' ],
16 silly audit   'object-inspect': [ '1.13.4' ],
16 silly audit   'object-keys': [ '1.1.1' ],
16 silly audit   'object.assign': [ '4.1.7' ],
16 silly audit   'object.entries': [ '1.1.9' ],
16 silly audit   'object.fromentries': [ '2.0.8' ],
16 silly audit   'object.groupby': [ '1.0.3' ],
16 silly audit   'object.values': [ '1.2.1' ],
16 silly audit   'observable-callback': [ '1.0.3' ],
16 silly audit   once: [ '1.4.0' ],
16 silly audit   oneline: [ '1.0.4' ],
16 silly audit   open: [ '8.4.2' ],
16 silly audit   optionator: [ '0.9.4' ],
16 silly audit   'own-keys': [ '1.0.1' ],
16 silly audit   'p-finally': [ '2.0.1' ],
16 silly audit   'p-queue': [ '2.4.2' ],
16 silly audit   'p-try': [ '2.2.0' ],
16 silly audit   'package-json-from-dist': [ '1.0.1' ],
16 silly audit   pako: [ '0.2.9' ],
16 silly audit   'parallel-transform': [ '1.2.0' ],
16 silly audit   'parent-module': [ '1.0.1' ],
16 silly audit   'parse-entities': [ '2.0.0', '4.0.2' ],
16 silly audit   'parse-json': [ '5.2.0' ],
16 silly audit   'parse-ms': [ '2.1.0' ],
16 silly audit   parseley: [ '0.12.1' ],
16 silly audit   'path-is-absolute': [ '1.0.1' ],
16 silly audit   'path-key': [ '3.1.1' ],
16 silly audit   'path-parse': [ '1.0.7' ],
16 silly audit   'path-sort': [ '0.1.0' ],
16 silly audit   'path-to-regexp': [ '6.3.0' ],
16 silly audit   'path-type': [ '4.0.0' ],
16 silly audit   peberminta: [ '0.9.0' ],
16 silly audit   'peek-stream': [ '1.1.3' ],
16 silly audit   pend: [ '1.2.0' ],
16 silly audit   'performance-now': [ '2.1.0' ],
16 silly audit   picocolors: [ '1.1.1' ],
16 silly audit   picomatch: [ '2.3.2', '4.0.4' ],
16 silly audit   pinkie: [ '2.0.4' ],
16 silly audit   'pinkie-promise': [ '2.0.1' ],
16 silly audit   pirates: [ '4.0.7' ],
16 silly audit   pluralize: [ '8.0.0' ],
16 silly audit   'pluralize-esm': [ '9.0.5' ],
16 silly audit   polished: [ '4.3.1' ],
16 silly audit   'possible-typed-array-names': [ '1.1.0' ],
16 silly audit   'postcss-import': [ '15.1.0' ],
16 silly audit   'postcss-js': [ '4.1.0' ],
16 silly audit   'postcss-load-config': [ '6.0.1' ],
16 silly audit   'postcss-nested': [ '6.2.0' ],
16 silly audit   'postcss-selector-parser': [ '6.1.2' ],
16 silly audit   'postcss-value-parser': [ '4.2.0' ],
16 silly audit   'preferred-pm': [ '4.1.1' ],
16 silly audit   'prelude-ls': [ '1.2.1' ],
16 silly audit   prettier: [ '3.8.3' ],
16 silly audit   'pretty-ms': [ '7.0.1' ],
16 silly audit   prismjs: [ '1.27.0' ],
16 silly audit   process: [ '0.11.10' ],
16 silly audit   'process-nextick-args': [ '2.0.1' ],
16 silly audit   'prop-types': [ '15.8.1' ],
16 silly audit   'property-information': [ '5.6.0', '7.1.0' ],
16 silly audit   psl: [ '1.15.0' ],
16 silly audit   pump: [ '3.0.4', '2.0.1' ],
16 silly audit   pumpify: [ '1.5.1' ],
16 silly audit   punycode: [ '2.3.1' ],
16 silly audit   querystringify: [ '2.2.0' ],
16 silly audit   'queue-microtask': [ '1.2.3' ],
16 silly audit   raf: [ '3.4.1' ],
16 silly audit   react: [ '18.3.1' ],
16 silly audit   'react-clientside-effect': [ '1.2.8' ],
16 silly audit   'react-dom': [ '18.3.1' ],
16 silly audit   'react-dropzone': [ '11.7.1' ],
16 silly audit   'react-fast-compare': [ '3.2.2' ],
16 silly audit   'react-file-icon': [ '1.6.0' ],
16 silly audit   'react-focus-lock': [ '2.13.7' ],
16 silly audit   'react-hook-form': [ '7.76.0' ],
16 silly audit   'react-i18next': [ '14.0.2' ],
16 silly audit   'react-promise-suspense': [ '0.3.4' ],
16 silly audit   'react-redux': [ '9.3.0' ],
16 silly audit   'react-refractor': [ '2.2.0', '4.0.0' ],
16 silly audit   'react-refresh': [ '0.17.0' ],
16 silly audit   'react-rx': [ '4.2.2' ],
16 silly audit   'react-select': [ '5.10.2' ],
16 silly audit   'react-transition-group': [ '4.4.5' ],
16 silly audit   'react-virtuoso': [ '4.18.7' ],
16 silly audit   'read-cache': [ '1.0.0' ],
16 silly audit   'read-pkg': [ '5.2.0' ],
16 silly audit   'read-pkg-up': [ '7.0.1' ],
16 silly audit   'readdir-glob': [ '1.1.3' ],
16 silly audit   readdirp: [ '3.6.0' ],
16 silly audit   redent: [ '3.0.0' ],
16 silly audit   redeyed: [ '2.1.1' ],
16 silly audit   redux: [ '5.0.1' ],
16 silly audit   'redux-observable': [ '3.0.0-rc.2' ],
16 silly audit   'redux-thunk': [ '3.1.0' ],
16 silly audit   'reflect.getprototypeof': [ '1.0.10' ],
16 silly audit   refractor: [ '3.6.0', '5.0.0' ],
16 silly audit   regenerate: [ '1.4.2' ],
16 silly audit   'regenerate-unicode-properties': [ '10.2.2' ],
16 silly audit   'regexp.prototype.flags': [ '1.5.4' ],
16 silly audit   'regexpu-core': [ '6.4.0' ],
16 silly audit   regjsgen: [ '0.8.0' ],
16 silly audit   regjsparser: [ '0.13.1' ],
16 silly audit   'require-directory': [ '2.1.1' ],
16 silly audit   'require-from-string': [ '2.0.2' ],
16 silly audit   'requires-port': [ '1.0.0' ],
16 silly audit   reselect: [ '5.2.0' ],
16 silly audit   resend: [ '4.8.0' ],
16 silly audit   'resolve-from': [ '4.0.0', '5.0.0' ],
16 silly audit   'resolve-pkg-maps': [ '1.0.0' ],
16 silly audit   'resolve.exports': [ '2.0.3' ],
16 silly audit   reusify: [ '1.1.0' ],
16 silly audit   rollup: [ '4.60.4' ],
16 silly audit   'run-async': [ '4.0.6' ],
16 silly audit   'run-parallel': [ '1.2.0' ],
16 silly audit   'run-series': [ '1.1.9' ],
16 silly audit   'run-waterfall': [ '1.1.7' ],
16 silly audit   rxjs: [ '7.8.2' ],
16 silly audit   'rxjs-exhaustmap-with-trailing': [ '2.1.1' ],
16 silly audit   'rxjs-mergemap-array': [ '0.1.0' ],
16 silly audit   'safe-array-concat': [ '1.1.4' ],
16 silly audit   'safe-push-apply': [ '1.0.0' ],
16 silly audit   'safe-regex-test': [ '1.1.0' ],
16 silly audit   'safer-buffer': [ '2.1.2' ],
16 silly audit   sanity: [ '3.99.0' ],
16 silly audit   'sanity-plugin-media': [ '4.3.0' ],
16 silly audit   'space-separated-tokens': [ '2.0.2', '1.1.5' ],
16 silly audit   'unist-util-filter': [ '5.0.1', '2.0.3' ],
16 silly audit   'unist-util-is': [ '6.0.1', '4.1.0' ],
16 silly audit   'unist-util-visit-parents': [ '6.0.2', '3.1.1' ],
16 silly audit   which: [ '5.0.0', '2.0.2' ],
16 silly audit   saxes: [ '6.0.0' ],
16 silly audit   scheduler: [ '0.23.2' ],
16 silly audit   'scroll-into-view-if-needed': [ '3.1.0' ],
16 silly audit   scrollmirror: [ '1.2.4' ],
16 silly audit   'seek-bzip': [ '1.0.6' ],
16 silly audit   selderee: [ '0.11.0' ],
16 silly audit   'set-function-length': [ '1.2.2' ],
16 silly audit   'set-function-name': [ '2.0.2' ],
16 silly audit   'set-proto': [ '1.0.0' ],
16 silly audit   sha: [ '3.0.0' ],
16 silly audit   'sha256-uint8array': [ '0.10.7' ],
16 silly audit   'shallow-clone': [ '3.0.1' ],
16 silly audit   'shallow-equals': [ '1.0.0' ],
16 silly audit   'shebang-command': [ '2.0.0' ],
16 silly audit   'shebang-regex': [ '3.0.0' ],
16 silly audit   'side-channel': [ '1.1.0' ],
16 silly audit   'side-channel-list': [ '1.0.1' ],
16 silly audit   'side-channel-map': [ '1.0.1' ],
16 silly audit   'side-channel-weakmap': [ '1.0.2' ],
16 silly audit   'simple-wcswidth': [ '1.1.2' ],
16 silly audit   slash: [ '3.0.0' ],
16 silly audit   slate: [ '0.117.2' ],
16 silly audit   'slate-dom': [ '0.116.0' ],
16 silly audit   'source-map-js': [ '1.2.1' ],
16 silly audit   'source-map-support': [ '0.5.21' ],
16 silly audit   'spdx-correct': [ '3.2.0' ],
16 silly audit   'spdx-exceptions': [ '2.5.0' ],
16 silly audit   'spdx-expression-parse': [ '3.0.1' ],
16 silly audit   'spdx-license-ids': [ '3.0.23' ],
16 silly audit   speakingurl: [ '14.0.1' ],
16 silly audit   split2: [ '4.2.0' ],
16 silly audit   'sprintf-js': [ '1.0.3' ],
16 silly audit   'stable-hash': [ '0.0.5' ],
16 silly audit   'stdin-discarder': [ '0.2.2' ],
16 silly audit   'stop-iteration-iterator': [ '1.1.0' ],
16 silly audit   'stream-each': [ '1.2.3' ],
16 silly audit   'stream-shift': [ '1.0.3' ],
16 silly audit   streamsearch: [ '1.1.0' ],
16 silly audit   streamx: [ '2.25.0' ],
16 silly audit   'string.prototype.includes': [ '2.0.1' ],
16 silly audit   'string.prototype.matchall': [ '4.0.12' ],
16 silly audit   'string.prototype.repeat': [ '1.0.0' ],
16 silly audit   'string.prototype.trim': [ '1.2.10' ],
16 silly audit   'string.prototype.trimend': [ '1.0.9' ],
16 silly audit   'string.prototype.trimstart': [ '1.0.8' ],
16 silly audit   'strip-bom': [ '3.0.0' ],
16 silly audit   'strip-dirs': [ '2.1.0' ],
16 silly audit   'strip-final-newline': [ '2.0.0' ],
16 silly audit   'strip-indent': [ '3.0.0' ],
16 silly audit   'strip-json-comments': [ '3.1.1' ],
16 silly audit   'style-mod': [ '4.1.3' ],
16 silly audit   'styled-components': [ '6.4.2' ],
16 silly audit   'styled-jsx': [ '5.1.1' ],
16 silly audit   sucrase: [ '3.35.1' ],
16 silly audit   'supports-preserve-symlinks-flag': [ '1.0.0' ],
16 silly audit   'symbol-tree': [ '3.2.4' ],
16 silly audit   'symlink-or-copy': [ '1.3.1' ],
16 silly audit   tailwindcss: [ '3.4.19' ],
16 silly audit   tar: [ '7.5.15' ],
16 silly audit   'tar-fs': [ '2.1.4' ],
16 silly audit   b4a: [ '1.8.1' ],
16 silly audit   teex: [ '1.0.1' ],
16 silly audit   'text-decoder': [ '1.2.7' ],
16 silly audit   'text-table': [ '0.2.0' ],
16 silly audit   thenify: [ '3.3.1' ],
16 silly audit   'thenify-all': [ '1.6.0' ],
16 silly audit   through: [ '2.3.8' ],
16 silly audit   'tiny-invariant': [ '1.3.1' ],
16 silly audit   'tiny-warning': [ '1.0.3' ],
16 silly audit   tinyglobby: [ '0.2.16' ],
16 silly audit   fdir: [ '6.5.0' ],
16 silly audit   tldts: [ '7.0.30' ],
16 silly audit   'tldts-core': [ '7.0.30' ],
16 silly audit   'to-buffer': [ '1.2.2' ],
16 silly audit   'to-regex-range': [ '5.0.1' ],
16 silly audit   'toggle-selection': [ '1.0.6' ],
16 silly audit   'trim-newlines': [ '3.0.1' ],
16 silly audit   'ts-api-utils': [ '2.5.0' ],
16 silly audit   'ts-brand': [ '0.2.0' ],
16 silly audit   'ts-interface-checker': [ '0.1.13' ],
16 silly audit   tsconfck: [ '3.1.6' ],
16 silly audit   tslib: [ '2.8.1' ],
16 silly audit   tunnel: [ '0.0.6' ],
16 silly audit   'tunnel-agent': [ '0.6.0' ],
16 silly audit   'type-check': [ '0.4.0' ],
16 silly audit   'typed-array-buffer': [ '1.0.3' ],
16 silly audit   'typed-array-byte-length': [ '1.0.3' ],
16 silly audit   'typed-array-byte-offset': [ '1.0.4' ],
16 silly audit   'typed-array-length': [ '1.0.7' ],
16 silly audit   typedarray: [ '0.0.6' ],
16 silly audit   'typedarray-to-buffer': [ '3.1.5' ],
16 silly audit   'typeid-js': [ '0.3.0' ],
16 silly audit   typescript: [ '5.9.3' ],
16 silly audit   'unbox-primitive': [ '1.1.0' ],
16 silly audit   'unbzip2-stream': [ '1.4.3' ],
16 silly audit   'undici-types': [ '6.21.0' ],
16 silly audit   'unicode-canonical-property-names-ecmascript': [ '2.0.1' ],
16 silly audit   'unicode-match-property-ecmascript': [ '2.0.0' ],
16 silly audit   'unicode-match-property-value-ecmascript': [ '2.2.1' ],
16 silly audit   'unicode-property-aliases-ecmascript': [ '2.2.0' ],
16 silly audit   'unicorn-magic': [ '0.1.0' ],
16 silly audit   'unique-string': [ '2.0.0' ],
16 silly audit   'universal-user-agent': [ '7.0.3' ],
16 silly audit   universalify: [ '0.2.0' ],
16 silly audit   'unrs-resolver': [ '1.12.2' ],
16 silly audit   'update-browserslist-db': [ '1.2.3' ],
16 silly audit   'uri-js': [ '4.4.1' ],
16 silly audit   'url-parse': [ '1.5.10' ],
16 silly audit   'urlpattern-polyfill': [ '10.1.0' ],
16 silly audit   'use-callback-ref': [ '1.3.3' ],
16 silly audit   'use-device-pixel-ratio': [ '1.1.2' ],
16 silly audit   'use-hot-module-reload': [ '2.0.0' ],
16 silly audit   'use-isomorphic-layout-effect': [ '1.2.1' ],
16 silly audit   'use-sidecar': [ '1.1.3' ],
16 silly audit   'use-sync-external-store': [ '1.6.0' ],
16 silly audit   'util-deprecate': [ '1.0.2' ],
16 silly audit   uuidv7: [ '0.4.4' ],
16 silly audit   valibot: [ '1.4.0' ],
16 silly audit   'validate-npm-package-license': [ '3.0.4' ],
16 silly audit   'validate-npm-package-name': [ '3.0.0' ],
16 silly audit   vite: [ '6.4.2' ],
16 silly audit   'vite-tsconfig-paths': [ '5.1.4' ],
16 silly audit   'void-elements': [ '3.1.0' ],
16 silly audit   'w3c-keyname': [ '2.2.8' ],
16 silly audit   'w3c-xmlserializer': [ '5.0.0' ],
16 silly audit   wcwidth: [ '1.0.1' ],
16 silly audit   'whatwg-encoding': [ '3.1.1' ],
16 silly audit   'which-boxed-primitive': [ '1.1.1' ],
16 silly audit   'which-builtin-type': [ '1.2.1' ],
16 silly audit   'which-collection': [ '1.0.2' ],
16 silly audit   'which-pm': [ '3.0.1' ],
16 silly audit   'which-typed-array': [ '1.1.20' ],
16 silly audit   'widest-line': [ '3.1.0' ],
16 silly audit   'word-wrap': [ '1.2.5' ],
16 silly audit   wordwrap: [ '1.0.0' ],
16 silly audit   wrappy: [ '1.0.2' ],
16 silly audit   'write-file-atomic': [ '3.0.3' ],
16 silly audit   ws: [ '8.20.1' ],
16 silly audit   'xml-name-validator': [ '5.0.0' ],
16 silly audit   xmlchars: [ '2.2.0' ],
16 silly audit   xregexp: [ '2.0.0' ],
16 silly audit   xstate: [ '5.31.1' ],
16 silly audit   xtend: [ '4.0.2' ],
16 silly audit   y18n: [ '5.0.8' ],
16 silly audit   yargs: [ '17.7.2' ],
16 silly audit   'yargs-parser': [ '20.2.9', '21.1.1' ],
16 silly audit   yauzl: [ '2.10.0' ],
16 silly audit   'yoctocolors-cjs': [ '2.1.3' ],
16 silly audit   'zip-stream': [ '6.0.1' ],
16 silly audit   zod: [ '3.25.76' ],
16 silly audit   zustand: [ '5.0.13' ]
16 silly audit }
17 verbose reify failed optional dependency /Users/gillesakakpo/Projects/elite-atacora/site/node_modules/@unrs/resolver-binding-win32-x64-msvc
18 silly reify mark deleted [
18 silly reify   '/Users/gillesakakpo/Projects/elite-atacora/site/node_modules/@unrs/resolver-binding-win32-x64-msvc'
18 silly reify ]
19 verbose reify failed optional dependency /Users/gillesakakpo/Projects/elite-atacora/site/node_modules/@unrs/resolver-binding-win32-ia32-msvc
20 silly reify mark deleted [
20 silly reify   '/Users/gillesakakpo/Projects/elite-atacora/site/node_modules/@unrs/resolver-binding-win32-ia32-msvc'
20 silly reify ]
21 verbose reify failed optional dependency /Users/gillesakakpo/Projects/elite-atacora/site/node_modules/@unrs/resolver-binding-win32-arm64-msvc
22 silly reify mark deleted [
22 silly reify   '/Users/gillesakakpo/Projects/elite-atacora/site/node_modules/@unrs/resolver-binding-win32-arm64-msvc'
22 silly reify ]
23 verbose reify failed optional dependency /Users/gillesakakpo/Projects/elite-atacora/site/node_modules/@unrs/resolver-binding-wasm32-wasi
24 silly reify mark deleted [
24 silly reify   '/Users/gillesakakpo/Projects/elite-atacora/site/node_modules/@unrs/resolver-binding-wasm32-wasi'
24 silly reify ]
25 verbose reify failed optional dependency /Users/gillesakakpo/Projects/elite-atacora/site/node_modules/@emnapi/core
26 silly reify mark deleted [
26 silly reify   '/Users/gillesakakpo/Projects/elite-atacora/site/node_modules/@emnapi/core'
26 silly reify ]
27 verbose reify failed optional dependency /Users/gillesakakpo/Projects/elite-atacora/site/node_modules/@emnapi/runtime
28 silly reify mark deleted [
28 silly reify   '/Users/gillesakakpo/Projects/elite-atacora/site/node_modules/@emnapi/runtime'
28 silly reify ]
29 verbose reify failed optional dependency /Users/gillesakakpo/Projects/elite-atacora/site/node_modules/@napi-rs/wasm-runtime
30 silly reify mark deleted [
30 silly reify   '/Users/gillesakakpo/Projects/elite-atacora/site/node_modules/@napi-rs/wasm-runtime'
30 silly reify ]
31 verbose reify failed optional dependency /Users/gillesakakpo/Projects/elite-atacora/site/node_modules/@emnapi/wasi-threads
32 silly reify mark deleted [
32 silly reify   '/Users/gillesakakpo/Projects/elite-atacora/site/node_modules/@emnapi/wasi-threads'
32 silly reify ]
33 verbose reify failed optional dependency /Users/gillesakakpo/Projects/elite-atacora/site/node_modules/@tybys/wasm-util
34 silly reify mark deleted [
34 silly reify   '/Users/gillesakakpo/Projects/elite-atacora/site/node_modules/@tybys/wasm-util'
34 silly reify ]
35 verbose reify failed optional dependency /Users/gillesakakpo/Projects/elite-atacora/site/node_modules/@unrs/resolver-binding-openharmony-arm64
36 silly reify mark deleted [
36 silly reify   '/Users/gillesakakpo/Projects/elite-atacora/site/node_modules/@unrs/resolver-binding-openharmony-arm64'
36 silly reify ]
37 verbose reify failed optional dependency /Users/gillesakakpo/Projects/elite-atacora/site/node_modules/@unrs/resolver-binding-linux-x64-musl
38 silly reify mark deleted [
38 silly reify   '/Users/gillesakakpo/Projects/elite-atacora/site/node_modules/@unrs/resolver-binding-linux-x64-musl'
38 silly reify ]
39 verbose reify failed optional dependency /Users/gillesakakpo/Projects/elite-atacora/site/node_modules/@unrs/resolver-binding-linux-x64-gnu
40 silly reify mark deleted [
40 silly reify   '/Users/gillesakakpo/Projects/elite-atacora/site/node_modules/@unrs/resolver-binding-linux-x64-gnu'
40 silly reify ]
41 verbose reify failed optional dependency /Users/gillesakakpo/Projects/elite-atacora/site/node_modules/@unrs/resolver-binding-linux-s390x-gnu
42 silly reify mark deleted [
42 silly reify   '/Users/gillesakakpo/Projects/elite-atacora/site/node_modules/@unrs/resolver-binding-linux-s390x-gnu'
42 silly reify ]
43 verbose reify failed optional dependency /Users/gillesakakpo/Projects/elite-atacora/site/node_modules/@unrs/resolver-binding-linux-riscv64-musl
44 silly reify mark deleted [
44 silly reify   '/Users/gillesakakpo/Projects/elite-atacora/site/node_modules/@unrs/resolver-binding-linux-riscv64-musl'
44 silly reify ]
45 verbose reify failed optional dependency /Users/gillesakakpo/Projects/elite-atacora/site/node_modules/@unrs/resolver-binding-linux-riscv64-gnu
46 silly reify mark deleted [
46 silly reify   '/Users/gillesakakpo/Projects/elite-atacora/site/node_modules/@unrs/resolver-binding-linux-riscv64-gnu'
46 silly reify ]
47 verbose reify failed optional dependency /Users/gillesakakpo/Projects/elite-atacora/site/node_modules/@unrs/resolver-binding-linux-ppc64-gnu
48 silly reify mark deleted [
48 silly reify   '/Users/gillesakakpo/Projects/elite-atacora/site/node_modules/@unrs/resolver-binding-linux-ppc64-gnu'
48 silly reify ]
49 verbose reify failed optional dependency /Users/gillesakakpo/Projects/elite-atacora/site/node_modules/@unrs/resolver-binding-linux-loong64-musl
50 silly reify mark deleted [
50 silly reify   '/Users/gillesakakpo/Projects/elite-atacora/site/node_modules/@unrs/resolver-binding-linux-loong64-musl'
50 silly reify ]
51 verbose reify failed optional dependency /Users/gillesakakpo/Projects/elite-atacora/site/node_modules/@unrs/resolver-binding-linux-loong64-gnu
52 silly reify mark deleted [
52 silly reify   '/Users/gillesakakpo/Projects/elite-atacora/site/node_modules/@unrs/resolver-binding-linux-loong64-gnu'
52 silly reify ]
53 verbose reify failed optional dependency /Users/gillesakakpo/Projects/elite-atacora/site/node_modules/@unrs/resolver-binding-linux-arm64-musl
54 silly reify mark deleted [
54 silly reify   '/Users/gillesakakpo/Projects/elite-atacora/site/node_modules/@unrs/resolver-binding-linux-arm64-musl'
54 silly reify ]
55 verbose reify failed optional dependency /Users/gillesakakpo/Projects/elite-atacora/site/node_modules/@unrs/resolver-binding-linux-arm64-gnu
56 silly reify mark deleted [
56 silly reify   '/Users/gillesakakpo/Projects/elite-atacora/site/node_modules/@unrs/resolver-binding-linux-arm64-gnu'
56 silly reify ]
57 verbose reify failed optional dependency /Users/gillesakakpo/Projects/elite-atacora/site/node_modules/@unrs/resolver-binding-linux-arm-musleabihf
58 silly reify mark deleted [
58 silly reify   '/Users/gillesakakpo/Projects/elite-atacora/site/node_modules/@unrs/resolver-binding-linux-arm-musleabihf'
58 silly reify ]
59 verbose reify failed optional dependency /Users/gillesakakpo/Projects/elite-atacora/site/node_modules/@unrs/resolver-binding-linux-arm-gnueabihf
60 silly reify mark deleted [
60 silly reify   '/Users/gillesakakpo/Projects/elite-atacora/site/node_modules/@unrs/resolver-binding-linux-arm-gnueabihf'
60 silly reify ]
61 verbose reify failed optional dependency /Users/gillesakakpo/Projects/elite-atacora/site/node_modules/@unrs/resolver-binding-freebsd-x64
62 silly reify mark deleted [
62 silly reify   '/Users/gillesakakpo/Projects/elite-atacora/site/node_modules/@unrs/resolver-binding-freebsd-x64'
62 silly reify ]
63 verbose reify failed optional dependency /Users/gillesakakpo/Projects/elite-atacora/site/node_modules/@unrs/resolver-binding-darwin-x64
64 silly reify mark deleted [
64 silly reify   '/Users/gillesakakpo/Projects/elite-atacora/site/node_modules/@unrs/resolver-binding-darwin-x64'
64 silly reify ]
65 verbose reify failed optional dependency /Users/gillesakakpo/Projects/elite-atacora/site/node_modules/@unrs/resolver-binding-android-arm64
66 silly reify mark deleted [
66 silly reify   '/Users/gillesakakpo/Projects/elite-atacora/site/node_modules/@unrs/resolver-binding-android-arm64'
66 silly reify ]
67 verbose reify failed optional dependency /Users/gillesakakpo/Projects/elite-atacora/site/node_modules/@unrs/resolver-binding-android-arm-eabi
68 silly reify mark deleted [
68 silly reify   '/Users/gillesakakpo/Projects/elite-atacora/site/node_modules/@unrs/resolver-binding-android-arm-eabi'
68 silly reify ]
69 verbose reify failed optional dependency /Users/gillesakakpo/Projects/elite-atacora/site/node_modules/@rollup/rollup-win32-x64-msvc
70 silly reify mark deleted [
70 silly reify   '/Users/gillesakakpo/Projects/elite-atacora/site/node_modules/@rollup/rollup-win32-x64-msvc'
70 silly reify ]
71 verbose reify failed optional dependency /Users/gillesakakpo/Projects/elite-atacora/site/node_modules/@rollup/rollup-win32-x64-gnu
72 silly reify mark deleted [
72 silly reify   '/Users/gillesakakpo/Projects/elite-atacora/site/node_modules/@rollup/rollup-win32-x64-gnu'
72 silly reify ]
73 verbose reify failed optional dependency /Users/gillesakakpo/Projects/elite-atacora/site/node_modules/@rollup/rollup-win32-ia32-msvc
74 silly reify mark deleted [
74 silly reify   '/Users/gillesakakpo/Projects/elite-atacora/site/node_modules/@rollup/rollup-win32-ia32-msvc'
74 silly reify ]
75 verbose reify failed optional dependency /Users/gillesakakpo/Projects/elite-atacora/site/node_modules/@rollup/rollup-win32-arm64-msvc
76 silly reify mark deleted [
76 silly reify   '/Users/gillesakakpo/Projects/elite-atacora/site/node_modules/@rollup/rollup-win32-arm64-msvc'
76 silly reify ]
77 verbose reify failed optional dependency /Users/gillesakakpo/Projects/elite-atacora/site/node_modules/@rollup/rollup-openharmony-arm64
78 silly reify mark deleted [
78 silly reify   '/Users/gillesakakpo/Projects/elite-atacora/site/node_modules/@rollup/rollup-openharmony-arm64'
78 silly reify ]
79 verbose reify failed optional dependency /Users/gillesakakpo/Projects/elite-atacora/site/node_modules/@rollup/rollup-openbsd-x64
80 silly reify mark deleted [
80 silly reify   '/Users/gillesakakpo/Projects/elite-atacora/site/node_modules/@rollup/rollup-openbsd-x64'
80 silly reify ]
81 verbose reify failed optional dependency /Users/gillesakakpo/Projects/elite-atacora/site/node_modules/@rollup/rollup-linux-x64-musl
82 silly reify mark deleted [
82 silly reify   '/Users/gillesakakpo/Projects/elite-atacora/site/node_modules/@rollup/rollup-linux-x64-musl'
82 silly reify ]
83 verbose reify failed optional dependency /Users/gillesakakpo/Projects/elite-atacora/site/node_modules/@rollup/rollup-linux-x64-gnu
84 silly reify mark deleted [
84 silly reify   '/Users/gillesakakpo/Projects/elite-atacora/site/node_modules/@rollup/rollup-linux-x64-gnu'
84 silly reify ]
85 verbose reify failed optional dependency /Users/gillesakakpo/Projects/elite-atacora/site/node_modules/@rollup/rollup-linux-s390x-gnu
86 silly reify mark deleted [
86 silly reify   '/Users/gillesakakpo/Projects/elite-atacora/site/node_modules/@rollup/rollup-linux-s390x-gnu'
86 silly reify ]
87 verbose reify failed optional dependency /Users/gillesakakpo/Projects/elite-atacora/site/node_modules/@rollup/rollup-linux-riscv64-musl
88 silly reify mark deleted [
88 silly reify   '/Users/gillesakakpo/Projects/elite-atacora/site/node_modules/@rollup/rollup-linux-riscv64-musl'
88 silly reify ]
89 verbose reify failed optional dependency /Users/gillesakakpo/Projects/elite-atacora/site/node_modules/@rollup/rollup-linux-riscv64-gnu
90 silly reify mark deleted [
90 silly reify   '/Users/gillesakakpo/Projects/elite-atacora/site/node_modules/@rollup/rollup-linux-riscv64-gnu'
90 silly reify ]
91 verbose reify failed optional dependency /Users/gillesakakpo/Projects/elite-atacora/site/node_modules/@rollup/rollup-linux-ppc64-musl
92 silly reify mark deleted [
92 silly reify   '/Users/gillesakakpo/Projects/elite-atacora/site/node_modules/@rollup/rollup-linux-ppc64-musl'
92 silly reify ]
93 verbose reify failed optional dependency /Users/gillesakakpo/Projects/elite-atacora/site/node_modules/@rollup/rollup-linux-ppc64-gnu
94 silly reify mark deleted [
94 silly reify   '/Users/gillesakakpo/Projects/elite-atacora/site/node_modules/@rollup/rollup-linux-ppc64-gnu'
94 silly reify ]
95 verbose reify failed optional dependency /Users/gillesakakpo/Projects/elite-atacora/site/node_modules/@rollup/rollup-linux-loong64-musl
96 silly reify mark deleted [
96 silly reify   '/Users/gillesakakpo/Projects/elite-atacora/site/node_modules/@rollup/rollup-linux-loong64-musl'
96 silly reify ]
97 verbose reify failed optional dependency /Users/gillesakakpo/Projects/elite-atacora/site/node_modules/@rollup/rollup-linux-loong64-gnu
98 silly reify mark deleted [
98 silly reify   '/Users/gillesakakpo/Projects/elite-atacora/site/node_modules/@rollup/rollup-linux-loong64-gnu'
98 silly reify ]
99 verbose reify failed optional dependency /Users/gillesakakpo/Projects/elite-atacora/site/node_modules/@rollup/rollup-linux-arm64-musl
100 silly reify mark deleted [
100 silly reify   '/Users/gillesakakpo/Projects/elite-atacora/site/node_modules/@rollup/rollup-linux-arm64-musl'
100 silly reify ]
101 verbose reify failed optional dependency /Users/gillesakakpo/Projects/elite-atacora/site/node_modules/@rollup/rollup-linux-arm64-gnu
102 silly reify mark deleted [
102 silly reify   '/Users/gillesakakpo/Projects/elite-atacora/site/node_modules/@rollup/rollup-linux-arm64-gnu'
102 silly reify ]
103 verbose reify failed optional dependency /Users/gillesakakpo/Projects/elite-atacora/site/node_modules/@rollup/rollup-linux-arm-musleabihf
104 silly reify mark deleted [
104 silly reify   '/Users/gillesakakpo/Projects/elite-atacora/site/node_modules/@rollup/rollup-linux-arm-musleabihf'
104 silly reify ]
105 verbose reify failed optional dependency /Users/gillesakakpo/Projects/elite-atacora/site/node_modules/@rollup/rollup-linux-arm-gnueabihf
106 silly reify mark deleted [
106 silly reify   '/Users/gillesakakpo/Projects/elite-atacora/site/node_modules/@rollup/rollup-linux-arm-gnueabihf'
106 silly reify ]
107 verbose reify failed optional dependency /Users/gillesakakpo/Projects/elite-atacora/site/node_modules/@rollup/rollup-freebsd-x64
108 silly reify mark deleted [
108 silly reify   '/Users/gillesakakpo/Projects/elite-atacora/site/node_modules/@rollup/rollup-freebsd-x64'
108 silly reify ]
109 verbose reify failed optional dependency /Users/gillesakakpo/Projects/elite-atacora/site/node_modules/@rollup/rollup-freebsd-arm64
110 silly reify mark deleted [
110 silly reify   '/Users/gillesakakpo/Projects/elite-atacora/site/node_modules/@rollup/rollup-freebsd-arm64'
110 silly reify ]
111 verbose reify failed optional dependency /Users/gillesakakpo/Projects/elite-atacora/site/node_modules/@rollup/rollup-darwin-x64
112 silly reify mark deleted [
112 silly reify   '/Users/gillesakakpo/Projects/elite-atacora/site/node_modules/@rollup/rollup-darwin-x64'
112 silly reify ]
113 verbose reify failed optional dependency /Users/gillesakakpo/Projects/elite-atacora/site/node_modules/@rollup/rollup-android-arm64
114 silly reify mark deleted [
114 silly reify   '/Users/gillesakakpo/Projects/elite-atacora/site/node_modules/@rollup/rollup-android-arm64'
114 silly reify ]
115 verbose reify failed optional dependency /Users/gillesakakpo/Projects/elite-atacora/site/node_modules/@rollup/rollup-android-arm-eabi
116 silly reify mark deleted [
116 silly reify   '/Users/gillesakakpo/Projects/elite-atacora/site/node_modules/@rollup/rollup-android-arm-eabi'
116 silly reify ]
117 verbose reify failed optional dependency /Users/gillesakakpo/Projects/elite-atacora/site/node_modules/@next/swc-win32-x64-msvc
118 silly reify mark deleted [
118 silly reify   '/Users/gillesakakpo/Projects/elite-atacora/site/node_modules/@next/swc-win32-x64-msvc'
118 silly reify ]
119 verbose reify failed optional dependency /Users/gillesakakpo/Projects/elite-atacora/site/node_modules/@next/swc-win32-ia32-msvc
120 silly reify mark deleted [
120 silly reify   '/Users/gillesakakpo/Projects/elite-atacora/site/node_modules/@next/swc-win32-ia32-msvc'
120 silly reify ]
121 verbose reify failed optional dependency /Users/gillesakakpo/Projects/elite-atacora/site/node_modules/@next/swc-win32-arm64-msvc
122 silly reify mark deleted [
122 silly reify   '/Users/gillesakakpo/Projects/elite-atacora/site/node_modules/@next/swc-win32-arm64-msvc'
122 silly reify ]
123 verbose reify failed optional dependency /Users/gillesakakpo/Projects/elite-atacora/site/node_modules/@next/swc-linux-x64-musl
124 silly reify mark deleted [
124 silly reify   '/Users/gillesakakpo/Projects/elite-atacora/site/node_modules/@next/swc-linux-x64-musl'
124 silly reify ]
125 verbose reify failed optional dependency /Users/gillesakakpo/Projects/elite-atacora/site/node_modules/@next/swc-linux-x64-gnu
126 silly reify mark deleted [
126 silly reify   '/Users/gillesakakpo/Projects/elite-atacora/site/node_modules/@next/swc-linux-x64-gnu'
126 silly reify ]
127 verbose reify failed optional dependency /Users/gillesakakpo/Projects/elite-atacora/site/node_modules/@next/swc-linux-arm64-musl
128 silly reify mark deleted [
128 silly reify   '/Users/gillesakakpo/Projects/elite-atacora/site/node_modules/@next/swc-linux-arm64-musl'
128 silly reify ]
129 verbose reify failed optional dependency /Users/gillesakakpo/Projects/elite-atacora/site/node_modules/@next/swc-linux-arm64-gnu
130 silly reify mark deleted [
130 silly reify   '/Users/gillesakakpo/Projects/elite-atacora/site/node_modules/@next/swc-linux-arm64-gnu'
130 silly reify ]
131 verbose reify failed optional dependency /Users/gillesakakpo/Projects/elite-atacora/site/node_modules/@next/swc-darwin-x64
132 silly reify mark deleted [
132 silly reify   '/Users/gillesakakpo/Projects/elite-atacora/site/node_modules/@next/swc-darwin-x64'
132 silly reify ]
133 verbose reify failed optional dependency /Users/gillesakakpo/Projects/elite-atacora/site/node_modules/@esbuild/win32-x64
134 silly reify mark deleted [
134 silly reify   '/Users/gillesakakpo/Projects/elite-atacora/site/node_modules/@esbuild/win32-x64'
134 silly reify ]
135 verbose reify failed optional dependency /Users/gillesakakpo/Projects/elite-atacora/site/node_modules/@esbuild/win32-ia32
136 silly reify mark deleted [
136 silly reify   '/Users/gillesakakpo/Projects/elite-atacora/site/node_modules/@esbuild/win32-ia32'
136 silly reify ]
137 verbose reify failed optional dependency /Users/gillesakakpo/Projects/elite-atacora/site/node_modules/@esbuild/win32-arm64
138 silly reify mark deleted [
138 silly reify   '/Users/gillesakakpo/Projects/elite-atacora/site/node_modules/@esbuild/win32-arm64'
138 silly reify ]
139 verbose reify failed optional dependency /Users/gillesakakpo/Projects/elite-atacora/site/node_modules/@esbuild/sunos-x64
140 silly reify mark deleted [
140 silly reify   '/Users/gillesakakpo/Projects/elite-atacora/site/node_modules/@esbuild/sunos-x64'
140 silly reify ]
141 verbose reify failed optional dependency /Users/gillesakakpo/Projects/elite-atacora/site/node_modules/@esbuild/openharmony-arm64
142 silly reify mark deleted [
142 silly reify   '/Users/gillesakakpo/Projects/elite-atacora/site/node_modules/@esbuild/openharmony-arm64'
142 silly reify ]
143 verbose reify failed optional dependency /Users/gillesakakpo/Projects/elite-atacora/site/node_modules/@esbuild/openbsd-x64
144 silly reify mark deleted [
144 silly reify   '/Users/gillesakakpo/Projects/elite-atacora/site/node_modules/@esbuild/openbsd-x64'
144 silly reify ]
145 verbose reify failed optional dependency /Users/gillesakakpo/Projects/elite-atacora/site/node_modules/@esbuild/openbsd-arm64
146 silly reify mark deleted [
146 silly reify   '/Users/gillesakakpo/Projects/elite-atacora/site/node_modules/@esbuild/openbsd-arm64'
146 silly reify ]
147 verbose reify failed optional dependency /Users/gillesakakpo/Projects/elite-atacora/site/node_modules/@esbuild/netbsd-x64
148 silly reify mark deleted [
148 silly reify   '/Users/gillesakakpo/Projects/elite-atacora/site/node_modules/@esbuild/netbsd-x64'
148 silly reify ]
149 verbose reify failed optional dependency /Users/gillesakakpo/Projects/elite-atacora/site/node_modules/@esbuild/netbsd-arm64
150 silly reify mark deleted [
150 silly reify   '/Users/gillesakakpo/Projects/elite-atacora/site/node_modules/@esbuild/netbsd-arm64'
150 silly reify ]
151 verbose reify failed optional dependency /Users/gillesakakpo/Projects/elite-atacora/site/node_modules/@esbuild/linux-x64
152 silly reify mark deleted [
152 silly reify   '/Users/gillesakakpo/Projects/elite-atacora/site/node_modules/@esbuild/linux-x64'
152 silly reify ]
153 verbose reify failed optional dependency /Users/gillesakakpo/Projects/elite-atacora/site/node_modules/@esbuild/linux-s390x
154 silly reify mark deleted [
154 silly reify   '/Users/gillesakakpo/Projects/elite-atacora/site/node_modules/@esbuild/linux-s390x'
154 silly reify ]
155 verbose reify failed optional dependency /Users/gillesakakpo/Projects/elite-atacora/site/node_modules/@esbuild/linux-riscv64
156 silly reify mark deleted [
156 silly reify   '/Users/gillesakakpo/Projects/elite-atacora/site/node_modules/@esbuild/linux-riscv64'
156 silly reify ]
157 verbose reify failed optional dependency /Users/gillesakakpo/Projects/elite-atacora/site/node_modules/@esbuild/linux-ppc64
158 silly reify mark deleted [
158 silly reify   '/Users/gillesakakpo/Projects/elite-atacora/site/node_modules/@esbuild/linux-ppc64'
158 silly reify ]
159 verbose reify failed optional dependency /Users/gillesakakpo/Projects/elite-atacora/site/node_modules/@esbuild/linux-mips64el
160 silly reify mark deleted [
160 silly reify   '/Users/gillesakakpo/Projects/elite-atacora/site/node_modules/@esbuild/linux-mips64el'
160 silly reify ]
161 verbose reify failed optional dependency /Users/gillesakakpo/Projects/elite-atacora/site/node_modules/@esbuild/linux-loong64
162 silly reify mark deleted [
162 silly reify   '/Users/gillesakakpo/Projects/elite-atacora/site/node_modules/@esbuild/linux-loong64'
162 silly reify ]
163 verbose reify failed optional dependency /Users/gillesakakpo/Projects/elite-atacora/site/node_modules/@esbuild/linux-ia32
164 silly reify mark deleted [
164 silly reify   '/Users/gillesakakpo/Projects/elite-atacora/site/node_modules/@esbuild/linux-ia32'
164 silly reify ]
165 verbose reify failed optional dependency /Users/gillesakakpo/Projects/elite-atacora/site/node_modules/@esbuild/linux-arm64
166 silly reify mark deleted [
166 silly reify   '/Users/gillesakakpo/Projects/elite-atacora/site/node_modules/@esbuild/linux-arm64'
166 silly reify ]
167 verbose reify failed optional dependency /Users/gillesakakpo/Projects/elite-atacora/site/node_modules/@esbuild/linux-arm
168 silly reify mark deleted [
168 silly reify   '/Users/gillesakakpo/Projects/elite-atacora/site/node_modules/@esbuild/linux-arm'
168 silly reify ]
169 verbose reify failed optional dependency /Users/gillesakakpo/Projects/elite-atacora/site/node_modules/@esbuild/freebsd-x64
170 silly reify mark deleted [
170 silly reify   '/Users/gillesakakpo/Projects/elite-atacora/site/node_modules/@esbuild/freebsd-x64'
170 silly reify ]
171 verbose reify failed optional dependency /Users/gillesakakpo/Projects/elite-atacora/site/node_modules/@esbuild/freebsd-arm64
172 silly reify mark deleted [
172 silly reify   '/Users/gillesakakpo/Projects/elite-atacora/site/node_modules/@esbuild/freebsd-arm64'
172 silly reify ]
173 verbose reify failed optional dependency /Users/gillesakakpo/Projects/elite-atacora/site/node_modules/@esbuild/darwin-x64
174 silly reify mark deleted [
174 silly reify   '/Users/gillesakakpo/Projects/elite-atacora/site/node_modules/@esbuild/darwin-x64'
174 silly reify ]
175 verbose reify failed optional dependency /Users/gillesakakpo/Projects/elite-atacora/site/node_modules/@esbuild/android-x64
176 silly reify mark deleted [
176 silly reify   '/Users/gillesakakpo/Projects/elite-atacora/site/node_modules/@esbuild/android-x64'
176 silly reify ]
177 verbose reify failed optional dependency /Users/gillesakakpo/Projects/elite-atacora/site/node_modules/@esbuild/android-arm64
178 silly reify mark deleted [
178 silly reify   '/Users/gillesakakpo/Projects/elite-atacora/site/node_modules/@esbuild/android-arm64'
178 silly reify ]
179 verbose reify failed optional dependency /Users/gillesakakpo/Projects/elite-atacora/site/node_modules/@esbuild/android-arm
180 silly reify mark deleted [
180 silly reify   '/Users/gillesakakpo/Projects/elite-atacora/site/node_modules/@esbuild/android-arm'
180 silly reify ]
181 verbose reify failed optional dependency /Users/gillesakakpo/Projects/elite-atacora/site/node_modules/@esbuild/aix-ppc64
182 silly reify mark deleted [
182 silly reify   '/Users/gillesakakpo/Projects/elite-atacora/site/node_modules/@esbuild/aix-ppc64'
182 silly reify ]
183 silly tarball no local data for zod@https://registry.npmjs.org/zod/-/zod-3.25.76.tgz. Extracting by manifest.
184 silly tarball no local data for zustand@https://registry.npmjs.org/zustand/-/zustand-5.0.13.tgz. Extracting by manifest.
185 silly tarball no local data for yargs-parser@https://registry.npmjs.org/yargs-parser/-/yargs-parser-20.2.9.tgz. Extracting by manifest.
186 silly tarball no local data for yargs@https://registry.npmjs.org/yargs/-/yargs-17.7.2.tgz. Extracting by manifest.
187 silly tarball no local data for yauzl@https://registry.npmjs.org/yauzl/-/yauzl-2.10.0.tgz. Extracting by manifest.
188 silly tarball no local data for yocto-queue@https://registry.npmjs.org/yocto-queue/-/yocto-queue-0.1.0.tgz. Extracting by manifest.
189 silly tarball no local data for yoctocolors-cjs@https://registry.npmjs.org/yoctocolors-cjs/-/yoctocolors-cjs-2.1.3.tgz. Extracting by manifest.
190 silly tarball no local data for yaml@https://registry.npmjs.org/yaml/-/yaml-2.9.0.tgz. Extracting by manifest.
191 silly tarball no local data for xregexp@https://registry.npmjs.org/xregexp/-/xregexp-2.0.0.tgz. Extracting by manifest.
192 silly tarball no local data for xstate@https://registry.npmjs.org/xstate/-/xstate-5.31.1.tgz. Extracting by manifest.
193 silly tarball no local data for yallist@https://registry.npmjs.org/yallist/-/yallist-5.0.0.tgz. Extracting by manifest.
194 silly tarball no local data for xtend@https://registry.npmjs.org/xtend/-/xtend-4.0.2.tgz. Extracting by manifest.
195 silly tarball no local data for zip-stream@https://registry.npmjs.org/zip-stream/-/zip-stream-6.0.1.tgz. Extracting by manifest.
196 silly tarball no local data for xml-name-validator@https://registry.npmjs.org/xml-name-validator/-/xml-name-validator-5.0.0.tgz. Extracting by manifest.
197 silly tarball no local data for y18n@https://registry.npmjs.org/y18n/-/y18n-5.0.8.tgz. Extracting by manifest.
198 silly tarball no local data for xdg-basedir@https://registry.npmjs.org/xdg-basedir/-/xdg-basedir-5.1.0.tgz. Extracting by manifest.
199 silly tarball no local data for xmlchars@https://registry.npmjs.org/xmlchars/-/xmlchars-2.2.0.tgz. Extracting by manifest.
200 silly tarball no local data for write-file-atomic@https://registry.npmjs.org/write-file-atomic/-/write-file-atomic-3.0.3.tgz. Extracting by manifest.
201 silly tarball no local data for ws@https://registry.npmjs.org/ws/-/ws-8.20.1.tgz. Extracting by manifest.
202 silly tarball no local data for wrappy@https://registry.npmjs.org/wrappy/-/wrappy-1.0.2.tgz. Extracting by manifest.
203 silly tarball no local data for wordwrap@https://registry.npmjs.org/wordwrap/-/wordwrap-1.0.0.tgz. Extracting by manifest.
204 silly tarball no local data for wrap-ansi@https://registry.npmjs.org/wrap-ansi/-/wrap-ansi-8.1.0.tgz. Extracting by manifest.
205 silly tarball no local data for which-pm@https://registry.npmjs.org/which-pm/-/which-pm-3.0.1.tgz. Extracting by manifest.
206 silly tarball no local data for wrap-ansi-cjs@https://registry.npmjs.org/wrap-ansi/-/wrap-ansi-7.0.0.tgz. Extracting by manifest.
207 silly tarball no local data for which-builtin-type@https://registry.npmjs.org/which-builtin-type/-/which-builtin-type-1.2.1.tgz. Extracting by manifest.
208 silly tarball no local data for which-collection@https://registry.npmjs.org/which-collection/-/which-collection-1.0.2.tgz. Extracting by manifest.
209 silly tarball no local data for which-boxed-primitive@https://registry.npmjs.org/which-boxed-primitive/-/which-boxed-primitive-1.1.1.tgz. Extracting by manifest.
210 silly tarball no local data for word-wrap@https://registry.npmjs.org/word-wrap/-/word-wrap-1.2.5.tgz. Extracting by manifest.
211 silly tarball no local data for widest-line@https://registry.npmjs.org/widest-line/-/widest-line-3.1.0.tgz. Extracting by manifest.
212 silly tarball no local data for which-typed-array@https://registry.npmjs.org/which-typed-array/-/which-typed-array-1.1.20.tgz. Extracting by manifest.
213 silly tarball no local data for which@https://registry.npmjs.org/which/-/which-2.0.2.tgz. Extracting by manifest.
214 silly tarball no local data for whatwg-url@https://registry.npmjs.org/whatwg-url/-/whatwg-url-14.2.0.tgz. Extracting by manifest.
215 silly tarball no local data for w3c-xmlserializer@https://registry.npmjs.org/w3c-xmlserializer/-/w3c-xmlserializer-5.0.0.tgz. Extracting by manifest.
216 silly tarball no local data for wcwidth@https://registry.npmjs.org/wcwidth/-/wcwidth-1.0.1.tgz. Extracting by manifest.
217 silly tarball no local data for whatwg-mimetype@https://registry.npmjs.org/whatwg-mimetype/-/whatwg-mimetype-4.0.0.tgz. Extracting by manifest.
218 silly tarball no local data for webidl-conversions@https://registry.npmjs.org/webidl-conversions/-/webidl-conversions-7.0.0.tgz. Extracting by manifest.
219 silly tarball no local data for void-elements@https://registry.npmjs.org/void-elements/-/void-elements-3.1.0.tgz. Extracting by manifest.
220 silly tarball no local data for w3c-keyname@https://registry.npmjs.org/w3c-keyname/-/w3c-keyname-2.2.8.tgz. Extracting by manifest.
221 silly tarball no local data for vite@https://registry.npmjs.org/vite/-/vite-6.4.2.tgz. Extracting by manifest.
222 silly tarball no local data for validate-npm-package-license@https://registry.npmjs.org/validate-npm-package-license/-/validate-npm-package-license-3.0.4.tgz. Extracting by manifest.
223 silly tarball no local data for validate-npm-package-name@https://registry.npmjs.org/validate-npm-package-name/-/validate-npm-package-name-3.0.0.tgz. Extracting by manifest.
224 silly tarball no local data for valibot@https://registry.npmjs.org/valibot/-/valibot-1.4.0.tgz. Extracting by manifest.
225 silly tarball no local data for vite-tsconfig-paths@https://registry.npmjs.org/vite-tsconfig-paths/-/vite-tsconfig-paths-5.1.4.tgz. Extracting by manifest.
226 silly tarball no local data for uuidv7@https://registry.npmjs.org/uuidv7/-/uuidv7-0.4.4.tgz. Extracting by manifest.
227 silly tarball no local data for uuid@https://registry.npmjs.org/uuid/-/uuid-8.3.2.tgz. Extracting by manifest.
228 silly tarball no local data for whatwg-encoding@https://registry.npmjs.org/whatwg-encoding/-/whatwg-encoding-3.1.1.tgz. Extracting by manifest.
229 silly tarball no local data for use-hot-module-reload@https://registry.npmjs.org/use-hot-module-reload/-/use-hot-module-reload-2.0.0.tgz. Extracting by manifest.
230 silly tarball no local data for util-deprecate@https://registry.npmjs.org/util-deprecate/-/util-deprecate-1.0.2.tgz. Extracting by manifest.
231 silly tarball no local data for urlpattern-polyfill@https://registry.npmjs.org/urlpattern-polyfill/-/urlpattern-polyfill-10.1.0.tgz. Extracting by manifest.
232 silly tarball no local data for use-sidecar@https://registry.npmjs.org/use-sidecar/-/use-sidecar-1.1.3.tgz. Extracting by manifest.
233 silly tarball no local data for use-isomorphic-layout-effect@https://registry.npmjs.org/use-isomorphic-layout-effect/-/use-isomorphic-layout-effect-1.2.1.tgz. Extracting by manifest.
234 silly tarball no local data for use-sync-external-store@https://registry.npmjs.org/use-sync-external-store/-/use-sync-external-store-1.6.0.tgz. Extracting by manifest.
235 silly tarball no local data for use-callback-ref@https://registry.npmjs.org/use-callback-ref/-/use-callback-ref-1.3.3.tgz. Extracting by manifest.
236 silly tarball no local data for url-parse@https://registry.npmjs.org/url-parse/-/url-parse-1.5.10.tgz. Extracting by manifest.
237 silly tarball no local data for update-browserslist-db@https://registry.npmjs.org/update-browserslist-db/-/update-browserslist-db-1.2.3.tgz. Extracting by manifest.
238 silly tarball no local data for uri-js@https://registry.npmjs.org/uri-js/-/uri-js-4.4.1.tgz. Extracting by manifest.
239 silly tarball no local data for unrs-resolver@https://registry.npmjs.org/unrs-resolver/-/unrs-resolver-1.12.2.tgz. Extracting by manifest.
240 silly tarball no local data for use-effect-event@https://registry.npmjs.org/use-effect-event/-/use-effect-event-2.0.3.tgz. Extracting by manifest.
241 silly tarball no local data for universalify@https://registry.npmjs.org/universalify/-/universalify-0.2.0.tgz. Extracting by manifest.
242 silly tarball no local data for use-device-pixel-ratio@https://registry.npmjs.org/use-device-pixel-ratio/-/use-device-pixel-ratio-1.1.2.tgz. Extracting by manifest.
243 silly tarball no local data for universal-user-agent@https://registry.npmjs.org/universal-user-agent/-/universal-user-agent-7.0.3.tgz. Extracting by manifest.
244 silly tarball no local data for unist-util-filter@https://registry.npmjs.org/unist-util-filter/-/unist-util-filter-2.0.3.tgz. Extracting by manifest.
245 silly tarball no local data for unist-util-is@https://registry.npmjs.org/unist-util-is/-/unist-util-is-4.1.0.tgz. Extracting by manifest.
246 silly tarball no local data for unicode-property-aliases-ecmascript@https://registry.npmjs.org/unicode-property-aliases-ecmascript/-/unicode-property-aliases-ecmascript-2.2.0.tgz. Extracting by manifest.
247 silly tarball no local data for unist-util-visit-parents@https://registry.npmjs.org/unist-util-visit-parents/-/unist-util-visit-parents-3.1.1.tgz. Extracting by manifest.
248 silly tarball no local data for unique-string@https://registry.npmjs.org/unique-string/-/unique-string-2.0.0.tgz. Extracting by manifest.
249 silly tarball no local data for unicorn-magic@https://registry.npmjs.org/unicorn-magic/-/unicorn-magic-0.1.0.tgz. Extracting by manifest.
250 silly tarball no local data for undici-types@https://registry.npmjs.org/undici-types/-/undici-types-6.21.0.tgz. Extracting by manifest.
251 silly tarball no local data for unicode-match-property-ecmascript@https://registry.npmjs.org/unicode-match-property-ecmascript/-/unicode-match-property-ecmascript-2.0.0.tgz. Extracting by manifest.
252 silly tarball no local data for unbzip2-stream@https://registry.npmjs.org/unbzip2-stream/-/unbzip2-stream-1.4.3.tgz. Extracting by manifest.
253 silly tarball no local data for unicode-match-property-value-ecmascript@https://registry.npmjs.org/unicode-match-property-value-ecmascript/-/unicode-match-property-value-ecmascript-2.2.1.tgz. Extracting by manifest.
254 silly tarball no local data for unbox-primitive@https://registry.npmjs.org/unbox-primitive/-/unbox-primitive-1.1.0.tgz. Extracting by manifest.
255 silly tarball no local data for undici@https://registry.npmjs.org/undici/-/undici-6.25.0.tgz. Extracting by manifest.
256 silly tarball no local data for typeid-js@https://registry.npmjs.org/typeid-js/-/typeid-js-0.3.0.tgz. Extracting by manifest.
257 silly tarball no local data for typescript@https://registry.npmjs.org/typescript/-/typescript-5.9.3.tgz. Extracting by manifest.
258 silly tarball no local data for typed-array-byte-length@https://registry.npmjs.org/typed-array-byte-length/-/typed-array-byte-length-1.0.3.tgz. Extracting by manifest.
259 silly tarball no local data for typedarray-to-buffer@https://registry.npmjs.org/typedarray-to-buffer/-/typedarray-to-buffer-3.1.5.tgz. Extracting by manifest.
260 silly tarball no local data for typedarray@https://registry.npmjs.org/typedarray/-/typedarray-0.0.6.tgz. Extracting by manifest.
261 silly tarball no local data for typed-array-byte-offset@https://registry.npmjs.org/typed-array-byte-offset/-/typed-array-byte-offset-1.0.4.tgz. Extracting by manifest.
262 silly tarball no local data for type-fest@https://registry.npmjs.org/type-fest/-/type-fest-0.20.2.tgz. Extracting by manifest.
263 silly tarball no local data for typed-array-length@https://registry.npmjs.org/typed-array-length/-/typed-array-length-1.0.7.tgz. Extracting by manifest.
264 silly tarball no local data for typed-array-buffer@https://registry.npmjs.org/typed-array-buffer/-/typed-array-buffer-1.0.3.tgz. Extracting by manifest.
265 silly tarball no local data for tunnel-agent@https://registry.npmjs.org/tunnel-agent/-/tunnel-agent-0.6.0.tgz. Extracting by manifest.
266 silly tarball no local data for unicode-canonical-property-names-ecmascript@https://registry.npmjs.org/unicode-canonical-property-names-ecmascript/-/unicode-canonical-property-names-ecmascript-2.0.1.tgz. Extracting by manifest.
267 silly tarball no local data for type-check@https://registry.npmjs.org/type-check/-/type-check-0.4.0.tgz. Extracting by manifest.
268 silly tarball no local data for tunnel@https://registry.npmjs.org/tunnel/-/tunnel-0.0.6.tgz. Extracting by manifest.
269 silly tarball no local data for tslib@https://registry.npmjs.org/tslib/-/tslib-2.8.1.tgz. Extracting by manifest.
270 silly tarball no local data for ts-brand@https://registry.npmjs.org/ts-brand/-/ts-brand-0.2.0.tgz. Extracting by manifest.
271 silly tarball no local data for tsconfig-paths@https://registry.npmjs.org/tsconfig-paths/-/tsconfig-paths-3.15.0.tgz. Extracting by manifest.
272 silly tarball no local data for tsconfck@https://registry.npmjs.org/tsconfck/-/tsconfck-3.1.6.tgz. Extracting by manifest.
273 silly tarball no local data for ts-api-utils@https://registry.npmjs.org/ts-api-utils/-/ts-api-utils-2.5.0.tgz. Extracting by manifest.
274 silly tarball no local data for trim-newlines@https://registry.npmjs.org/trim-newlines/-/trim-newlines-3.0.1.tgz. Extracting by manifest.
275 silly tarball no local data for tough-cookie@https://registry.npmjs.org/tough-cookie/-/tough-cookie-4.1.4.tgz. Extracting by manifest.
276 silly tarball no local data for tr46@https://registry.npmjs.org/tr46/-/tr46-5.1.1.tgz. Extracting by manifest.
277 silly tarball no local data for to-regex-range@https://registry.npmjs.org/to-regex-range/-/to-regex-range-5.0.1.tgz. Extracting by manifest.
278 silly tarball no local data for toggle-selection@https://registry.npmjs.org/toggle-selection/-/toggle-selection-1.0.6.tgz. Extracting by manifest.
279 silly tarball no local data for to-buffer@https://registry.npmjs.org/to-buffer/-/to-buffer-1.2.2.tgz. Extracting by manifest.
280 silly tarball no local data for tinyglobby@https://registry.npmjs.org/tinyglobby/-/tinyglobby-0.2.16.tgz. Extracting by manifest.
281 silly tarball no local data for tldts-core@https://registry.npmjs.org/tldts-core/-/tldts-core-7.0.30.tgz. Extracting by manifest.
282 silly tarball no local data for tiny-warning@https://registry.npmjs.org/tiny-warning/-/tiny-warning-1.0.3.tgz. Extracting by manifest.
283 silly tarball no local data for tiny-invariant@https://registry.npmjs.org/tiny-invariant/-/tiny-invariant-1.3.1.tgz. Extracting by manifest.
284 silly tarball no local data for thenify@https://registry.npmjs.org/thenify/-/thenify-3.3.1.tgz. Extracting by manifest.
285 silly tarball no local data for thenify-all@https://registry.npmjs.org/thenify-all/-/thenify-all-1.6.0.tgz. Extracting by manifest.
286 silly tarball no local data for ts-interface-checker@https://registry.npmjs.org/ts-interface-checker/-/ts-interface-checker-0.1.13.tgz. Extracting by manifest.
287 silly tarball no local data for through@https://registry.npmjs.org/through/-/through-2.3.8.tgz. Extracting by manifest.
288 silly tarball no local data for text-table@https://registry.npmjs.org/text-table/-/text-table-0.2.0.tgz. Extracting by manifest.
289 silly tarball no local data for text-decoder@https://registry.npmjs.org/text-decoder/-/text-decoder-1.2.7.tgz. Extracting by manifest.
290 silly tarball no local data for tar-stream@https://registry.npmjs.org/tar-stream/-/tar-stream-3.2.0.tgz. Extracting by manifest.
291 silly tarball no local data for tldts@https://registry.npmjs.org/tldts/-/tldts-7.0.30.tgz. Extracting by manifest.
292 silly tarball no local data for teex@https://registry.npmjs.org/teex/-/teex-1.0.1.tgz. Extracting by manifest.
293 silly tarball no local data for tar@https://registry.npmjs.org/tar/-/tar-7.5.15.tgz. Extracting by manifest.
294 silly tarball no local data for tar-fs@https://registry.npmjs.org/tar-fs/-/tar-fs-2.1.4.tgz. Extracting by manifest.
295 silly tarball no local data for tailwindcss@https://registry.npmjs.org/tailwindcss/-/tailwindcss-3.4.19.tgz. Extracting by manifest.
296 silly tarball no local data for symbol-tree@https://registry.npmjs.org/symbol-tree/-/symbol-tree-3.2.4.tgz. Extracting by manifest.
297 silly tarball no local data for supports-preserve-symlinks-flag@https://registry.npmjs.org/supports-preserve-symlinks-flag/-/supports-preserve-symlinks-flag-1.0.0.tgz. Extracting by manifest.
298 silly tarball no local data for symlink-or-copy@https://registry.npmjs.org/symlink-or-copy/-/symlink-or-copy-1.3.1.tgz. Extracting by manifest.
299 silly tarball no local data for stylis@https://registry.npmjs.org/stylis/-/stylis-4.3.6.tgz. Extracting by manifest.
300 silly tarball no local data for supports-color@https://registry.npmjs.org/supports-color/-/supports-color-7.2.0.tgz. Extracting by manifest.
301 silly tarball no local data for styled-jsx@https://registry.npmjs.org/styled-jsx/-/styled-jsx-5.1.1.tgz. Extracting by manifest.
302 silly tarball no local data for sucrase@https://registry.npmjs.org/sucrase/-/sucrase-3.35.1.tgz. Extracting by manifest.
303 silly tarball no local data for styled-components@https://registry.npmjs.org/styled-components/-/styled-components-6.4.2.tgz. Extracting by manifest.
304 silly tarball no local data for style-mod@https://registry.npmjs.org/style-mod/-/style-mod-4.1.3.tgz. Extracting by manifest.
305 silly tarball no local data for strip-indent@https://registry.npmjs.org/strip-indent/-/strip-indent-3.0.0.tgz. Extracting by manifest.
306 silly tarball no local data for strip-dirs@https://registry.npmjs.org/strip-dirs/-/strip-dirs-2.1.0.tgz. Extracting by manifest.
307 silly tarball no local data for through2@https://registry.npmjs.org/through2/-/through2-4.0.2.tgz. Extracting by manifest.
308 silly tarball no local data for strip-bom@https://registry.npmjs.org/strip-bom/-/strip-bom-3.0.0.tgz. Extracting by manifest.
309 silly tarball no local data for strip-json-comments@https://registry.npmjs.org/strip-json-comments/-/strip-json-comments-3.1.1.tgz. Extracting by manifest.
310 silly tarball no local data for strip-final-newline@https://registry.npmjs.org/strip-final-newline/-/strip-final-newline-2.0.0.tgz. Extracting by manifest.
311 silly tarball no local data for strip-ansi-cjs@https://registry.npmjs.org/strip-ansi/-/strip-ansi-6.0.1.tgz. Extracting by manifest.
312 silly tarball no local data for string.prototype.trimstart@https://registry.npmjs.org/string.prototype.trimstart/-/string.prototype.trimstart-1.0.8.tgz. Extracting by manifest.
313 silly tarball no local data for string.prototype.trimend@https://registry.npmjs.org/string.prototype.trimend/-/string.prototype.trimend-1.0.9.tgz. Extracting by manifest.
314 silly tarball no local data for string.prototype.repeat@https://registry.npmjs.org/string.prototype.repeat/-/string.prototype.repeat-1.0.0.tgz. Extracting by manifest.
315 silly tarball no local data for string.prototype.trim@https://registry.npmjs.org/string.prototype.trim/-/string.prototype.trim-1.2.10.tgz. Extracting by manifest.
316 silly tarball no local data for string.prototype.includes@https://registry.npmjs.org/string.prototype.includes/-/string.prototype.includes-2.0.1.tgz. Extracting by manifest.
317 silly tarball no local data for string.prototype.matchall@https://registry.npmjs.org/string.prototype.matchall/-/string.prototype.matchall-4.0.12.tgz. Extracting by manifest.
318 silly tarball no local data for strip-ansi@https://registry.npmjs.org/strip-ansi/-/strip-ansi-6.0.1.tgz. Extracting by manifest.
319 silly tarball no local data for string-width-cjs@https://registry.npmjs.org/string-width/-/string-width-4.2.3.tgz. Extracting by manifest.
320 silly tarball no local data for stream-shift@https://registry.npmjs.org/stream-shift/-/stream-shift-1.0.3.tgz. Extracting by manifest.
321 silly tarball no local data for streamsearch@https://registry.npmjs.org/streamsearch/-/streamsearch-1.1.0.tgz. Extracting by manifest.
322 silly tarball no local data for string-width@https://registry.npmjs.org/string-width/-/string-width-5.1.2.tgz. Extracting by manifest.
323 silly tarball no local data for streamx@https://registry.npmjs.org/streamx/-/streamx-2.25.0.tgz. Extracting by manifest.
324 silly tarball no local data for string_decoder@https://registry.npmjs.org/string_decoder/-/string_decoder-1.3.0.tgz. Extracting by manifest.
325 silly tarball no local data for stream-each@https://registry.npmjs.org/stream-each/-/stream-each-1.2.3.tgz. Extracting by manifest.
326 silly tarball no local data for stable-hash@https://registry.npmjs.org/stable-hash/-/stable-hash-0.0.5.tgz. Extracting by manifest.
327 silly tarball no local data for stop-iteration-iterator@https://registry.npmjs.org/stop-iteration-iterator/-/stop-iteration-iterator-1.1.0.tgz. Extracting by manifest.
328 silly tarball no local data for sprintf-js@https://registry.npmjs.org/sprintf-js/-/sprintf-js-1.0.3.tgz. Extracting by manifest.
329 silly tarball no local data for spdx-license-ids@https://registry.npmjs.org/spdx-license-ids/-/spdx-license-ids-3.0.23.tgz. Extracting by manifest.
330 silly tarball no local data for speakingurl@https://registry.npmjs.org/speakingurl/-/speakingurl-14.0.1.tgz. Extracting by manifest.
331 silly tarball no local data for split2@https://registry.npmjs.org/split2/-/split2-4.2.0.tgz. Extracting by manifest.
332 silly tarball no local data for stdin-discarder@https://registry.npmjs.org/stdin-discarder/-/stdin-discarder-0.2.2.tgz. Extracting by manifest.
333 silly tarball no local data for spdx-correct@https://registry.npmjs.org/spdx-correct/-/spdx-correct-3.2.0.tgz. Extracting by manifest.
334 silly tarball no local data for spdx-expression-parse@https://registry.npmjs.org/spdx-expression-parse/-/spdx-expression-parse-3.0.1.tgz. Extracting by manifest.
335 silly tarball no local data for space-separated-tokens@https://registry.npmjs.org/space-separated-tokens/-/space-separated-tokens-1.1.5.tgz. Extracting by manifest.
336 silly tarball no local data for source-map-support@https://registry.npmjs.org/source-map-support/-/source-map-support-0.5.21.tgz. Extracting by manifest.
337 silly tarball no local data for source-map@https://registry.npmjs.org/source-map/-/source-map-0.6.1.tgz. Extracting by manifest.
338 silly tarball no local data for source-map-js@https://registry.npmjs.org/source-map-js/-/source-map-js-1.2.1.tgz. Extracting by manifest.
339 silly tarball no local data for slate-dom@https://registry.npmjs.org/slate-dom/-/slate-dom-0.116.0.tgz. Extracting by manifest.
340 silly tarball no local data for slate@https://registry.npmjs.org/slate/-/slate-0.117.2.tgz. Extracting by manifest.
341 silly tarball no local data for spdx-exceptions@https://registry.npmjs.org/spdx-exceptions/-/spdx-exceptions-2.5.0.tgz. Extracting by manifest.
342 silly tarball no local data for signal-exit@https://registry.npmjs.org/signal-exit/-/signal-exit-4.1.0.tgz. Extracting by manifest.
343 silly tarball no local data for simple-wcswidth@https://registry.npmjs.org/simple-wcswidth/-/simple-wcswidth-1.1.2.tgz. Extracting by manifest.
344 silly tarball no local data for side-channel-list@https://registry.npmjs.org/side-channel-list/-/side-channel-list-1.0.1.tgz. Extracting by manifest.
345 silly tarball no local data for shebang-command@https://registry.npmjs.org/shebang-command/-/shebang-command-2.0.0.tgz. Extracting by manifest.
346 silly tarball no local data for side-channel-map@https://registry.npmjs.org/side-channel-map/-/side-channel-map-1.0.1.tgz. Extracting by manifest.
347 silly tarball no local data for side-channel-weakmap@https://registry.npmjs.org/side-channel-weakmap/-/side-channel-weakmap-1.0.2.tgz. Extracting by manifest.
348 silly tarball no local data for shebang-regex@https://registry.npmjs.org/shebang-regex/-/shebang-regex-3.0.0.tgz. Extracting by manifest.
349 silly tarball no local data for side-channel@https://registry.npmjs.org/side-channel/-/side-channel-1.1.0.tgz. Extracting by manifest.
350 silly tarball no local data for shallow-equals@https://registry.npmjs.org/shallow-equals/-/shallow-equals-1.0.0.tgz. Extracting by manifest.
351 silly tarball no local data for slash@https://registry.npmjs.org/slash/-/slash-3.0.0.tgz. Extracting by manifest.
352 silly tarball no local data for shallow-clone@https://registry.npmjs.org/shallow-clone/-/shallow-clone-3.0.1.tgz. Extracting by manifest.
353 silly tarball no local data for set-function-length@https://registry.npmjs.org/set-function-length/-/set-function-length-1.2.2.tgz. Extracting by manifest.
354 silly tarball no local data for set-function-name@https://registry.npmjs.org/set-function-name/-/set-function-name-2.0.2.tgz. Extracting by manifest.
355 silly tarball no local data for sha@https://registry.npmjs.org/sha/-/sha-3.0.0.tgz. Extracting by manifest.
356 silly tarball no local data for semver@https://registry.npmjs.org/semver/-/semver-7.8.0.tgz. Extracting by manifest.
357 silly tarball no local data for selderee@https://registry.npmjs.org/selderee/-/selderee-0.11.0.tgz. Extracting by manifest.
358 silly tarball no local data for sha256-uint8array@https://registry.npmjs.org/sha256-uint8array/-/sha256-uint8array-0.10.7.tgz. Extracting by manifest.
359 silly tarball no local data for set-proto@https://registry.npmjs.org/set-proto/-/set-proto-1.0.0.tgz. Extracting by manifest.
360 silly tarball no local data for scroll-into-view-if-needed@https://registry.npmjs.org/scroll-into-view-if-needed/-/scroll-into-view-if-needed-3.1.0.tgz. Extracting by manifest.
361 silly tarball no local data for seek-bzip@https://registry.npmjs.org/seek-bzip/-/seek-bzip-1.0.6.tgz. Extracting by manifest.
362 silly tarball no local data for sanity@https://registry.npmjs.org/sanity/-/sanity-3.99.0.tgz. Extracting by manifest.
363 silly tarball no local data for sanity-plugin-media@https://registry.npmjs.org/sanity-plugin-media/-/sanity-plugin-media-4.3.0.tgz. Extracting by manifest.
364 silly tarball no local data for scrollmirror@https://registry.npmjs.org/scrollmirror/-/scrollmirror-1.2.4.tgz. Extracting by manifest.
365 silly tarball no local data for safe-regex-test@https://registry.npmjs.org/safe-regex-test/-/safe-regex-test-1.1.0.tgz. Extracting by manifest.
366 silly tarball no local data for scheduler@https://registry.npmjs.org/scheduler/-/scheduler-0.23.2.tgz. Extracting by manifest.
367 silly tarball no local data for safer-buffer@https://registry.npmjs.org/safer-buffer/-/safer-buffer-2.1.2.tgz. Extracting by manifest.
368 silly tarball no local data for saxes@https://registry.npmjs.org/saxes/-/saxes-6.0.0.tgz. Extracting by manifest.
369 silly tarball no local data for safe-buffer@https://registry.npmjs.org/safe-buffer/-/safe-buffer-5.2.1.tgz. Extracting by manifest.
370 silly tarball no local data for safe-array-concat@https://registry.npmjs.org/safe-array-concat/-/safe-array-concat-1.1.4.tgz. Extracting by manifest.
371 silly tarball no local data for rxjs-exhaustmap-with-trailing@https://registry.npmjs.org/rxjs-exhaustmap-with-trailing/-/rxjs-exhaustmap-with-trailing-2.1.1.tgz. Extracting by manifest.
372 silly tarball no local data for rxjs@https://registry.npmjs.org/rxjs/-/rxjs-7.8.2.tgz. Extracting by manifest.
373 silly tarball no local data for safe-push-apply@https://registry.npmjs.org/safe-push-apply/-/safe-push-apply-1.0.0.tgz. Extracting by manifest.
374 silly tarball no local data for run-waterfall@https://registry.npmjs.org/run-waterfall/-/run-waterfall-1.1.7.tgz. Extracting by manifest.
375 silly tarball no local data for run-series@https://registry.npmjs.org/run-series/-/run-series-1.1.9.tgz. Extracting by manifest.
376 silly tarball no local data for rrweb-cssom@https://registry.npmjs.org/rrweb-cssom/-/rrweb-cssom-0.6.0.tgz. Extracting by manifest.
377 silly tarball no local data for run-parallel@https://registry.npmjs.org/run-parallel/-/run-parallel-1.2.0.tgz. Extracting by manifest.
378 silly tarball no local data for run-async@https://registry.npmjs.org/run-async/-/run-async-4.0.6.tgz. Extracting by manifest.
379 silly tarball no local data for rollup@https://registry.npmjs.org/rollup/-/rollup-4.60.4.tgz. Extracting by manifest.
380 silly tarball no local data for rxjs-mergemap-array@https://registry.npmjs.org/rxjs-mergemap-array/-/rxjs-mergemap-array-0.1.0.tgz. Extracting by manifest.
381 silly tarball no local data for reusify@https://registry.npmjs.org/reusify/-/reusify-1.1.0.tgz. Extracting by manifest.
382 silly tarball no local data for rimraf@https://registry.npmjs.org/rimraf/-/rimraf-3.0.2.tgz. Extracting by manifest.
383 silly tarball no local data for resolve.exports@https://registry.npmjs.org/resolve.exports/-/resolve.exports-2.0.3.tgz. Extracting by manifest.
384 silly tarball no local data for restore-cursor@https://registry.npmjs.org/restore-cursor/-/restore-cursor-3.1.0.tgz. Extracting by manifest.
385 silly tarball no local data for resolve-pkg-maps@https://registry.npmjs.org/resolve-pkg-maps/-/resolve-pkg-maps-1.0.0.tgz. Extracting by manifest.
386 silly tarball no local data for resend@https://registry.npmjs.org/resend/-/resend-4.8.0.tgz. Extracting by manifest.
387 silly tarball no local data for resolve-from@https://registry.npmjs.org/resolve-from/-/resolve-from-4.0.0.tgz. Extracting by manifest.
388 silly tarball no local data for require-directory@https://registry.npmjs.org/require-directory/-/require-directory-2.1.1.tgz. Extracting by manifest.
389 silly tarball no local data for regjsparser@https://registry.npmjs.org/regjsparser/-/regjsparser-0.13.1.tgz. Extracting by manifest.
390 silly tarball no local data for reselect@https://registry.npmjs.org/reselect/-/reselect-5.2.0.tgz. Extracting by manifest.
391 silly tarball no local data for requires-port@https://registry.npmjs.org/requires-port/-/requires-port-1.0.0.tgz. Extracting by manifest.
392 silly tarball no local data for resolve@https://registry.npmjs.org/resolve/-/resolve-2.0.0-next.7.tgz. Extracting by manifest.
393 silly tarball no local data for regjsgen@https://registry.npmjs.org/regjsgen/-/regjsgen-0.8.0.tgz. Extracting by manifest.
394 silly tarball no local data for require-from-string@https://registry.npmjs.org/require-from-string/-/require-from-string-2.0.2.tgz. Extracting by manifest.
395 silly tarball no local data for regexpu-core@https://registry.npmjs.org/regexpu-core/-/regexpu-core-6.4.0.tgz. Extracting by manifest.
396 silly tarball no local data for regenerate@https://registry.npmjs.org/regenerate/-/regenerate-1.4.2.tgz. Extracting by manifest.
397 silly tarball no local data for regenerate-unicode-properties@https://registry.npmjs.org/regenerate-unicode-properties/-/regenerate-unicode-properties-10.2.2.tgz. Extracting by manifest.
398 silly tarball no local data for reflect.getprototypeof@https://registry.npmjs.org/reflect.getprototypeof/-/reflect.getprototypeof-1.0.10.tgz. Extracting by manifest.
399 silly tarball no local data for refractor@https://registry.npmjs.org/refractor/-/refractor-3.6.0.tgz. Extracting by manifest.
400 silly tarball no local data for regexp.prototype.flags@https://registry.npmjs.org/regexp.prototype.flags/-/regexp.prototype.flags-1.5.4.tgz. Extracting by manifest.
401 silly tarball no local data for redeyed@https://registry.npmjs.org/redeyed/-/redeyed-2.1.1.tgz. Extracting by manifest.
402 silly tarball no local data for redux-thunk@https://registry.npmjs.org/redux-thunk/-/redux-thunk-3.1.0.tgz. Extracting by manifest.
403 silly tarball no local data for readdir-glob@https://registry.npmjs.org/readdir-glob/-/readdir-glob-1.1.3.tgz. Extracting by manifest.
404 silly tarball no local data for readdirp@https://registry.npmjs.org/readdirp/-/readdirp-3.6.0.tgz. Extracting by manifest.
405 silly tarball no local data for redux-observable@https://registry.npmjs.org/redux-observable/-/redux-observable-3.0.0-rc.2.tgz. Extracting by manifest.
406 silly tarball no local data for redux@https://registry.npmjs.org/redux/-/redux-5.0.1.tgz. Extracting by manifest.
407 silly tarball no local data for read-pkg@https://registry.npmjs.org/read-pkg/-/read-pkg-5.2.0.tgz. Extracting by manifest.
408 silly tarball no local data for read-pkg-up@https://registry.npmjs.org/read-pkg-up/-/read-pkg-up-7.0.1.tgz. Extracting by manifest.
409 silly tarball no local data for readable-stream@https://registry.npmjs.org/readable-stream/-/readable-stream-4.7.0.tgz. Extracting by manifest.
410 silly tarball no local data for react-virtuoso@https://registry.npmjs.org/react-virtuoso/-/react-virtuoso-4.18.7.tgz. Extracting by manifest.
411 silly tarball no local data for react-select@https://registry.npmjs.org/react-select/-/react-select-5.10.2.tgz. Extracting by manifest.
412 silly tarball no local data for react-rx@https://registry.npmjs.org/react-rx/-/react-rx-4.2.2.tgz. Extracting by manifest.
413 silly tarball no local data for redent@https://registry.npmjs.org/redent/-/redent-3.0.0.tgz. Extracting by manifest.
414 silly tarball no local data for react-redux@https://registry.npmjs.org/react-redux/-/react-redux-9.3.0.tgz. Extracting by manifest.
415 silly tarball no local data for react-refresh@https://registry.npmjs.org/react-refresh/-/react-refresh-0.17.0.tgz. Extracting by manifest.
416 silly tarball no local data for read-cache@https://registry.npmjs.org/read-cache/-/read-cache-1.0.0.tgz. Extracting by manifest.
417 silly tarball no local data for react-hook-form@https://registry.npmjs.org/react-hook-form/-/react-hook-form-7.76.0.tgz. Extracting by manifest.
418 silly tarball no local data for react-transition-group@https://registry.npmjs.org/react-transition-group/-/react-transition-group-4.4.5.tgz. Extracting by manifest.
419 silly tarball no local data for react-refractor@https://registry.npmjs.org/react-refractor/-/react-refractor-2.2.0.tgz. Extracting by manifest.
420 silly tarball no local data for react-promise-suspense@https://registry.npmjs.org/react-promise-suspense/-/react-promise-suspense-0.3.4.tgz. Extracting by manifest.
421 silly tarball no local data for react-focus-lock@https://registry.npmjs.org/react-focus-lock/-/react-focus-lock-2.13.7.tgz. Extracting by manifest.
422 silly tarball no local data for react-is@https://registry.npmjs.org/react-is/-/react-is-19.2.6.tgz. Extracting by manifest.
423 silly tarball no local data for react-i18next@https://registry.npmjs.org/react-i18next/-/react-i18next-14.0.2.tgz. Extracting by manifest.
424 silly tarball no local data for react-dropzone@https://registry.npmjs.org/react-dropzone/-/react-dropzone-11.7.1.tgz. Extracting by manifest.
425 silly tarball no local data for react-file-icon@https://registry.npmjs.org/react-file-icon/-/react-file-icon-1.6.0.tgz. Extracting by manifest.
426 silly tarball no local data for react-compiler-runtime@https://registry.npmjs.org/react-compiler-runtime/-/react-compiler-runtime-1.0.0.tgz. Extracting by manifest.
427 silly tarball no local data for react-dom@https://registry.npmjs.org/react-dom/-/react-dom-18.3.1.tgz. Extracting by manifest.
428 silly tarball no local data for react-clientside-effect@https://registry.npmjs.org/react-clientside-effect/-/react-clientside-effect-1.2.8.tgz. Extracting by manifest.
429 silly tarball no local data for react-fast-compare@https://registry.npmjs.org/react-fast-compare/-/react-fast-compare-3.2.2.tgz. Extracting by manifest.
430 silly tarball no local data for raf@https://registry.npmjs.org/raf/-/raf-3.4.1.tgz. Extracting by manifest.
431 silly tarball no local data for quick-lru@https://registry.npmjs.org/quick-lru/-/quick-lru-5.1.1.tgz. Extracting by manifest.
432 silly tarball no local data for react@https://registry.npmjs.org/react/-/react-18.3.1.tgz. Extracting by manifest.
433 silly tarball no local data for queue-microtask@https://registry.npmjs.org/queue-microtask/-/queue-microtask-1.2.3.tgz. Extracting by manifest.
434 silly tarball no local data for punycode@https://registry.npmjs.org/punycode/-/punycode-2.3.1.tgz. Extracting by manifest.
435 silly tarball no local data for querystringify@https://registry.npmjs.org/querystringify/-/querystringify-2.2.0.tgz. Extracting by manifest.
436 silly tarball no local data for pumpify@https://registry.npmjs.org/pumpify/-/pumpify-1.5.1.tgz. Extracting by manifest.
437 silly tarball no local data for psl@https://registry.npmjs.org/psl/-/psl-1.15.0.tgz. Extracting by manifest.
438 silly tarball no local data for pump@https://registry.npmjs.org/pump/-/pump-3.0.4.tgz. Extracting by manifest.
439 silly tarball no local data for process-nextick-args@https://registry.npmjs.org/process-nextick-args/-/process-nextick-args-2.0.1.tgz. Extracting by manifest.
440 silly tarball no local data for prop-types@https://registry.npmjs.org/prop-types/-/prop-types-15.8.1.tgz. Extracting by manifest.
441 silly tarball no local data for property-information@https://registry.npmjs.org/property-information/-/property-information-5.6.0.tgz. Extracting by manifest.
442 silly tarball no local data for prismjs@https://registry.npmjs.org/prismjs/-/prismjs-1.27.0.tgz. Extracting by manifest.
443 silly tarball no local data for prelude-ls@https://registry.npmjs.org/prelude-ls/-/prelude-ls-1.2.1.tgz. Extracting by manifest.
444 silly tarball no local data for process@https://registry.npmjs.org/process/-/process-0.11.10.tgz. Extracting by manifest.
445 silly tarball no local data for postcss-selector-parser@https://registry.npmjs.org/postcss-selector-parser/-/postcss-selector-parser-6.1.2.tgz. Extracting by manifest.
446 silly tarball no local data for pretty-ms@https://registry.npmjs.org/pretty-ms/-/pretty-ms-7.0.1.tgz. Extracting by manifest.
447 silly tarball no local data for prettier@https://registry.npmjs.org/prettier/-/prettier-3.8.3.tgz. Extracting by manifest.
448 silly tarball no local data for postcss-value-parser@https://registry.npmjs.org/postcss-value-parser/-/postcss-value-parser-4.2.0.tgz. Extracting by manifest.
449 silly tarball no local data for postcss-nested@https://registry.npmjs.org/postcss-nested/-/postcss-nested-6.2.0.tgz. Extracting by manifest.
450 silly tarball no local data for preferred-pm@https://registry.npmjs.org/preferred-pm/-/preferred-pm-4.1.1.tgz. Extracting by manifest.
451 silly tarball no local data for postcss-load-config@https://registry.npmjs.org/postcss-load-config/-/postcss-load-config-6.0.1.tgz. Extracting by manifest.
452 silly tarball no local data for possible-typed-array-names@https://registry.npmjs.org/possible-typed-array-names/-/possible-typed-array-names-1.1.0.tgz. Extracting by manifest.
453 silly tarball no local data for postcss-js@https://registry.npmjs.org/postcss-js/-/postcss-js-4.1.0.tgz. Extracting by manifest.
454 silly tarball no local data for postcss-import@https://registry.npmjs.org/postcss-import/-/postcss-import-15.1.0.tgz. Extracting by manifest.
455 silly tarball no local data for postcss@https://registry.npmjs.org/postcss/-/postcss-8.5.15.tgz. Extracting by manifest.
456 silly tarball no local data for player.style@https://registry.npmjs.org/player.style/-/player.style-0.1.10.tgz. Extracting by manifest.
457 silly tarball no local data for polished@https://registry.npmjs.org/polished/-/polished-4.3.1.tgz. Extracting by manifest.
458 silly tarball no local data for pluralize@https://registry.npmjs.org/pluralize/-/pluralize-8.0.0.tgz. Extracting by manifest.
459 silly tarball no local data for pluralize-esm@https://registry.npmjs.org/pluralize-esm/-/pluralize-esm-9.0.5.tgz. Extracting by manifest.
460 silly tarball no local data for pkg-dir@https://registry.npmjs.org/pkg-dir/-/pkg-dir-5.0.0.tgz. Extracting by manifest.
461 silly tarball no local data for pirates@https://registry.npmjs.org/pirates/-/pirates-4.0.7.tgz. Extracting by manifest.
462 silly tarball no local data for pify@https://registry.npmjs.org/pify/-/pify-2.3.0.tgz. Extracting by manifest.
463 silly tarball no local data for pinkie@https://registry.npmjs.org/pinkie/-/pinkie-2.0.4.tgz. Extracting by manifest.
464 silly tarball no local data for pinkie-promise@https://registry.npmjs.org/pinkie-promise/-/pinkie-promise-2.0.1.tgz. Extracting by manifest.
465 silly tarball no local data for peberminta@https://registry.npmjs.org/peberminta/-/peberminta-0.9.0.tgz. Extracting by manifest.
466 silly tarball no local data for picomatch@https://registry.npmjs.org/picomatch/-/picomatch-2.3.2.tgz. Extracting by manifest.
467 silly tarball no local data for performance-now@https://registry.npmjs.org/performance-now/-/performance-now-2.1.0.tgz. Extracting by manifest.
468 silly tarball no local data for picocolors@https://registry.npmjs.org/picocolors/-/picocolors-1.1.1.tgz. Extracting by manifest.
469 silly tarball no local data for pend@https://registry.npmjs.org/pend/-/pend-1.2.0.tgz. Extracting by manifest.
470 silly tarball no local data for peek-stream@https://registry.npmjs.org/peek-stream/-/peek-stream-1.1.3.tgz. Extracting by manifest.
471 silly tarball no local data for path-sort@https://registry.npmjs.org/path-sort/-/path-sort-0.1.0.tgz. Extracting by manifest.
472 silly tarball no local data for path-to-regexp@https://registry.npmjs.org/path-to-regexp/-/path-to-regexp-6.3.0.tgz. Extracting by manifest.
473 silly tarball no local data for path-type@https://registry.npmjs.org/path-type/-/path-type-4.0.0.tgz. Extracting by manifest.
474 silly tarball no local data for path-key@https://registry.npmjs.org/path-key/-/path-key-3.1.1.tgz. Extracting by manifest.
475 silly tarball no local data for path-scurry@https://registry.npmjs.org/path-scurry/-/path-scurry-1.11.1.tgz. Extracting by manifest.
476 silly tarball no local data for path-parse@https://registry.npmjs.org/path-parse/-/path-parse-1.0.7.tgz. Extracting by manifest.
477 silly tarball no local data for path-exists@https://registry.npmjs.org/path-exists/-/path-exists-4.0.0.tgz. Extracting by manifest.
478 silly tarball no local data for path-is-absolute@https://registry.npmjs.org/path-is-absolute/-/path-is-absolute-1.0.1.tgz. Extracting by manifest.
479 silly tarball no local data for parse5@https://registry.npmjs.org/parse5/-/parse5-7.3.0.tgz. Extracting by manifest.
480 silly tarball no local data for parse-ms@https://registry.npmjs.org/parse-ms/-/parse-ms-2.1.0.tgz. Extracting by manifest.
481 silly tarball no local data for parseley@https://registry.npmjs.org/parseley/-/parseley-0.12.1.tgz. Extracting by manifest.
482 silly tarball no local data for parallel-transform@https://registry.npmjs.org/parallel-transform/-/parallel-transform-1.2.0.tgz. Extracting by manifest.
483 silly tarball no local data for parent-module@https://registry.npmjs.org/parent-module/-/parent-module-1.0.1.tgz. Extracting by manifest.
484 silly tarball no local data for parse-entities@https://registry.npmjs.org/parse-entities/-/parse-entities-2.0.0.tgz. Extracting by manifest.
485 silly tarball no local data for package-json-from-dist@https://registry.npmjs.org/package-json-from-dist/-/package-json-from-dist-1.0.1.tgz. Extracting by manifest.
486 silly tarball no local data for parse-json@https://registry.npmjs.org/parse-json/-/parse-json-5.2.0.tgz. Extracting by manifest.
487 silly tarball no local data for p-try@https://registry.npmjs.org/p-try/-/p-try-2.2.0.tgz. Extracting by manifest.
488 silly tarball no local data for pako@https://registry.npmjs.org/pako/-/pako-0.2.9.tgz. Extracting by manifest.
489 silly tarball no local data for p-map@https://registry.npmjs.org/p-map/-/p-map-7.0.4.tgz. Extracting by manifest.
490 silly tarball no local data for p-finally@https://registry.npmjs.org/p-finally/-/p-finally-2.0.1.tgz. Extracting by manifest.
491 silly tarball no local data for p-queue@https://registry.npmjs.org/p-queue/-/p-queue-2.4.2.tgz. Extracting by manifest.
492 silly tarball no local data for p-locate@https://registry.npmjs.org/p-locate/-/p-locate-5.0.0.tgz. Extracting by manifest.
493 silly tarball no local data for optionator@https://registry.npmjs.org/optionator/-/optionator-0.9.4.tgz. Extracting by manifest.
494 silly tarball no local data for onetime@https://registry.npmjs.org/onetime/-/onetime-5.1.2.tgz. Extracting by manifest.
495 silly tarball no local data for ora@https://registry.npmjs.org/ora/-/ora-5.4.1.tgz. Extracting by manifest.
496 silly tarball no local data for oneline@https://registry.npmjs.org/oneline/-/oneline-1.0.4.tgz. Extracting by manifest.
497 silly tarball no local data for p-limit@https://registry.npmjs.org/p-limit/-/p-limit-3.1.0.tgz. Extracting by manifest.
498 silly tarball no local data for once@https://registry.npmjs.org/once/-/once-1.4.0.tgz. Extracting by manifest.
499 silly tarball no local data for own-keys@https://registry.npmjs.org/own-keys/-/own-keys-1.0.1.tgz. Extracting by manifest.
500 silly tarball no local data for open@https://registry.npmjs.org/open/-/open-8.4.2.tgz. Extracting by manifest.
501 silly tarball no local data for object.groupby@https://registry.npmjs.org/object.groupby/-/object.groupby-1.0.3.tgz. Extracting by manifest.
502 silly tarball no local data for observable-callback@https://registry.npmjs.org/observable-callback/-/observable-callback-1.0.3.tgz. Extracting by manifest.
503 silly tarball no local data for object.values@https://registry.npmjs.org/object.values/-/object.values-1.2.1.tgz. Extracting by manifest.
504 silly tarball no local data for object.entries@https://registry.npmjs.org/object.entries/-/object.entries-1.1.9.tgz. Extracting by manifest.
505 silly tarball no local data for object-keys@https://registry.npmjs.org/object-keys/-/object-keys-1.1.1.tgz. Extracting by manifest.
506 silly tarball no local data for object.fromentries@https://registry.npmjs.org/object.fromentries/-/object.fromentries-2.0.8.tgz. Extracting by manifest.
507 silly tarball no local data for object.assign@https://registry.npmjs.org/object.assign/-/object.assign-4.1.7.tgz. Extracting by manifest.
508 silly tarball no local data for object-inspect@https://registry.npmjs.org/object-inspect/-/object-inspect-1.13.4.tgz. Extracting by manifest.
509 silly tarball no local data for nth-check@https://registry.npmjs.org/nth-check/-/nth-check-2.1.1.tgz. Extracting by manifest.
510 silly tarball no local data for object-assign@https://registry.npmjs.org/object-assign/-/object-assign-4.1.1.tgz. Extracting by manifest.
511 silly tarball no local data for npm-run-path@https://registry.npmjs.org/npm-run-path/-/npm-run-path-3.1.0.tgz. Extracting by manifest.
512 silly tarball no local data for node-releases@https://registry.npmjs.org/node-releases/-/node-releases-2.0.44.tgz. Extracting by manifest.
513 silly tarball no local data for normalize-path@https://registry.npmjs.org/normalize-path/-/normalize-path-3.0.0.tgz. Extracting by manifest.
514 silly tarball no local data for object-hash@https://registry.npmjs.org/object-hash/-/object-hash-3.0.0.tgz. Extracting by manifest.
515 silly tarball no local data for node-html-parser@https://registry.npmjs.org/node-html-parser/-/node-html-parser-6.1.13.tgz. Extracting by manifest.
516 silly tarball no local data for next-sanity@https://registry.npmjs.org/next-sanity/-/next-sanity-9.12.3.tgz. Extracting by manifest.
517 silly tarball no local data for next@https://registry.npmjs.org/next/-/next-14.2.29.tgz. Extracting by manifest.
518 silly tarball no local data for normalize-package-data@https://registry.npmjs.org/normalize-package-data/-/normalize-package-data-3.0.3.tgz. Extracting by manifest.
519 silly tarball no local data for node-exports-info@https://registry.npmjs.org/node-exports-info/-/node-exports-info-1.6.0.tgz. Extracting by manifest.
520 silly tarball no local data for natural-compare@https://registry.npmjs.org/natural-compare/-/natural-compare-1.4.0.tgz. Extracting by manifest.
521 silly tarball no local data for napi-postinstall@https://registry.npmjs.org/napi-postinstall/-/napi-postinstall-0.3.4.tgz. Extracting by manifest.
522 silly tarball no local data for nanoid@https://registry.npmjs.org/nanoid/-/nanoid-3.3.12.tgz. Extracting by manifest.
523 silly tarball no local data for mux-embed@https://registry.npmjs.org/mux-embed/-/mux-embed-5.18.1.tgz. Extracting by manifest.
524 silly tarball no local data for mz@https://registry.npmjs.org/mz/-/mz-2.7.0.tgz. Extracting by manifest.
525 silly tarball no local data for motion-utils@https://registry.npmjs.org/motion-utils/-/motion-utils-12.39.0.tgz. Extracting by manifest.
526 silly tarball no local data for nano-pubsub@https://registry.npmjs.org/nano-pubsub/-/nano-pubsub-3.0.0.tgz. Extracting by manifest.
527 silly tarball no local data for motion@https://registry.npmjs.org/motion/-/motion-12.39.0.tgz. Extracting by manifest.
528 silly tarball no local data for moment@https://registry.npmjs.org/moment/-/moment-2.30.1.tgz. Extracting by manifest.
529 silly tarball no local data for mute-stream@https://registry.npmjs.org/mute-stream/-/mute-stream-2.0.0.tgz. Extracting by manifest.
530 silly tarball no local data for ms@https://registry.npmjs.org/ms/-/ms-2.1.3.tgz. Extracting by manifest.
531 silly tarball no local data for module-alias@https://registry.npmjs.org/module-alias/-/module-alias-2.3.4.tgz. Extracting by manifest.
532 silly tarball no local data for mkdirp-classic@https://registry.npmjs.org/mkdirp-classic/-/mkdirp-classic-0.5.3.tgz. Extracting by manifest.
533 silly tarball no local data for minizlib@https://registry.npmjs.org/minizlib/-/minizlib-3.1.0.tgz. Extracting by manifest.
534 silly tarball no local data for minimist-options@https://registry.npmjs.org/minimist-options/-/minimist-options-4.1.0.tgz. Extracting by manifest.
535 silly tarball no local data for minimist@https://registry.npmjs.org/minimist/-/minimist-1.2.8.tgz. Extracting by manifest.
536 silly tarball no local data for mississippi@https://registry.npmjs.org/mississippi/-/mississippi-4.0.0.tgz. Extracting by manifest.
537 silly tarball no local data for minimatch@https://registry.npmjs.org/minimatch/-/minimatch-3.1.5.tgz. Extracting by manifest.
538 silly tarball no local data for minipass@https://registry.npmjs.org/minipass/-/minipass-7.1.3.tgz. Extracting by manifest.
539 silly tarball no local data for min-document@https://registry.npmjs.org/min-document/-/min-document-2.19.2.tgz. Extracting by manifest.
540 silly tarball no local data for min-indent@https://registry.npmjs.org/min-indent/-/min-indent-1.0.1.tgz. Extracting by manifest.
541 silly tarball no local data for mimic-response@https://registry.npmjs.org/mimic-response/-/mimic-response-3.1.0.tgz. Extracting by manifest.
542 silly tarball no local data for mimic-fn@https://registry.npmjs.org/mimic-fn/-/mimic-fn-2.1.0.tgz. Extracting by manifest.
543 silly tarball no local data for motion-dom@https://registry.npmjs.org/motion-dom/-/motion-dom-12.39.0.tgz. Extracting by manifest.
544 silly tarball no local data for mimic-function@https://registry.npmjs.org/mimic-function/-/mimic-function-5.0.1.tgz. Extracting by manifest.
545 silly tarball no local data for mime-types@https://registry.npmjs.org/mime-types/-/mime-types-3.0.2.tgz. Extracting by manifest.
546 silly tarball no local data for merge2@https://registry.npmjs.org/merge2/-/merge2-1.4.1.tgz. Extracting by manifest.
547 silly tarball no local data for merge-stream@https://registry.npmjs.org/merge-stream/-/merge-stream-2.0.0.tgz. Extracting by manifest.
548 silly tarball no local data for micromatch@https://registry.npmjs.org/micromatch/-/micromatch-4.0.8.tgz. Extracting by manifest.
549 silly tarball no local data for mime-db@https://registry.npmjs.org/mime-db/-/mime-db-1.54.0.tgz. Extracting by manifest.
550 silly tarball no local data for meow@https://registry.npmjs.org/meow/-/meow-9.0.0.tgz. Extracting by manifest.
551 silly tarball no local data for mdn-data@https://registry.npmjs.org/mdn-data/-/mdn-data-2.0.30.tgz. Extracting by manifest.
552 silly tarball no local data for memoize-one@https://registry.npmjs.org/memoize-one/-/memoize-one-6.0.0.tgz. Extracting by manifest.
553 silly tarball no local data for mendoza@https://registry.npmjs.org/mendoza/-/mendoza-3.0.8.tgz. Extracting by manifest.
554 silly tarball no local data for media-tracks@https://registry.npmjs.org/media-tracks/-/media-tracks-0.3.5.tgz. Extracting by manifest.
555 silly tarball no local data for map-obj@https://registry.npmjs.org/map-obj/-/map-obj-4.3.0.tgz. Extracting by manifest.
556 silly tarball no local data for math-intrinsics@https://registry.npmjs.org/math-intrinsics/-/math-intrinsics-1.1.0.tgz. Extracting by manifest.
557 silly tarball no local data for media-chrome@https://registry.npmjs.org/media-chrome/-/media-chrome-4.19.0.tgz. Extracting by manifest.
558 silly tarball no local data for md5-o-matic@https://registry.npmjs.org/md5-o-matic/-/md5-o-matic-0.1.1.tgz. Extracting by manifest.
559 silly tarball no local data for lru-cache@https://registry.npmjs.org/lru-cache/-/lru-cache-10.4.3.tgz. Extracting by manifest.
560 silly tarball no local data for make-dir@https://registry.npmjs.org/make-dir/-/make-dir-2.1.0.tgz. Extracting by manifest.
561 silly tarball no local data for lucide-react@https://registry.npmjs.org/lucide-react/-/lucide-react-0.460.0.tgz. Extracting by manifest.
562 silly tarball no local data for log-symbols@https://registry.npmjs.org/log-symbols/-/log-symbols-2.2.0.tgz. Extracting by manifest.
563 silly tarball no local data for lodash.startcase@https://registry.npmjs.org/lodash.startcase/-/lodash.startcase-4.4.0.tgz. Extracting by manifest.
564 silly tarball no local data for lodash.merge@https://registry.npmjs.org/lodash.merge/-/lodash.merge-4.6.2.tgz. Extracting by manifest.
565 silly tarball no local data for loose-envify@https://registry.npmjs.org/loose-envify/-/loose-envify-1.4.0.tgz. Extracting by manifest.
566 silly tarball no local data for locate-path@https://registry.npmjs.org/locate-path/-/locate-path-6.0.0.tgz. Extracting by manifest.
567 silly tarball no local data for lodash@https://registry.npmjs.org/lodash/-/lodash-4.18.1.tgz. Extracting by manifest.
568 silly tarball no local data for lines-and-columns@https://registry.npmjs.org/lines-and-columns/-/lines-and-columns-1.2.4.tgz. Extracting by manifest.
569 silly tarball no local data for lilconfig@https://registry.npmjs.org/lilconfig/-/lilconfig-3.1.3.tgz. Extracting by manifest.
570 silly tarball no local data for lodash-es@https://registry.npmjs.org/lodash-es/-/lodash-es-4.18.1.tgz. Extracting by manifest.
571 silly tarball no local data for levn@https://registry.npmjs.org/levn/-/levn-0.4.1.tgz. Extracting by manifest.
572 silly tarball no local data for load-yaml-file@https://registry.npmjs.org/load-yaml-file/-/load-yaml-file-0.2.0.tgz. Extracting by manifest.
573 silly tarball no local data for lodash.debounce@https://registry.npmjs.org/lodash.debounce/-/lodash.debounce-4.0.8.tgz. Extracting by manifest.
574 silly tarball no local data for lazystream@https://registry.npmjs.org/lazystream/-/lazystream-1.0.1.tgz. Extracting by manifest.
575 silly tarball no local data for leac@https://registry.npmjs.org/leac/-/leac-0.6.0.tgz. Extracting by manifest.
576 silly tarball no local data for lambda-runtimes@https://registry.npmjs.org/lambda-runtimes/-/lambda-runtimes-2.0.5.tgz. Extracting by manifest.
577 silly tarball no local data for leven@https://registry.npmjs.org/leven/-/leven-3.1.0.tgz. Extracting by manifest.
578 silly tarball no local data for language-tags@https://registry.npmjs.org/language-tags/-/language-tags-1.0.9.tgz. Extracting by manifest.
579 silly tarball no local data for jsx-ast-utils@https://registry.npmjs.org/jsx-ast-utils/-/jsx-ast-utils-3.3.5.tgz. Extracting by manifest.
580 silly tarball no local data for language-subtag-registry@https://registry.npmjs.org/language-subtag-registry/-/language-subtag-registry-0.3.23.tgz. Extracting by manifest.
581 silly tarball no local data for keyv@https://registry.npmjs.org/keyv/-/keyv-4.5.4.tgz. Extracting by manifest.
582 silly tarball no local data for kind-of@https://registry.npmjs.org/kind-of/-/kind-of-6.0.3.tgz. Extracting by manifest.
583 silly tarball no local data for json-schema-traverse@https://registry.npmjs.org/json-schema-traverse/-/json-schema-traverse-0.4.1.tgz. Extracting by manifest.
584 silly tarball no local data for json-reduce@https://registry.npmjs.org/json-reduce/-/json-reduce-3.0.0.tgz. Extracting by manifest.
585 silly tarball no local data for json-stable-stringify-without-jsonify@https://registry.npmjs.org/json-stable-stringify-without-jsonify/-/json-stable-stringify-without-jsonify-1.0.1.tgz. Extracting by manifest.
586 silly tarball no local data for json5@https://registry.npmjs.org/json5/-/json5-2.2.3.tgz. Extracting by manifest.
587 silly tarball no local data for json-buffer@https://registry.npmjs.org/json-buffer/-/json-buffer-3.0.1.tgz. Extracting by manifest.
588 silly tarball no local data for json-stream-stringify@https://registry.npmjs.org/json-stream-stringify/-/json-stream-stringify-2.0.4.tgz. Extracting by manifest.
589 silly tarball no local data for json-with-bigint@https://registry.npmjs.org/json-with-bigint/-/json-with-bigint-3.5.8.tgz. Extracting by manifest.
590 silly tarball no local data for json-lexer@https://registry.npmjs.org/json-lexer/-/json-lexer-1.2.0.tgz. Extracting by manifest.
591 silly tarball no local data for jsesc@https://registry.npmjs.org/jsesc/-/jsesc-3.1.0.tgz. Extracting by manifest.
592 silly tarball no local data for json-parse-even-better-errors@https://registry.npmjs.org/json-parse-even-better-errors/-/json-parse-even-better-errors-2.3.1.tgz. Extracting by manifest.
593 silly tarball no local data for json-2-csv@https://registry.npmjs.org/json-2-csv/-/json-2-csv-5.5.10.tgz. Extracting by manifest.
594 silly tarball no local data for jsdom@https://registry.npmjs.org/jsdom/-/jsdom-23.2.0.tgz. Extracting by manifest.
595 silly tarball no local data for js-tokens@https://registry.npmjs.org/js-tokens/-/js-tokens-4.0.0.tgz. Extracting by manifest.
596 silly tarball no local data for js-yaml@https://registry.npmjs.org/js-yaml/-/js-yaml-4.1.1.tgz. Extracting by manifest.
597 silly tarball no local data for jsdom-global@https://registry.npmjs.org/jsdom-global/-/jsdom-global-3.0.2.tgz. Extracting by manifest.
598 silly tarball no local data for isomorphic-dompurify@https://registry.npmjs.org/isomorphic-dompurify/-/isomorphic-dompurify-2.36.0.tgz. Extracting by manifest.
599 silly tarball no local data for jiti@https://registry.npmjs.org/jiti/-/jiti-2.7.0.tgz. Extracting by manifest.
600 silly tarball no local data for jake@https://registry.npmjs.org/jake/-/jake-10.9.4.tgz. Extracting by manifest.
601 silly tarball no local data for jackspeak@https://registry.npmjs.org/jackspeak/-/jackspeak-2.3.6.tgz. Extracting by manifest.
602 silly tarball no local data for iterator.prototype@https://registry.npmjs.org/iterator.prototype/-/iterator.prototype-1.1.5.tgz. Extracting by manifest.
603 silly tarball no local data for isobject@https://registry.npmjs.org/isobject/-/isobject-3.0.1.tgz. Extracting by manifest.
604 silly tarball no local data for isexe@https://registry.npmjs.org/isexe/-/isexe-2.0.0.tgz. Extracting by manifest.
605 silly tarball no local data for is-wsl@https://registry.npmjs.org/is-wsl/-/is-wsl-2.2.0.tgz. Extracting by manifest.
606 silly tarball no local data for isarray@https://registry.npmjs.org/isarray/-/isarray-2.0.5.tgz. Extracting by manifest.
607 silly tarball no local data for is-weakset@https://registry.npmjs.org/is-weakset/-/is-weakset-2.0.4.tgz. Extracting by manifest.
608 silly tarball no local data for is-weakref@https://registry.npmjs.org/is-weakref/-/is-weakref-1.1.1.tgz. Extracting by manifest.
609 silly tarball no local data for is-weakmap@https://registry.npmjs.org/is-weakmap/-/is-weakmap-2.0.2.tgz. Extracting by manifest.
610 silly tarball no local data for is-typed-array@https://registry.npmjs.org/is-typed-array/-/is-typed-array-1.1.15.tgz. Extracting by manifest.
611 silly tarball no local data for is-typedarray@https://registry.npmjs.org/is-typedarray/-/is-typedarray-1.0.0.tgz. Extracting by manifest.
612 silly tarball no local data for is-tar@https://registry.npmjs.org/is-tar/-/is-tar-1.0.0.tgz. Extracting by manifest.
613 silly tarball no local data for is-unicode-supported@https://registry.npmjs.org/is-unicode-supported/-/is-unicode-supported-0.1.0.tgz. Extracting by manifest.
614 silly tarball no local data for is-string@https://registry.npmjs.org/is-string/-/is-string-1.1.1.tgz. Extracting by manifest.
615 silly tarball no local data for is-symbol@https://registry.npmjs.org/is-symbol/-/is-symbol-1.1.1.tgz. Extracting by manifest.
616 silly tarball no local data for is-stream@https://registry.npmjs.org/is-stream/-/is-stream-2.0.1.tgz. Extracting by manifest.
617 silly tarball no local data for is-shared-array-buffer@https://registry.npmjs.org/is-shared-array-buffer/-/is-shared-array-buffer-1.0.4.tgz. Extracting by manifest.
618 silly tarball no local data for is-set@https://registry.npmjs.org/is-set/-/is-set-2.0.3.tgz. Extracting by manifest.
619 silly tarball no local data for is-retry-allowed@https://registry.npmjs.org/is-retry-allowed/-/is-retry-allowed-2.2.0.tgz. Extracting by manifest.
620 silly tarball no local data for is-plain-object@https://registry.npmjs.org/is-plain-object/-/is-plain-object-2.0.4.tgz. Extracting by manifest.
621 silly tarball no local data for is-plain-obj@https://registry.npmjs.org/is-plain-obj/-/is-plain-obj-1.1.0.tgz. Extracting by manifest.
622 silly tarball no local data for is-regex@https://registry.npmjs.org/is-regex/-/is-regex-1.2.1.tgz. Extracting by manifest.
623 silly tarball no local data for is-potential-custom-element-name@https://registry.npmjs.org/is-potential-custom-element-name/-/is-potential-custom-element-name-1.0.1.tgz. Extracting by manifest.
624 silly tarball no local data for is-obj@https://registry.npmjs.org/is-obj/-/is-obj-2.0.0.tgz. Extracting by manifest.
625 silly tarball no local data for is-path-inside@https://registry.npmjs.org/is-path-inside/-/is-path-inside-3.0.3.tgz. Extracting by manifest.
626 silly tarball no local data for is-negative-zero@https://registry.npmjs.org/is-negative-zero/-/is-negative-zero-2.0.3.tgz. Extracting by manifest.
627 silly tarball no local data for is-number@https://registry.npmjs.org/is-number/-/is-number-7.0.0.tgz. Extracting by manifest.
628 silly tarball no local data for is-natural-number@https://registry.npmjs.org/is-natural-number/-/is-natural-number-4.0.1.tgz. Extracting by manifest.
629 silly tarball no local data for is-interactive@https://registry.npmjs.org/is-interactive/-/is-interactive-1.0.0.tgz. Extracting by manifest.
630 silly tarball no local data for is-hotkey-esm@https://registry.npmjs.org/is-hotkey-esm/-/is-hotkey-esm-1.0.0.tgz. Extracting by manifest.
631 silly tarball no local data for is-hotkey@https://registry.npmjs.org/is-hotkey/-/is-hotkey-0.2.0.tgz. Extracting by manifest.
632 silly tarball no local data for is-glob@https://registry.npmjs.org/is-glob/-/is-glob-4.0.3.tgz. Extracting by manifest.
633 silly tarball no local data for is-gzip@https://registry.npmjs.org/is-gzip/-/is-gzip-1.0.0.tgz. Extracting by manifest.
634 silly tarball no local data for is-hexadecimal@https://registry.npmjs.org/is-hexadecimal/-/is-hexadecimal-1.0.4.tgz. Extracting by manifest.
635 silly tarball no local data for is-fullwidth-code-point@https://registry.npmjs.org/is-fullwidth-code-point/-/is-fullwidth-code-point-3.0.0.tgz. Extracting by manifest.
636 silly tarball no local data for is-generator-function@https://registry.npmjs.org/is-generator-function/-/is-generator-function-1.1.2.tgz. Extracting by manifest.
637 silly tarball no local data for is-finalizationregistry@https://registry.npmjs.org/is-finalizationregistry/-/is-finalizationregistry-1.1.1.tgz. Extracting by manifest.
638 silly tarball no local data for is-extglob@https://registry.npmjs.org/is-extglob/-/is-extglob-2.1.1.tgz. Extracting by manifest.
639 silly tarball no local data for is-docker@https://registry.npmjs.org/is-docker/-/is-docker-2.2.1.tgz. Extracting by manifest.
640 silly tarball no local data for is-deflate@https://registry.npmjs.org/is-deflate/-/is-deflate-1.0.0.tgz. Extracting by manifest.
641 silly tarball no local data for is-decimal@https://registry.npmjs.org/is-decimal/-/is-decimal-1.0.4.tgz. Extracting by manifest.
642 silly tarball no local data for is-date-object@https://registry.npmjs.org/is-date-object/-/is-date-object-1.1.0.tgz. Extracting by manifest.
643 silly tarball no local data for is-callable@https://registry.npmjs.org/is-callable/-/is-callable-1.2.7.tgz. Extracting by manifest.
644 silly tarball no local data for is-data-view@https://registry.npmjs.org/is-data-view/-/is-data-view-1.0.2.tgz. Extracting by manifest.
645 silly tarball no local data for is-bun-module@https://registry.npmjs.org/is-bun-module/-/is-bun-module-2.0.0.tgz. Extracting by manifest.
646 silly tarball no local data for is-binary-path@https://registry.npmjs.org/is-binary-path/-/is-binary-path-2.1.0.tgz. Extracting by manifest.
647 silly tarball no local data for is-boolean-object@https://registry.npmjs.org/is-boolean-object/-/is-boolean-object-1.2.2.tgz. Extracting by manifest.
648 silly tarball no local data for is-bigint@https://registry.npmjs.org/is-bigint/-/is-bigint-1.1.0.tgz. Extracting by manifest.
649 silly tarball no local data for is-core-module@https://registry.npmjs.org/is-core-module/-/is-core-module-2.16.2.tgz. Extracting by manifest.
650 silly tarball no local data for is-arrayish@https://registry.npmjs.org/is-arrayish/-/is-arrayish-0.2.1.tgz. Extracting by manifest.
651 silly tarball no local data for is-array-buffer@https://registry.npmjs.org/is-array-buffer/-/is-array-buffer-3.0.5.tgz. Extracting by manifest.
652 silly tarball no local data for is-alphanumerical@https://registry.npmjs.org/is-alphanumerical/-/is-alphanumerical-1.0.4.tgz. Extracting by manifest.
653 silly tarball no local data for is-async-function@https://registry.npmjs.org/is-async-function/-/is-async-function-2.1.1.tgz. Extracting by manifest.
654 silly tarball no local data for is-alphabetical@https://registry.npmjs.org/is-alphabetical/-/is-alphabetical-1.0.4.tgz. Extracting by manifest.
655 silly tarball no local data for internal-slot@https://registry.npmjs.org/internal-slot/-/internal-slot-1.1.0.tgz. Extracting by manifest.
656 silly tarball no local data for inquirer@https://registry.npmjs.org/inquirer/-/inquirer-12.11.1.tgz. Extracting by manifest.
657 silly tarball no local data for inherits@https://registry.npmjs.org/inherits/-/inherits-2.0.4.tgz. Extracting by manifest.
658 silly tarball no local data for inflight@https://registry.npmjs.org/inflight/-/inflight-1.0.6.tgz. Extracting by manifest.
659 silly tarball no local data for imurmurhash@https://registry.npmjs.org/imurmurhash/-/imurmurhash-0.1.4.tgz. Extracting by manifest.
660 silly tarball no local data for indent-string@https://registry.npmjs.org/indent-string/-/indent-string-4.0.0.tgz. Extracting by manifest.
661 silly tarball no local data for ignore@https://registry.npmjs.org/ignore/-/ignore-5.3.2.tgz. Extracting by manifest.
662 silly tarball no local data for ieee754@https://registry.npmjs.org/ieee754/-/ieee754-1.2.1.tgz. Extracting by manifest.
663 silly tarball no local data for immer@https://registry.npmjs.org/immer/-/immer-10.2.0.tgz. Extracting by manifest.
664 silly tarball no local data for iconv-lite@https://registry.npmjs.org/iconv-lite/-/iconv-lite-0.7.2.tgz. Extracting by manifest.
665 silly tarball no local data for import-fresh@https://registry.npmjs.org/import-fresh/-/import-fresh-3.3.1.tgz. Extracting by manifest.
666 silly tarball no local data for humanize-list@https://registry.npmjs.org/humanize-list/-/humanize-list-1.0.1.tgz. Extracting by manifest.
667 silly tarball no local data for https-proxy-agent@https://registry.npmjs.org/https-proxy-agent/-/https-proxy-agent-7.0.6.tgz. Extracting by manifest.
668 silly tarball no local data for i18next@https://registry.npmjs.org/i18next/-/i18next-23.16.8.tgz. Extracting by manifest.
669 silly tarball no local data for htmlparser2@https://registry.npmjs.org/htmlparser2/-/htmlparser2-8.0.2.tgz. Extracting by manifest.
670 silly tarball no local data for http-proxy-agent@https://registry.npmjs.org/http-proxy-agent/-/http-proxy-agent-7.0.2.tgz. Extracting by manifest.
671 silly tarball no local data for html-to-text@https://registry.npmjs.org/html-to-text/-/html-to-text-9.0.5.tgz. Extracting by manifest.
672 silly tarball no local data for hotscript@https://registry.npmjs.org/hotscript/-/hotscript-1.0.13.tgz. Extracting by manifest.
673 silly tarball no local data for html-encoding-sniffer@https://registry.npmjs.org/html-encoding-sniffer/-/html-encoding-sniffer-4.0.0.tgz. Extracting by manifest.
674 silly tarball no local data for hosted-git-info@https://registry.npmjs.org/hosted-git-info/-/hosted-git-info-4.1.0.tgz. Extracting by manifest.
675 silly tarball no local data for html-parse-stringify@https://registry.npmjs.org/html-parse-stringify/-/html-parse-stringify-3.0.1.tgz. Extracting by manifest.
676 silly tarball no local data for he@https://registry.npmjs.org/he/-/he-1.2.0.tgz. Extracting by manifest.
677 silly tarball no local data for hoist-non-react-statics@https://registry.npmjs.org/hoist-non-react-statics/-/hoist-non-react-statics-3.3.2.tgz. Extracting by manifest.
678 silly tarball no local data for hast-util-parse-selector@https://registry.npmjs.org/hast-util-parse-selector/-/hast-util-parse-selector-2.2.5.tgz. Extracting by manifest.
679 silly tarball no local data for hasown@https://registry.npmjs.org/hasown/-/hasown-2.0.3.tgz. Extracting by manifest.
680 silly tarball no local data for hls.js@https://registry.npmjs.org/hls.js/-/hls.js-1.6.16.tgz. Extracting by manifest.
681 silly tarball no local data for history@https://registry.npmjs.org/history/-/history-5.3.0.tgz. Extracting by manifest.
682 silly tarball no local data for has-symbols@https://registry.npmjs.org/has-symbols/-/has-symbols-1.1.0.tgz. Extracting by manifest.
683 silly tarball no local data for hastscript@https://registry.npmjs.org/hastscript/-/hastscript-6.0.0.tgz. Extracting by manifest.
684 silly tarball no local data for has-property-descriptors@https://registry.npmjs.org/has-property-descriptors/-/has-property-descriptors-1.0.2.tgz. Extracting by manifest.
685 silly tarball no local data for has-tostringtag@https://registry.npmjs.org/has-tostringtag/-/has-tostringtag-1.0.2.tgz. Extracting by manifest.
686 silly tarball no local data for has-proto@https://registry.npmjs.org/has-proto/-/has-proto-1.2.0.tgz. Extracting by manifest.
687 silly tarball no local data for hard-rejection@https://registry.npmjs.org/hard-rejection/-/hard-rejection-2.1.0.tgz. Extracting by manifest.
688 silly tarball no local data for has-flag@https://registry.npmjs.org/has-flag/-/has-flag-4.0.0.tgz. Extracting by manifest.
689 silly tarball no local data for has-bigints@https://registry.npmjs.org/has-bigints/-/has-bigints-1.1.0.tgz. Extracting by manifest.
690 silly tarball no local data for gunzip-maybe@https://registry.npmjs.org/gunzip-maybe/-/gunzip-maybe-1.4.2.tgz. Extracting by manifest.
691 silly tarball no local data for groq-js@https://registry.npmjs.org/groq-js/-/groq-js-1.30.1.tgz. Extracting by manifest.
692 silly tarball no local data for groq@https://registry.npmjs.org/groq/-/groq-3.99.0.tgz. Extracting by manifest.
693 silly tarball no local data for graphemer@https://registry.npmjs.org/graphemer/-/graphemer-1.4.0.tgz. Extracting by manifest.
694 silly tarball no local data for globby@https://registry.npmjs.org/globby/-/globby-11.1.0.tgz. Extracting by manifest.
695 silly tarball no local data for gopd@https://registry.npmjs.org/gopd/-/gopd-1.2.0.tgz. Extracting by manifest.
696 silly tarball no local data for globrex@https://registry.npmjs.org/globrex/-/globrex-0.1.2.tgz. Extracting by manifest.
697 silly tarball no local data for globals@https://registry.npmjs.org/globals/-/globals-13.24.0.tgz. Extracting by manifest.
698 silly tarball no local data for graceful-fs@https://registry.npmjs.org/graceful-fs/-/graceful-fs-4.2.11.tgz. Extracting by manifest.
699 silly tarball no local data for globalthis@https://registry.npmjs.org/globalthis/-/globalthis-1.0.4.tgz. Extracting by manifest.
700 silly tarball no local data for global@https://registry.npmjs.org/global/-/global-4.4.0.tgz. Extracting by manifest.
701 silly tarball no local data for glob@https://registry.npmjs.org/glob/-/glob-10.3.10.tgz. Extracting by manifest.
702 silly tarball no local data for get-uri@https://registry.npmjs.org/get-uri/-/get-uri-2.0.4.tgz. Extracting by manifest.
703 silly tarball no local data for get-tsconfig@https://registry.npmjs.org/get-tsconfig/-/get-tsconfig-4.14.0.tgz. Extracting by manifest.
704 silly tarball no local data for get-stream@https://registry.npmjs.org/get-stream/-/get-stream-2.3.1.tgz. Extracting by manifest.
705 silly tarball no local data for get-random-values-esm@https://registry.npmjs.org/get-random-values-esm/-/get-random-values-esm-1.0.2.tgz. Extracting by manifest.
706 silly tarball no local data for get-random-values@https://registry.npmjs.org/get-random-values/-/get-random-values-1.2.2.tgz. Extracting by manifest.
707 silly tarball no local data for get-proto@https://registry.npmjs.org/get-proto/-/get-proto-1.0.1.tgz. Extracting by manifest.
708 silly tarball no local data for get-package-type@https://registry.npmjs.org/get-package-type/-/get-package-type-0.1.0.tgz. Extracting by manifest.
709 silly tarball no local data for get-it@https://registry.npmjs.org/get-it/-/get-it-8.7.2.tgz. Extracting by manifest.
710 silly tarball no local data for get-symbol-description@https://registry.npmjs.org/get-symbol-description/-/get-symbol-description-1.1.0.tgz. Extracting by manifest.
711 silly tarball no local data for get-intrinsic@https://registry.npmjs.org/get-intrinsic/-/get-intrinsic-1.3.0.tgz. Extracting by manifest.
712 silly tarball no local data for get-east-asian-width@https://registry.npmjs.org/get-east-asian-width/-/get-east-asian-width-1.6.0.tgz. Extracting by manifest.
713 silly tarball no local data for get-caller-file@https://registry.npmjs.org/get-caller-file/-/get-caller-file-2.0.5.tgz. Extracting by manifest.
714 silly tarball no local data for generator-function@https://registry.npmjs.org/generator-function/-/generator-function-2.0.1.tgz. Extracting by manifest.
715 silly tarball no local data for functions-have-names@https://registry.npmjs.org/functions-have-names/-/functions-have-names-1.2.3.tgz. Extracting by manifest.
716 silly tarball no local data for is-map@https://registry.npmjs.org/is-map/-/is-map-2.0.3.tgz. Extracting by manifest.
717 silly tarball no local data for function.prototype.name@https://registry.npmjs.org/function.prototype.name/-/function.prototype.name-1.1.8.tgz. Extracting by manifest.
718 silly tarball no local data for gensync@https://registry.npmjs.org/gensync/-/gensync-1.0.0-beta.2.tgz. Extracting by manifest.
719 silly tarball no local data for function-bind@https://registry.npmjs.org/function-bind/-/function-bind-1.1.2.tgz. Extracting by manifest.
720 silly tarball no local data for ftp@https://registry.npmjs.org/ftp/-/ftp-0.3.10.tgz. Extracting by manifest.
721 silly tarball no local data for fsevents@https://registry.npmjs.org/fsevents/-/fsevents-2.3.3.tgz. Extracting by manifest.
722 silly tarball no local data for from2@https://registry.npmjs.org/from2/-/from2-2.3.0.tgz. Extracting by manifest.
723 silly tarball no local data for fs-constants@https://registry.npmjs.org/fs-constants/-/fs-constants-1.0.0.tgz. Extracting by manifest.
724 silly tarball no local data for is-number-object@https://registry.npmjs.org/is-number-object/-/is-number-object-1.1.1.tgz. Extracting by manifest.
725 silly tarball no local data for fraction.js@https://registry.npmjs.org/fraction.js/-/fraction.js-5.3.4.tgz. Extracting by manifest.
726 silly tarball no local data for form-data@https://registry.npmjs.org/form-data/-/form-data-4.0.5.tgz. Extracting by manifest.
727 silly tarball no local data for fs.realpath@https://registry.npmjs.org/fs.realpath/-/fs.realpath-1.0.0.tgz. Extracting by manifest.
728 silly tarball no local data for foreground-child@https://registry.npmjs.org/foreground-child/-/foreground-child-3.3.1.tgz. Extracting by manifest.
729 silly tarball no local data for for-each@https://registry.npmjs.org/for-each/-/for-each-0.3.5.tgz. Extracting by manifest.
730 silly tarball no local data for focus-lock@https://registry.npmjs.org/focus-lock/-/focus-lock-1.3.6.tgz. Extracting by manifest.
731 silly tarball no local data for flush-write-stream@https://registry.npmjs.org/flush-write-stream/-/flush-write-stream-2.0.0.tgz. Extracting by manifest.
732 silly tarball no local data for flatted@https://registry.npmjs.org/flatted/-/flatted-3.4.2.tgz. Extracting by manifest.
733 silly tarball no local data for find-yarn-workspace-root2@https://registry.npmjs.org/find-yarn-workspace-root2/-/find-yarn-workspace-root2-1.2.16.tgz. Extracting by manifest.
734 silly tarball no local data for flat-cache@https://registry.npmjs.org/flat-cache/-/flat-cache-3.2.0.tgz. Extracting by manifest.
735 silly tarball no local data for find-up-simple@https://registry.npmjs.org/find-up-simple/-/find-up-simple-1.0.1.tgz. Extracting by manifest.
736 silly tarball no local data for find-root@https://registry.npmjs.org/find-root/-/find-root-1.1.0.tgz. Extracting by manifest.
737 silly tarball no local data for find-up@https://registry.npmjs.org/find-up/-/find-up-5.0.0.tgz. Extracting by manifest.
738 silly tarball no local data for framer-motion@https://registry.npmjs.org/framer-motion/-/framer-motion-12.39.0.tgz. Extracting by manifest.
739 silly tarball no local data for fill-range@https://registry.npmjs.org/fill-range/-/fill-range-7.1.1.tgz. Extracting by manifest.
740 silly tarball no local data for find-cache-dir@https://registry.npmjs.org/find-cache-dir/-/find-cache-dir-2.1.0.tgz. Extracting by manifest.
741 silly tarball no local data for file-url@https://registry.npmjs.org/file-url/-/file-url-2.0.2.tgz. Extracting by manifest.
742 silly tarball no local data for filesize@https://registry.npmjs.org/filesize/-/filesize-9.0.11.tgz. Extracting by manifest.
743 silly tarball no local data for file-uri-to-path@https://registry.npmjs.org/file-uri-to-path/-/file-uri-to-path-1.0.0.tgz. Extracting by manifest.
744 silly tarball no local data for file-type@https://registry.npmjs.org/file-type/-/file-type-5.2.0.tgz. Extracting by manifest.
745 silly tarball no local data for fd-slicer@https://registry.npmjs.org/fd-slicer/-/fd-slicer-1.1.0.tgz. Extracting by manifest.
746 silly tarball no local data for file-selector@https://registry.npmjs.org/file-selector/-/file-selector-0.4.0.tgz. Extracting by manifest.
747 silly tarball no local data for file-entry-cache@https://registry.npmjs.org/file-entry-cache/-/file-entry-cache-6.0.1.tgz. Extracting by manifest.
748 silly tarball no local data for fastq@https://registry.npmjs.org/fastq/-/fastq-1.20.1.tgz. Extracting by manifest.
749 silly tarball no local data for filelist@https://registry.npmjs.org/filelist/-/filelist-1.0.6.tgz. Extracting by manifest.
750 silly tarball no local data for fast-levenshtein@https://registry.npmjs.org/fast-levenshtein/-/fast-levenshtein-2.0.6.tgz. Extracting by manifest.
751 silly tarball no local data for fast-glob@https://registry.npmjs.org/fast-glob/-/fast-glob-3.3.3.tgz. Extracting by manifest.
752 silly tarball no local data for fast-json-stable-stringify@https://registry.npmjs.org/fast-json-stable-stringify/-/fast-json-stable-stringify-2.1.0.tgz. Extracting by manifest.
753 silly tarball no local data for fast-deep-equal@https://registry.npmjs.org/fast-deep-equal/-/fast-deep-equal-3.1.3.tgz. Extracting by manifest.
754 silly tarball no local data for fast-content-type-parse@https://registry.npmjs.org/fast-content-type-parse/-/fast-content-type-parse-3.0.0.tgz. Extracting by manifest.
755 silly tarball no local data for extend@https://registry.npmjs.org/extend/-/extend-3.0.2.tgz. Extracting by manifest.
756 silly tarball no local data for exif-component@https://registry.npmjs.org/exif-component/-/exif-component-1.0.1.tgz. Extracting by manifest.
757 silly tarball no local data for fast-fifo@https://registry.npmjs.org/fast-fifo/-/fast-fifo-1.3.2.tgz. Extracting by manifest.
758 silly tarball no local data for eventsource-parser@https://registry.npmjs.org/eventsource-parser/-/eventsource-parser-3.0.8.tgz. Extracting by manifest.
759 silly tarball no local data for event-target-shim@https://registry.npmjs.org/event-target-shim/-/event-target-shim-5.0.1.tgz. Extracting by manifest.
760 silly tarball no local data for events-universal@https://registry.npmjs.org/events-universal/-/events-universal-1.0.1.tgz. Extracting by manifest.
761 silly tarball no local data for eventsource@https://registry.npmjs.org/eventsource/-/eventsource-2.0.2.tgz. Extracting by manifest.
762 silly tarball no local data for esutils@https://registry.npmjs.org/esutils/-/esutils-2.0.3.tgz. Extracting by manifest.
763 silly tarball no local data for events@https://registry.npmjs.org/events/-/events-3.3.0.tgz. Extracting by manifest.
764 silly tarball no local data for estraverse@https://registry.npmjs.org/estraverse/-/estraverse-5.3.0.tgz. Extracting by manifest.
765 silly tarball no local data for event-source-polyfill@https://registry.npmjs.org/event-source-polyfill/-/event-source-polyfill-1.0.31.tgz. Extracting by manifest.
766 silly tarball no local data for esquery@https://registry.npmjs.org/esquery/-/esquery-1.7.0.tgz. Extracting by manifest.
767 silly tarball no local data for esprima@https://registry.npmjs.org/esprima/-/esprima-4.0.1.tgz. Extracting by manifest.
768 silly tarball no local data for esrecurse@https://registry.npmjs.org/esrecurse/-/esrecurse-4.3.0.tgz. Extracting by manifest.
769 silly tarball no local data for espree@https://registry.npmjs.org/espree/-/espree-9.6.1.tgz. Extracting by manifest.
770 silly tarball no local data for eslint-visitor-keys@https://registry.npmjs.org/eslint-visitor-keys/-/eslint-visitor-keys-3.4.3.tgz. Extracting by manifest.
771 silly tarball no local data for eslint-plugin-react-hooks@https://registry.npmjs.org/eslint-plugin-react-hooks/-/eslint-plugin-react-hooks-5.0.0-canary-7118f5dd7-20230705.tgz. Extracting by manifest.
772 silly tarball no local data for eslint-scope@https://registry.npmjs.org/eslint-scope/-/eslint-scope-7.2.2.tgz. Extracting by manifest.
773 silly tarball no local data for eslint-plugin-react@https://registry.npmjs.org/eslint-plugin-react/-/eslint-plugin-react-7.37.5.tgz. Extracting by manifest.
774 silly tarball no local data for eslint-module-utils@https://registry.npmjs.org/eslint-module-utils/-/eslint-module-utils-2.12.1.tgz. Extracting by manifest.
775 silly tarball no local data for eslint-plugin-jsx-a11y@https://registry.npmjs.org/eslint-plugin-jsx-a11y/-/eslint-plugin-jsx-a11y-6.10.2.tgz. Extracting by manifest.
776 silly tarball no local data for execa@https://registry.npmjs.org/execa/-/execa-2.1.0.tgz. Extracting by manifest.
777 silly tarball no local data for glob-parent@https://registry.npmjs.org/glob-parent/-/glob-parent-6.0.2.tgz. Extracting by manifest.
778 silly tarball no local data for eslint-plugin-import@https://registry.npmjs.org/eslint-plugin-import/-/eslint-plugin-import-2.32.0.tgz. Extracting by manifest.
779 silly tarball no local data for escape-string-regexp@https://registry.npmjs.org/escape-string-regexp/-/escape-string-regexp-4.0.0.tgz. Extracting by manifest.
780 silly tarball no local data for eslint-config-next@https://registry.npmjs.org/eslint-config-next/-/eslint-config-next-14.2.29.tgz. Extracting by manifest.
781 silly tarball no local data for eslint-import-resolver-node@https://registry.npmjs.org/eslint-import-resolver-node/-/eslint-import-resolver-node-0.3.10.tgz. Extracting by manifest.
782 silly tarball no local data for escalade@https://registry.npmjs.org/escalade/-/escalade-3.2.0.tgz. Extracting by manifest.
783 silly tarball no local data for eslint@https://registry.npmjs.org/eslint/-/eslint-8.57.1.tgz. Extracting by manifest.
784 silly tarball no local data for eslint-import-resolver-typescript@https://registry.npmjs.org/eslint-import-resolver-typescript/-/eslint-import-resolver-typescript-3.10.1.tgz. Extracting by manifest.
785 silly tarball no local data for es-to-primitive@https://registry.npmjs.org/es-to-primitive/-/es-to-primitive-1.3.0.tgz. Extracting by manifest.
786 silly tarball no local data for esbuild@https://registry.npmjs.org/esbuild/-/esbuild-0.25.6.tgz. Extracting by manifest.
787 silly tarball no local data for es-iterator-helpers@https://registry.npmjs.org/es-iterator-helpers/-/es-iterator-helpers-1.3.2.tgz. Extracting by manifest.
788 silly tarball no local data for esbuild-register@https://registry.npmjs.org/esbuild-register/-/esbuild-register-3.6.0.tgz. Extracting by manifest.
789 silly tarball no local data for es-errors@https://registry.npmjs.org/es-errors/-/es-errors-1.3.0.tgz. Extracting by manifest.
790 silly tarball no local data for es-set-tostringtag@https://registry.npmjs.org/es-set-tostringtag/-/es-set-tostringtag-2.1.0.tgz. Extracting by manifest.
791 silly tarball no local data for es-object-atoms@https://registry.npmjs.org/es-object-atoms/-/es-object-atoms-1.1.1.tgz. Extracting by manifest.
792 silly tarball no local data for end-of-stream@https://registry.npmjs.org/end-of-stream/-/end-of-stream-1.4.5.tgz. Extracting by manifest.
793 silly tarball no local data for es-define-property@https://registry.npmjs.org/es-define-property/-/es-define-property-1.0.1.tgz. Extracting by manifest.
794 silly tarball no local data for error-ex@https://registry.npmjs.org/error-ex/-/error-ex-1.3.4.tgz. Extracting by manifest.
795 silly tarball no local data for es-shim-unscopables@https://registry.npmjs.org/es-shim-unscopables/-/es-shim-unscopables-1.1.0.tgz. Extracting by manifest.
796 silly tarball no local data for es-abstract@https://registry.npmjs.org/es-abstract/-/es-abstract-1.24.2.tgz. Extracting by manifest.
797 silly tarball no local data for electron-to-chromium@https://registry.npmjs.org/electron-to-chromium/-/electron-to-chromium-1.5.359.tgz. Extracting by manifest.
798 silly tarball no local data for emoji-regex@https://registry.npmjs.org/emoji-regex/-/emoji-regex-9.2.2.tgz. Extracting by manifest.
799 silly tarball no local data for eastasianwidth@https://registry.npmjs.org/eastasianwidth/-/eastasianwidth-0.2.0.tgz. Extracting by manifest.
800 silly tarball no local data for entities@https://registry.npmjs.org/entities/-/entities-4.5.0.tgz. Extracting by manifest.
801 silly tarball no local data for ejs@https://registry.npmjs.org/ejs/-/ejs-3.1.10.tgz. Extracting by manifest.
802 silly tarball no local data for domutils@https://registry.npmjs.org/domutils/-/domutils-3.2.2.tgz. Extracting by manifest.
803 silly tarball no local data for duplexify@https://registry.npmjs.org/duplexify/-/duplexify-4.1.3.tgz. Extracting by manifest.
804 silly tarball no local data for dompurify@https://registry.npmjs.org/dompurify/-/dompurify-3.4.5.tgz. Extracting by manifest.
805 silly tarball no local data for domelementtype@https://registry.npmjs.org/domelementtype/-/domelementtype-2.3.0.tgz. Extracting by manifest.
806 silly tarball no local data for dot-prop@https://registry.npmjs.org/dot-prop/-/dot-prop-5.3.0.tgz. Extracting by manifest.
807 silly tarball no local data for dom-serializer@https://registry.npmjs.org/dom-serializer/-/dom-serializer-2.0.0.tgz. Extracting by manifest.
808 silly tarball no local data for domhandler@https://registry.npmjs.org/domhandler/-/domhandler-5.0.3.tgz. Extracting by manifest.
809 silly tarball no local data for dom-helpers@https://registry.npmjs.org/dom-helpers/-/dom-helpers-5.2.1.tgz. Extracting by manifest.
810 silly tarball no local data for dom-walk@https://registry.npmjs.org/dom-walk/-/dom-walk-0.1.2.tgz. Extracting by manifest.
811 silly tarball no local data for doc-path@https://registry.npmjs.org/doc-path/-/doc-path-4.1.1.tgz. Extracting by manifest.
812 silly tarball no local data for doctrine@https://registry.npmjs.org/doctrine/-/doctrine-3.0.0.tgz. Extracting by manifest.
813 silly tarball no local data for didyoumean@https://registry.npmjs.org/didyoumean/-/didyoumean-1.2.2.tgz. Extracting by manifest.
814 silly tarball no local data for dir-glob@https://registry.npmjs.org/dir-glob/-/dir-glob-3.0.1.tgz. Extracting by manifest.
815 silly tarball no local data for direction@https://registry.npmjs.org/direction/-/direction-1.0.4.tgz. Extracting by manifest.
816 silly tarball no local data for dlv@https://registry.npmjs.org/dlv/-/dlv-1.1.3.tgz. Extracting by manifest.
817 silly tarball no local data for delayed-stream@https://registry.npmjs.org/delayed-stream/-/delayed-stream-1.0.0.tgz. Extracting by manifest.
818 silly tarball no local data for dequal@https://registry.npmjs.org/dequal/-/dequal-2.0.3.tgz. Extracting by manifest.
819 silly tarball no local data for define-data-property@https://registry.npmjs.org/define-data-property/-/define-data-property-1.1.4.tgz. Extracting by manifest.
820 silly tarball no local data for detect-node-es@https://registry.npmjs.org/detect-node-es/-/detect-node-es-1.1.0.tgz. Extracting by manifest.
821 silly tarball no local data for defaults@https://registry.npmjs.org/defaults/-/defaults-1.0.4.tgz. Extracting by manifest.
822 silly tarball no local data for define-lazy-prop@https://registry.npmjs.org/define-lazy-prop/-/define-lazy-prop-2.0.0.tgz. Extracting by manifest.
823 silly tarball no local data for deepmerge@https://registry.npmjs.org/deepmerge/-/deepmerge-4.3.1.tgz. Extracting by manifest.
824 silly tarball no local data for deep-is@https://registry.npmjs.org/deep-is/-/deep-is-0.1.4.tgz. Extracting by manifest.
825 silly tarball no local data for deeks@https://registry.npmjs.org/deeks/-/deeks-3.1.0.tgz. Extracting by manifest.
826 silly tarball no local data for define-properties@https://registry.npmjs.org/define-properties/-/define-properties-1.2.1.tgz. Extracting by manifest.
827 silly tarball no local data for decompress-targz@https://registry.npmjs.org/decompress-targz/-/decompress-targz-4.1.1.tgz. Extracting by manifest.
828 silly tarball no local data for decompress-unzip@https://registry.npmjs.org/decompress-unzip/-/decompress-unzip-4.0.1.tgz. Extracting by manifest.
829 silly tarball no local data for decompress-tarbz2@https://registry.npmjs.org/decompress-tarbz2/-/decompress-tarbz2-4.1.1.tgz. Extracting by manifest.
830 silly tarball no local data for decode-named-character-reference@https://registry.npmjs.org/decode-named-character-reference/-/decode-named-character-reference-1.3.0.tgz. Extracting by manifest.
831 silly tarball no local data for decompress-response@https://registry.npmjs.org/decompress-response/-/decompress-response-7.0.0.tgz. Extracting by manifest.
832 silly tarball no local data for decompress-tar@https://registry.npmjs.org/decompress-tar/-/decompress-tar-4.1.1.tgz. Extracting by manifest.
833 silly tarball no local data for decimal.js@https://registry.npmjs.org/decimal.js/-/decimal.js-10.6.0.tgz. Extracting by manifest.
834 silly tarball no local data for decompress@https://registry.npmjs.org/decompress/-/decompress-4.2.1.tgz. Extracting by manifest.
835 silly tarball no local data for decamelize@https://registry.npmjs.org/decamelize/-/decamelize-1.2.0.tgz. Extracting by manifest.
836 silly tarball no local data for decamelize-keys@https://registry.npmjs.org/decamelize-keys/-/decamelize-keys-1.1.1.tgz. Extracting by manifest.
837 silly tarball no local data for date-fns@https://registry.npmjs.org/date-fns/-/date-fns-2.30.0.tgz. Extracting by manifest.
838 silly tarball no local data for debug@https://registry.npmjs.org/debug/-/debug-4.4.3.tgz. Extracting by manifest.
839 silly tarball no local data for debounce@https://registry.npmjs.org/debounce/-/debounce-1.2.1.tgz. Extracting by manifest.
840 silly tarball no local data for dataloader@https://registry.npmjs.org/dataloader/-/dataloader-2.2.3.tgz. Extracting by manifest.
841 silly tarball no local data for data-view-buffer@https://registry.npmjs.org/data-view-buffer/-/data-view-buffer-1.0.2.tgz. Extracting by manifest.
842 silly tarball no local data for data-view-byte-length@https://registry.npmjs.org/data-view-byte-length/-/data-view-byte-length-1.0.2.tgz. Extracting by manifest.
843 silly tarball no local data for data-view-byte-offset@https://registry.npmjs.org/data-view-byte-offset/-/data-view-byte-offset-1.0.1.tgz. Extracting by manifest.
844 silly tarball no local data for data-urls@https://registry.npmjs.org/data-urls/-/data-urls-5.0.0.tgz. Extracting by manifest.
845 silly tarball no local data for damerau-levenshtein@https://registry.npmjs.org/damerau-levenshtein/-/damerau-levenshtein-1.0.8.tgz. Extracting by manifest.
846 silly tarball no local data for custom-media-element@https://registry.npmjs.org/custom-media-element/-/custom-media-element-1.4.6.tgz. Extracting by manifest.
847 silly tarball no local data for data-uri-to-buffer@https://registry.npmjs.org/data-uri-to-buffer/-/data-uri-to-buffer-1.2.0.tgz. Extracting by manifest.
848 silly tarball no local data for cssstyle@https://registry.npmjs.org/cssstyle/-/cssstyle-4.6.0.tgz. Extracting by manifest.
849 silly tarball no local data for csstype@https://registry.npmjs.org/csstype/-/csstype-3.2.3.tgz. Extracting by manifest.
850 silly tarball no local data for cyclist@https://registry.npmjs.org/cyclist/-/cyclist-1.0.2.tgz. Extracting by manifest.
851 silly tarball no local data for cssesc@https://registry.npmjs.org/cssesc/-/cssesc-3.0.0.tgz. Extracting by manifest.
852 silly tarball no local data for css-what@https://registry.npmjs.org/css-what/-/css-what-6.2.2.tgz. Extracting by manifest.
853 silly tarball no local data for css-to-react-native@https://registry.npmjs.org/css-to-react-native/-/css-to-react-native-3.2.0.tgz. Extracting by manifest.
854 silly tarball no local data for css-tree@https://registry.npmjs.org/css-tree/-/css-tree-2.3.1.tgz. Extracting by manifest.
855 silly tarball no local data for cross-spawn@https://registry.npmjs.org/cross-spawn/-/cross-spawn-7.0.6.tgz. Extracting by manifest.
856 silly tarball no local data for css-color-keywords@https://registry.npmjs.org/css-color-keywords/-/css-color-keywords-1.0.0.tgz. Extracting by manifest.
857 silly tarball no local data for crypto-random-string@https://registry.npmjs.org/crypto-random-string/-/crypto-random-string-2.0.0.tgz. Extracting by manifest.
858 silly tarball no local data for crelt@https://registry.npmjs.org/crelt/-/crelt-1.0.6.tgz. Extracting by manifest.
859 silly tarball no local data for crc-32@https://registry.npmjs.org/crc-32/-/crc-32-1.2.2.tgz. Extracting by manifest.
860 silly tarball no local data for css-select@https://registry.npmjs.org/css-select/-/css-select-5.2.2.tgz. Extracting by manifest.
861 silly tarball no local data for crc32-stream@https://registry.npmjs.org/crc32-stream/-/crc32-stream-6.0.0.tgz. Extracting by manifest.
862 silly tarball no local data for core-util-is@https://registry.npmjs.org/core-util-is/-/core-util-is-1.0.3.tgz. Extracting by manifest.
863 silly tarball no local data for cosmiconfig@https://registry.npmjs.org/cosmiconfig/-/cosmiconfig-7.1.0.tgz. Extracting by manifest.
864 silly tarball no local data for copy-to-clipboard@https://registry.npmjs.org/copy-to-clipboard/-/copy-to-clipboard-3.3.3.tgz. Extracting by manifest.
865 silly tarball no local data for core-js-compat@https://registry.npmjs.org/core-js-compat/-/core-js-compat-3.49.0.tgz. Extracting by manifest.
866 silly tarball no local data for content-type@https://registry.npmjs.org/content-type/-/content-type-2.0.0.tgz. Extracting by manifest.
867 silly tarball no local data for convert-source-map@https://registry.npmjs.org/convert-source-map/-/convert-source-map-2.0.0.tgz. Extracting by manifest.
868 silly tarball no local data for console-table-printer@https://registry.npmjs.org/console-table-printer/-/console-table-printer-2.15.0.tgz. Extracting by manifest.
869 silly tarball no local data for concat-map@https://registry.npmjs.org/concat-map/-/concat-map-0.0.1.tgz. Extracting by manifest.
870 silly tarball no local data for compute-scroll-into-view@https://registry.npmjs.org/compute-scroll-into-view/-/compute-scroll-into-view-3.1.1.tgz. Extracting by manifest.
871 silly tarball no local data for compress-commons@https://registry.npmjs.org/compress-commons/-/compress-commons-6.0.2.tgz. Extracting by manifest.
872 silly tarball no local data for concat-stream@https://registry.npmjs.org/concat-stream/-/concat-stream-2.0.0.tgz. Extracting by manifest.
873 silly tarball no local data for commondir@https://registry.npmjs.org/commondir/-/commondir-1.0.1.tgz. Extracting by manifest.
874 silly tarball no local data for configstore@https://registry.npmjs.org/configstore/-/configstore-5.0.1.tgz. Extracting by manifest.
875 silly tarball no local data for commander@https://registry.npmjs.org/commander/-/commander-2.20.3.tgz. Extracting by manifest.
876 silly tarball no local data for combined-stream@https://registry.npmjs.org/combined-stream/-/combined-stream-1.0.8.tgz. Extracting by manifest.
877 silly tarball no local data for color2k@https://registry.npmjs.org/color2k/-/color2k-2.0.3.tgz. Extracting by manifest.
878 silly tarball no local data for color-name@https://registry.npmjs.org/color-name/-/color-name-1.1.4.tgz. Extracting by manifest.
879 silly tarball no local data for colord@https://registry.npmjs.org/colord/-/colord-2.9.3.tgz. Extracting by manifest.
880 silly tarball no local data for comma-separated-tokens@https://registry.npmjs.org/comma-separated-tokens/-/comma-separated-tokens-1.0.8.tgz. Extracting by manifest.
881 silly tarball no local data for color-convert@https://registry.npmjs.org/color-convert/-/color-convert-2.0.1.tgz. Extracting by manifest.
882 silly tarball no local data for clone-deep@https://registry.npmjs.org/clone-deep/-/clone-deep-4.0.1.tgz. Extracting by manifest.
883 silly tarball no local data for clone@https://registry.npmjs.org/clone/-/clone-1.0.4.tgz. Extracting by manifest.
884 silly tarball no local data for clsx@https://registry.npmjs.org/clsx/-/clsx-2.1.1.tgz. Extracting by manifest.
885 silly tarball no local data for cliui@https://registry.npmjs.org/cliui/-/cliui-8.0.1.tgz. Extracting by manifest.
886 silly tarball no local data for client-only@https://registry.npmjs.org/client-only/-/client-only-0.0.1.tgz. Extracting by manifest.
887 silly tarball no local data for cli-width@https://registry.npmjs.org/cli-width/-/cli-width-4.1.0.tgz. Extracting by manifest.
888 silly tarball no local data for cli-cursor@https://registry.npmjs.org/cli-cursor/-/cli-cursor-3.1.0.tgz. Extracting by manifest.
889 silly tarball no local data for codemirror@https://registry.npmjs.org/codemirror/-/codemirror-6.0.2.tgz. Extracting by manifest.
890 silly tarball no local data for cli-spinners@https://registry.npmjs.org/cli-spinners/-/cli-spinners-2.9.2.tgz. Extracting by manifest.
891 silly tarball no local data for classnames@https://registry.npmjs.org/classnames/-/classnames-2.5.1.tgz. Extracting by manifest.
892 silly tarball no local data for dunder-proto@https://registry.npmjs.org/dunder-proto/-/dunder-proto-1.0.1.tgz. Extracting by manifest.
893 silly tarball no local data for chownr@https://registry.npmjs.org/chownr/-/chownr-3.0.0.tgz. Extracting by manifest.
894 silly tarball no local data for chokidar@https://registry.npmjs.org/chokidar/-/chokidar-3.6.0.tgz. Extracting by manifest.
895 silly tarball no local data for character-reference-invalid@https://registry.npmjs.org/character-reference-invalid/-/character-reference-invalid-1.1.4.tgz. Extracting by manifest.
896 silly tarball no local data for clean-stack@https://registry.npmjs.org/clean-stack/-/clean-stack-3.0.1.tgz. Extracting by manifest.
897 silly tarball no local data for chardet@https://registry.npmjs.org/chardet/-/chardet-2.1.1.tgz. Extracting by manifest.
898 silly tarball no local data for character-entities@https://registry.npmjs.org/character-entities/-/character-entities-1.2.4.tgz. Extracting by manifest.
899 silly tarball no local data for character-entities-legacy@https://registry.npmjs.org/character-entities-legacy/-/character-entities-legacy-1.1.4.tgz. Extracting by manifest.
900 silly tarball no local data for chalk@https://registry.npmjs.org/chalk/-/chalk-4.1.2.tgz. Extracting by manifest.
901 silly tarball no local data for ce-la-react@https://registry.npmjs.org/ce-la-react/-/ce-la-react-0.3.2.tgz. Extracting by manifest.
902 silly tarball no local data for caniuse-lite@https://registry.npmjs.org/caniuse-lite/-/caniuse-lite-1.0.30001793.tgz. Extracting by manifest.
903 silly tarball no local data for castable-video@https://registry.npmjs.org/castable-video/-/castable-video-1.1.16.tgz. Extracting by manifest.
904 silly tarball no local data for camelcase-keys@https://registry.npmjs.org/camelcase-keys/-/camelcase-keys-6.2.2.tgz. Extracting by manifest.
905 silly tarball no local data for camelize@https://registry.npmjs.org/camelize/-/camelize-1.0.1.tgz. Extracting by manifest.
906 silly tarball no local data for cardinal@https://registry.npmjs.org/cardinal/-/cardinal-2.1.1.tgz. Extracting by manifest.
907 silly tarball no local data for callsites@https://registry.npmjs.org/callsites/-/callsites-3.1.0.tgz. Extracting by manifest.
908 silly tarball no local data for camelcase@https://registry.npmjs.org/camelcase/-/camelcase-5.3.1.tgz. Extracting by manifest.
909 silly tarball no local data for call-bound@https://registry.npmjs.org/call-bound/-/call-bound-1.0.4.tgz. Extracting by manifest.
910 silly tarball no local data for call-bind@https://registry.npmjs.org/call-bind/-/call-bind-1.0.9.tgz. Extracting by manifest.
911 silly tarball no local data for busboy@https://registry.npmjs.org/busboy/-/busboy-1.6.0.tgz. Extracting by manifest.
912 silly tarball no local data for call-bind-apply-helpers@https://registry.npmjs.org/call-bind-apply-helpers/-/call-bind-apply-helpers-1.0.2.tgz. Extracting by manifest.
913 silly tarball no local data for builtins@https://registry.npmjs.org/builtins/-/builtins-1.0.3.tgz. Extracting by manifest.
914 silly tarball no local data for buffer-fill@https://registry.npmjs.org/buffer-fill/-/buffer-fill-1.0.0.tgz. Extracting by manifest.
915 silly tarball no local data for camelcase-css@https://registry.npmjs.org/camelcase-css/-/camelcase-css-2.0.1.tgz. Extracting by manifest.
916 silly tarball no local data for buffer-from@https://registry.npmjs.org/buffer-from/-/buffer-from-1.1.2.tgz. Extracting by manifest.
917 silly tarball no local data for buffer-crc32@https://registry.npmjs.org/buffer-crc32/-/buffer-crc32-1.0.0.tgz. Extracting by manifest.
918 silly tarball no local data for buffer-alloc@https://registry.npmjs.org/buffer-alloc/-/buffer-alloc-1.2.0.tgz. Extracting by manifest.
919 silly tarball no local data for buffer@https://registry.npmjs.org/buffer/-/buffer-5.7.1.tgz. Extracting by manifest.
920 silly tarball no local data for browserslist@https://registry.npmjs.org/browserslist/-/browserslist-4.28.2.tgz. Extracting by manifest.
921 silly tarball no local data for brace-expansion@https://registry.npmjs.org/brace-expansion/-/brace-expansion-1.1.14.tgz. Extracting by manifest.
922 silly tarball no local data for braces@https://registry.npmjs.org/braces/-/braces-3.0.3.tgz. Extracting by manifest.
923 silly tarball no local data for browserify-zlib@https://registry.npmjs.org/browserify-zlib/-/browserify-zlib-0.1.4.tgz. Extracting by manifest.
924 silly tarball no local data for buffer-alloc-unsafe@https://registry.npmjs.org/buffer-alloc-unsafe/-/buffer-alloc-unsafe-1.1.0.tgz. Extracting by manifest.
925 silly tarball no local data for bidi-js@https://registry.npmjs.org/bidi-js/-/bidi-js-1.0.3.tgz. Extracting by manifest.
926 silly tarball no local data for bl@https://registry.npmjs.org/bl/-/bl-4.1.0.tgz. Extracting by manifest.
927 silly tarball no local data for binary-extensions@https://registry.npmjs.org/binary-extensions/-/binary-extensions-2.3.0.tgz. Extracting by manifest.
928 silly tarball no local data for base64-js@https://registry.npmjs.org/base64-js/-/base64-js-1.5.1.tgz. Extracting by manifest.
929 silly tarball no local data for boolbase@https://registry.npmjs.org/boolbase/-/boolbase-1.0.0.tgz. Extracting by manifest.
930 silly tarball no local data for baseline-browser-mapping@https://registry.npmjs.org/baseline-browser-mapping/-/baseline-browser-mapping-2.10.31.tgz. Extracting by manifest.
931 silly tarball no local data for before-after-hook@https://registry.npmjs.org/before-after-hook/-/before-after-hook-4.0.0.tgz. Extracting by manifest.
932 silly tarball no local data for bare-stream@https://registry.npmjs.org/bare-stream/-/bare-stream-2.13.1.tgz. Extracting by manifest.
933 silly tarball no local data for bare-os@https://registry.npmjs.org/bare-os/-/bare-os-3.9.1.tgz. Extracting by manifest.
934 silly tarball no local data for bare-path@https://registry.npmjs.org/bare-path/-/bare-path-3.0.0.tgz. Extracting by manifest.
935 silly tarball no local data for bare-events@https://registry.npmjs.org/bare-events/-/bare-events-2.8.3.tgz. Extracting by manifest.
936 silly tarball no local data for balanced-match@https://registry.npmjs.org/balanced-match/-/balanced-match-1.0.2.tgz. Extracting by manifest.
937 silly tarball no local data for bare-fs@https://registry.npmjs.org/bare-fs/-/bare-fs-4.7.1.tgz. Extracting by manifest.
938 silly tarball no local data for bare-url@https://registry.npmjs.org/bare-url/-/bare-url-2.4.3.tgz. Extracting by manifest.
939 silly tarball no local data for axe-core@https://registry.npmjs.org/axe-core/-/axe-core-4.11.4.tgz. Extracting by manifest.
940 silly tarball no local data for babel-plugin-polyfill-corejs2@https://registry.npmjs.org/babel-plugin-polyfill-corejs2/-/babel-plugin-polyfill-corejs2-0.4.17.tgz. Extracting by manifest.
941 silly tarball no local data for babel-plugin-polyfill-regenerator@https://registry.npmjs.org/babel-plugin-polyfill-regenerator/-/babel-plugin-polyfill-regenerator-0.6.8.tgz. Extracting by manifest.
942 silly tarball no local data for aws4@https://registry.npmjs.org/aws4/-/aws4-1.13.2.tgz. Extracting by manifest.
943 silly tarball no local data for babel-plugin-polyfill-corejs3@https://registry.npmjs.org/babel-plugin-polyfill-corejs3/-/babel-plugin-polyfill-corejs3-0.14.2.tgz. Extracting by manifest.
944 silly tarball no local data for axobject-query@https://registry.npmjs.org/axobject-query/-/axobject-query-4.1.0.tgz. Extracting by manifest.
945 silly tarball no local data for available-typed-arrays@https://registry.npmjs.org/available-typed-arrays/-/available-typed-arrays-1.0.7.tgz. Extracting by manifest.
946 silly tarball no local data for babel-plugin-macros@https://registry.npmjs.org/babel-plugin-macros/-/babel-plugin-macros-3.1.0.tgz. Extracting by manifest.
947 silly tarball no local data for attr-accept@https://registry.npmjs.org/attr-accept/-/attr-accept-2.2.5.tgz. Extracting by manifest.
948 silly tarball no local data for autoprefixer@https://registry.npmjs.org/autoprefixer/-/autoprefixer-10.5.0.tgz. Extracting by manifest.
949 silly tarball no local data for async-mutex@https://registry.npmjs.org/async-mutex/-/async-mutex-0.4.1.tgz. Extracting by manifest.
950 silly tarball no local data for async-function@https://registry.npmjs.org/async-function/-/async-function-1.0.0.tgz. Extracting by manifest.
951 silly tarball no local data for asynckit@https://registry.npmjs.org/asynckit/-/asynckit-0.4.0.tgz. Extracting by manifest.
952 silly tarball no local data for async@https://registry.npmjs.org/async/-/async-3.2.6.tgz. Extracting by manifest.
953 silly tarball no local data for ast-types-flow@https://registry.npmjs.org/ast-types-flow/-/ast-types-flow-0.0.8.tgz. Extracting by manifest.
954 silly tarball no local data for arraybuffer.prototype.slice@https://registry.npmjs.org/arraybuffer.prototype.slice/-/arraybuffer.prototype.slice-1.0.4.tgz. Extracting by manifest.
955 silly tarball no local data for array.prototype.tosorted@https://registry.npmjs.org/array.prototype.tosorted/-/array.prototype.tosorted-1.1.4.tgz. Extracting by manifest.
956 silly tarball no local data for arrify@https://registry.npmjs.org/arrify/-/arrify-2.0.1.tgz. Extracting by manifest.
957 silly tarball no local data for array.prototype.flatmap@https://registry.npmjs.org/array.prototype.flatmap/-/array.prototype.flatmap-1.3.3.tgz. Extracting by manifest.
958 silly tarball no local data for array.prototype.flat@https://registry.npmjs.org/array.prototype.flat/-/array.prototype.flat-1.3.3.tgz. Extracting by manifest.
959 silly tarball no local data for array.prototype.findlastindex@https://registry.npmjs.org/array.prototype.findlastindex/-/array.prototype.findlastindex-1.2.6.tgz. Extracting by manifest.
960 silly tarball no local data for array.prototype.findlast@https://registry.npmjs.org/array.prototype.findlast/-/array.prototype.findlast-1.2.5.tgz. Extracting by manifest.
961 silly tarball no local data for array-treeify@https://registry.npmjs.org/array-treeify/-/array-treeify-0.1.5.tgz. Extracting by manifest.
962 silly tarball no local data for array-includes@https://registry.npmjs.org/array-includes/-/array-includes-3.1.9.tgz. Extracting by manifest.
963 silly tarball no local data for array-union@https://registry.npmjs.org/array-union/-/array-union-2.1.0.tgz. Extracting by manifest.
964 silly tarball no local data for array-buffer-byte-length@https://registry.npmjs.org/array-buffer-byte-length/-/array-buffer-byte-length-1.0.2.tgz. Extracting by manifest.
965 silly tarball no local data for argparse@https://registry.npmjs.org/argparse/-/argparse-2.0.1.tgz. Extracting by manifest.
966 silly tarball no local data for arg@https://registry.npmjs.org/arg/-/arg-5.0.2.tgz. Extracting by manifest.
967 silly tarball no local data for archiver-utils@https://registry.npmjs.org/archiver-utils/-/archiver-utils-5.0.2.tgz. Extracting by manifest.
968 silly tarball no local data for any-promise@https://registry.npmjs.org/any-promise/-/any-promise-1.3.0.tgz. Extracting by manifest.
969 silly tarball no local data for aria-query@https://registry.npmjs.org/aria-query/-/aria-query-5.3.2.tgz. Extracting by manifest.
970 silly tarball no local data for archiver@https://registry.npmjs.org/archiver/-/archiver-7.0.1.tgz. Extracting by manifest.
971 silly tarball no local data for anymatch@https://registry.npmjs.org/anymatch/-/anymatch-3.1.3.tgz. Extracting by manifest.
972 silly tarball no local data for ansicolors@https://registry.npmjs.org/ansicolors/-/ansicolors-0.3.2.tgz. Extracting by manifest.
973 silly tarball no local data for ansi-styles@https://registry.npmjs.org/ansi-styles/-/ansi-styles-4.3.0.tgz. Extracting by manifest.
974 silly tarball no local data for ajv@https://registry.npmjs.org/ajv/-/ajv-6.15.0.tgz. Extracting by manifest.
975 silly tarball no local data for ansis@https://registry.npmjs.org/ansis/-/ansis-3.17.0.tgz. Extracting by manifest.
976 silly tarball no local data for ansi-regex@https://registry.npmjs.org/ansi-regex/-/ansi-regex-5.0.1.tgz. Extracting by manifest.
977 silly tarball no local data for ansi-escapes@https://registry.npmjs.org/ansi-escapes/-/ansi-escapes-4.3.2.tgz. Extracting by manifest.
978 silly tarball no local data for agent-base@https://registry.npmjs.org/agent-base/-/agent-base-7.1.4.tgz. Extracting by manifest.
979 silly tarball no local data for acorn-loose@https://registry.npmjs.org/acorn-loose/-/acorn-loose-8.4.0.tgz. Extracting by manifest.
980 silly tarball no local data for adm-zip@https://registry.npmjs.org/adm-zip/-/adm-zip-0.5.17.tgz. Extracting by manifest.
981 silly tarball no local data for @xstate/react@https://registry.npmjs.org/@xstate/react/-/react-6.1.0.tgz. Extracting by manifest.
982 silly tarball no local data for acorn-jsx@https://registry.npmjs.org/acorn-jsx/-/acorn-jsx-5.3.2.tgz. Extracting by manifest.
983 silly tarball no local data for abort-controller@https://registry.npmjs.org/abort-controller/-/abort-controller-3.0.0.tgz. Extracting by manifest.
984 silly tarball no local data for acorn@https://registry.npmjs.org/acorn/-/acorn-8.16.0.tgz. Extracting by manifest.
985 silly tarball no local data for @vercel/edge@https://registry.npmjs.org/@vercel/edge/-/edge-1.3.1.tgz. Extracting by manifest.
986 silly tarball no local data for @vitejs/plugin-react@https://registry.npmjs.org/@vitejs/plugin-react/-/plugin-react-4.7.0.tgz. Extracting by manifest.
987 silly tarball no local data for @vercel/stega@https://registry.npmjs.org/@vercel/stega/-/stega-0.1.2.tgz. Extracting by manifest.
988 silly tarball no local data for @ungap/structured-clone@https://registry.npmjs.org/@ungap/structured-clone/-/structured-clone-1.3.1.tgz. Extracting by manifest.
989 silly tarball no local data for @uiw/codemirror-extensions-basic-setup@https://registry.npmjs.org/@uiw/codemirror-extensions-basic-setup/-/codemirror-extensions-basic-setup-4.25.9.tgz. Extracting by manifest.
990 silly tarball no local data for @unrs/resolver-binding-darwin-arm64@https://registry.npmjs.org/@unrs/resolver-binding-darwin-arm64/-/resolver-binding-darwin-arm64-1.12.2.tgz. Extracting by manifest.
991 silly tarball no local data for @typescript-eslint/visitor-keys@https://registry.npmjs.org/@typescript-eslint/visitor-keys/-/visitor-keys-8.59.4.tgz. Extracting by manifest.
992 silly tarball no local data for @typescript-eslint/utils@https://registry.npmjs.org/@typescript-eslint/utils/-/utils-8.59.4.tgz. Extracting by manifest.
993 silly tarball no local data for @typescript-eslint/types@https://registry.npmjs.org/@typescript-eslint/types/-/types-8.59.4.tgz. Extracting by manifest.
994 silly tarball no local data for @typescript-eslint/typescript-estree@https://registry.npmjs.org/@typescript-eslint/typescript-estree/-/typescript-estree-8.59.4.tgz. Extracting by manifest.
995 silly tarball no local data for @typescript-eslint/type-utils@https://registry.npmjs.org/@typescript-eslint/type-utils/-/type-utils-8.59.4.tgz. Extracting by manifest.
996 silly tarball no local data for @typescript-eslint/project-service@https://registry.npmjs.org/@typescript-eslint/project-service/-/project-service-8.59.4.tgz. Extracting by manifest.
997 silly tarball no local data for @typescript-eslint/tsconfig-utils@https://registry.npmjs.org/@typescript-eslint/tsconfig-utils/-/tsconfig-utils-8.59.4.tgz. Extracting by manifest.
998 silly tarball no local data for @types/which@https://registry.npmjs.org/@types/which/-/which-3.0.4.tgz. Extracting by manifest.
999 silly tarball no local data for @types/use-sync-external-store@https://registry.npmjs.org/@types/use-sync-external-store/-/use-sync-external-store-1.5.0.tgz. Extracting by manifest.
1000 silly tarball no local data for @typescript-eslint/scope-manager@https://registry.npmjs.org/@typescript-eslint/scope-manager/-/scope-manager-8.59.4.tgz. Extracting by manifest.
1001 silly tarball no local data for @typescript-eslint/eslint-plugin@https://registry.npmjs.org/@typescript-eslint/eslint-plugin/-/eslint-plugin-8.59.4.tgz. Extracting by manifest.
1002 silly tarball no local data for @types/unist@https://registry.npmjs.org/@types/unist/-/unist-2.0.11.tgz. Extracting by manifest.
1003 silly tarball no local data for @typescript-eslint/parser@https://registry.npmjs.org/@typescript-eslint/parser/-/parser-8.59.4.tgz. Extracting by manifest.
1004 silly tarball no local data for @types/uuid@https://registry.npmjs.org/@types/uuid/-/uuid-8.3.4.tgz. Extracting by manifest.
1005 silly tarball no local data for @types/speakingurl@https://registry.npmjs.org/@types/speakingurl/-/speakingurl-13.0.6.tgz. Extracting by manifest.
1006 silly tarball no local data for @types/react-transition-group@https://registry.npmjs.org/@types/react-transition-group/-/react-transition-group-4.4.12.tgz. Extracting by manifest.
1007 silly tarball no local data for @types/trusted-types@https://registry.npmjs.org/@types/trusted-types/-/trusted-types-2.0.7.tgz. Extracting by manifest.
1008 silly tarball no local data for @types/react-dom@https://registry.npmjs.org/@types/react-dom/-/react-dom-18.3.7.tgz. Extracting by manifest.
1009 silly tarball no local data for @types/react-is@https://registry.npmjs.org/@types/react-is/-/react-is-19.2.0.tgz. Extracting by manifest.
1010 silly tarball no local data for @types/react@https://registry.npmjs.org/@types/react/-/react-18.3.29.tgz. Extracting by manifest.
1011 silly tarball no local data for @types/prop-types@https://registry.npmjs.org/@types/prop-types/-/prop-types-15.7.15.tgz. Extracting by manifest.
1012 silly tarball no local data for @types/shallow-equals@https://registry.npmjs.org/@types/shallow-equals/-/shallow-equals-1.0.3.tgz. Extracting by manifest.
1013 silly tarball no local data for @types/prismjs@https://registry.npmjs.org/@types/prismjs/-/prismjs-1.26.6.tgz. Extracting by manifest.
1014 silly tarball no local data for @types/tar-stream@https://registry.npmjs.org/@types/tar-stream/-/tar-stream-3.1.4.tgz. Extracting by manifest.
1015 silly tarball no local data for @types/parse-json@https://registry.npmjs.org/@types/parse-json/-/parse-json-4.0.2.tgz. Extracting by manifest.
1016 silly tarball no local data for @types/lodash-es@https://registry.npmjs.org/@types/lodash-es/-/lodash-es-4.17.12.tgz. Extracting by manifest.
1017 silly tarball no local data for @types/normalize-package-data@https://registry.npmjs.org/@types/normalize-package-data/-/normalize-package-data-2.4.4.tgz. Extracting by manifest.
1018 silly tarball no local data for @types/minimist@https://registry.npmjs.org/@types/minimist/-/minimist-1.2.5.tgz. Extracting by manifest.
1019 silly tarball no local data for @types/node@https://registry.npmjs.org/@types/node/-/node-22.19.19.tgz. Extracting by manifest.
1020 silly tarball no local data for @types/eventsource@https://registry.npmjs.org/@types/eventsource/-/eventsource-1.1.15.tgz. Extracting by manifest.
1021 silly tarball no local data for @types/json5@https://registry.npmjs.org/@types/json5/-/json5-0.0.29.tgz. Extracting by manifest.
1022 silly tarball no local data for @types/hast@https://registry.npmjs.org/@types/hast/-/hast-2.3.10.tgz. Extracting by manifest.
1023 silly tarball no local data for @types/estree@https://registry.npmjs.org/@types/estree/-/estree-1.0.8.tgz. Extracting by manifest.
1024 silly tarball no local data for @types/event-source-polyfill@https://registry.npmjs.org/@types/event-source-polyfill/-/event-source-polyfill-1.0.5.tgz. Extracting by manifest.
1025 silly tarball no local data for @types/babel__core@https://registry.npmjs.org/@types/babel__core/-/babel__core-7.20.5.tgz. Extracting by manifest.
1026 silly tarball no local data for @types/babel__generator@https://registry.npmjs.org/@types/babel__generator/-/babel__generator-7.27.0.tgz. Extracting by manifest.
1027 silly tarball no local data for @types/babel__traverse@https://registry.npmjs.org/@types/babel__traverse/-/babel__traverse-7.28.0.tgz. Extracting by manifest.
1028 silly tarball no local data for @tybys/wasm-util@https://registry.npmjs.org/@tybys/wasm-util/-/wasm-util-0.10.2.tgz. Extracting by manifest.
1029 silly tarball no local data for @types/lodash@https://registry.npmjs.org/@types/lodash/-/lodash-4.17.24.tgz. Extracting by manifest.
1030 silly tarball no local data for @types/babel__template@https://registry.npmjs.org/@types/babel__template/-/babel__template-7.4.4.tgz. Extracting by manifest.
1031 silly tarball no local data for @tanstack/virtual-core@https://registry.npmjs.org/@tanstack/virtual-core/-/virtual-core-3.14.0.tgz. Extracting by manifest.
1032 silly tarball no local data for @tanstack/react-virtual@https://registry.npmjs.org/@tanstack/react-virtual/-/react-virtual-3.13.24.tgz. Extracting by manifest.
1033 silly tarball no local data for @tanem/react-nprogress@https://registry.npmjs.org/@tanem/react-nprogress/-/react-nprogress-5.0.63.tgz. Extracting by manifest.
1034 silly tarball no local data for @tanstack/table-core@https://registry.npmjs.org/@tanstack/table-core/-/table-core-8.21.3.tgz. Extracting by manifest.
1035 silly tarball no local data for @swc/helpers@https://registry.npmjs.org/@swc/helpers/-/helpers-0.5.5.tgz. Extracting by manifest.
1036 silly tarball no local data for @standard-schema/spec@https://registry.npmjs.org/@standard-schema/spec/-/spec-1.1.0.tgz. Extracting by manifest.
1037 silly tarball no local data for @swc/counter@https://registry.npmjs.org/@swc/counter/-/counter-0.1.3.tgz. Extracting by manifest.
1038 silly tarball no local data for @sentry/react@https://registry.npmjs.org/@sentry/react/-/react-8.55.2.tgz. Extracting by manifest.
1039 silly tarball no local data for @tanstack/react-table@https://registry.npmjs.org/@tanstack/react-table/-/react-table-8.21.3.tgz. Extracting by manifest.
1040 silly tarball no local data for @standard-schema/utils@https://registry.npmjs.org/@standard-schema/utils/-/utils-0.3.0.tgz. Extracting by manifest.
1041 silly tarball no local data for @sentry/browser@https://registry.npmjs.org/@sentry/browser/-/browser-8.55.2.tgz. Extracting by manifest.
1042 silly tarball no local data for @sentry-internal/replay-canvas@https://registry.npmjs.org/@sentry-internal/replay-canvas/-/replay-canvas-8.55.2.tgz. Extracting by manifest.
1043 silly tarball no local data for @sentry-internal/replay@https://registry.npmjs.org/@sentry-internal/replay/-/replay-8.55.2.tgz. Extracting by manifest.
1044 silly tarball no local data for @sentry-internal/browser-utils@https://registry.npmjs.org/@sentry-internal/browser-utils/-/browser-utils-8.55.2.tgz. Extracting by manifest.
1045 silly tarball no local data for @sentry-internal/feedback@https://registry.npmjs.org/@sentry-internal/feedback/-/feedback-8.55.2.tgz. Extracting by manifest.
1046 silly tarball no local data for @selderee/plugin-htmlparser2@https://registry.npmjs.org/@selderee/plugin-htmlparser2/-/plugin-htmlparser2-0.11.0.tgz. Extracting by manifest.
1047 silly tarball no local data for @sanity/vision@https://registry.npmjs.org/@sanity/vision/-/vision-3.99.0.tgz. Extracting by manifest.
1048 silly tarball no local data for @sentry/core@https://registry.npmjs.org/@sentry/core/-/core-8.55.2.tgz. Extracting by manifest.
1049 silly tarball no local data for @sanity/uuid@https://registry.npmjs.org/@sanity/uuid/-/uuid-3.0.2.tgz. Extracting by manifest.
1050 silly tarball no local data for @sanity/util@https://registry.npmjs.org/@sanity/util/-/util-3.99.0.tgz. Extracting by manifest.
1051 silly tarball no local data for @sanity/types@https://registry.npmjs.org/@sanity/types/-/types-3.99.0.tgz. Extracting by manifest.
1052 silly tarball no local data for @sanity/ui@https://registry.npmjs.org/@sanity/ui/-/ui-2.16.22.tgz. Extracting by manifest.
1053 silly tarball no local data for @sanity/template-validator@https://registry.npmjs.org/@sanity/template-validator/-/template-validator-2.4.6.tgz. Extracting by manifest.
1054 silly tarball no local data for @sanity/sdk@https://registry.npmjs.org/@sanity/sdk/-/sdk-0.0.0-alpha.25.tgz. Extracting by manifest.
1055 silly tarball no local data for @sanity/runtime-cli@https://registry.npmjs.org/@sanity/runtime-cli/-/runtime-cli-9.2.0.tgz. Extracting by manifest.
1056 silly tarball no local data for @sanity/schema@https://registry.npmjs.org/@sanity/schema/-/schema-3.99.0.tgz. Extracting by manifest.
1057 silly tarball no local data for @sanity/telemetry@https://registry.npmjs.org/@sanity/telemetry/-/telemetry-0.8.1.tgz. Extracting by manifest.
1058 silly tarball no local data for @sanity/presentation-comlink@https://registry.npmjs.org/@sanity/presentation-comlink/-/presentation-comlink-1.0.33.tgz. Extracting by manifest.
1059 silly tarball no local data for @sanity/next-loader@https://registry.npmjs.org/@sanity/next-loader/-/next-loader-1.7.5.tgz. Extracting by manifest.
1060 silly tarball no local data for @sanity/preview-kit@https://registry.npmjs.org/@sanity/preview-kit/-/preview-kit-6.2.0.tgz. Extracting by manifest.
1061 silly tarball no local data for @sanity/mutator@https://registry.npmjs.org/@sanity/mutator/-/mutator-3.99.0.tgz. Extracting by manifest.
1062 silly tarball no local data for @sanity/mutate@https://registry.npmjs.org/@sanity/mutate/-/mutate-0.12.6.tgz. Extracting by manifest.
1063 silly tarball no local data for @sanity/migrate@https://registry.npmjs.org/@sanity/migrate/-/migrate-3.99.0.tgz. Extracting by manifest.
1064 silly tarball no local data for @sanity/message-protocol@https://registry.npmjs.org/@sanity/message-protocol/-/message-protocol-0.13.3.tgz. Extracting by manifest.
1065 silly tarball no local data for @sanity/media-library-types@https://registry.npmjs.org/@sanity/media-library-types/-/media-library-types-1.4.0.tgz. Extracting by manifest.
1066 silly tarball no local data for @sanity/logos@https://registry.npmjs.org/@sanity/logos/-/logos-2.2.2.tgz. Extracting by manifest.
1067 silly tarball no local data for @sanity/insert-menu@https://registry.npmjs.org/@sanity/insert-menu/-/insert-menu-1.1.13.tgz. Extracting by manifest.
1068 silly tarball no local data for @sanity/incompatible-plugin@https://registry.npmjs.org/@sanity/incompatible-plugin/-/incompatible-plugin-1.0.5.tgz. Extracting by manifest.
1069 silly tarball no local data for @sanity/icons@https://registry.npmjs.org/@sanity/icons/-/icons-3.7.4.tgz. Extracting by manifest.
1070 silly tarball no local data for @sanity/import@https://registry.npmjs.org/@sanity/import/-/import-3.38.3.tgz. Extracting by manifest.
1071 silly tarball no local data for @sanity/generate-help-url@https://registry.npmjs.org/@sanity/generate-help-url/-/generate-help-url-3.0.1.tgz. Extracting by manifest.
1072 silly tarball no local data for @sanity/image-url@https://registry.npmjs.org/@sanity/image-url/-/image-url-1.2.0.tgz. Extracting by manifest.
1073 silly tarball no local data for @sanity/export@https://registry.npmjs.org/@sanity/export/-/export-3.45.3.tgz. Extracting by manifest.
1074 silly tarball no local data for @sanity/id-utils@https://registry.npmjs.org/@sanity/id-utils/-/id-utils-1.0.0.tgz. Extracting by manifest.
1075 silly tarball no local data for @sanity/eventsource@https://registry.npmjs.org/@sanity/eventsource/-/eventsource-5.0.2.tgz. Extracting by manifest.
1076 silly tarball no local data for @sanity/diff-patch@https://registry.npmjs.org/@sanity/diff-patch/-/diff-patch-5.0.0.tgz. Extracting by manifest.
1077 silly tarball no local data for @sanity/diff-match-patch@https://registry.npmjs.org/@sanity/diff-match-patch/-/diff-match-patch-3.2.0.tgz. Extracting by manifest.
1078 silly tarball no local data for @sanity/comlink@https://registry.npmjs.org/@sanity/comlink/-/comlink-3.1.1.tgz. Extracting by manifest.
1079 silly tarball no local data for @sanity/descriptors@https://registry.npmjs.org/@sanity/descriptors/-/descriptors-1.3.0.tgz. Extracting by manifest.
1080 silly tarball no local data for @sanity/codegen@https://registry.npmjs.org/@sanity/codegen/-/codegen-3.99.0.tgz. Extracting by manifest.
1081 silly tarball no local data for @sanity/client@https://registry.npmjs.org/@sanity/client/-/client-6.29.1.tgz. Extracting by manifest.
1082 silly tarball no local data for @sanity/diff@https://registry.npmjs.org/@sanity/diff/-/diff-3.99.0.tgz. Extracting by manifest.
1083 silly tarball no local data for @sanity/cli@https://registry.npmjs.org/@sanity/cli/-/cli-3.99.0.tgz. Extracting by manifest.
1084 silly tarball no local data for @sanity/asset-utils@https://registry.npmjs.org/@sanity/asset-utils/-/asset-utils-2.3.0.tgz. Extracting by manifest.
1085 silly tarball no local data for @sanity/bifur-client@https://registry.npmjs.org/@sanity/bifur-client/-/bifur-client-0.4.1.tgz. Extracting by manifest.
1086 silly tarball no local data for @sanity/color@https://registry.npmjs.org/@sanity/color/-/color-3.0.6.tgz. Extracting by manifest.
1087 silly tarball no local data for @rushstack/eslint-patch@https://registry.npmjs.org/@rushstack/eslint-patch/-/eslint-patch-1.16.1.tgz. Extracting by manifest.
1088 silly tarball no local data for @rollup/rollup-darwin-arm64@https://registry.npmjs.org/@rollup/rollup-darwin-arm64/-/rollup-darwin-arm64-4.60.4.tgz. Extracting by manifest.
1089 silly tarball no local data for @rtsao/scc@https://registry.npmjs.org/@rtsao/scc/-/scc-1.1.0.tgz. Extracting by manifest.
1090 silly tarball no local data for @rexxars/react-json-inspector@https://registry.npmjs.org/@rexxars/react-json-inspector/-/react-json-inspector-9.0.1.tgz. Extracting by manifest.
1091 silly tarball no local data for @reduxjs/toolkit@https://registry.npmjs.org/@reduxjs/toolkit/-/toolkit-2.12.0.tgz. Extracting by manifest.
1092 silly tarball no local data for @react-email/render@https://registry.npmjs.org/@react-email/render/-/render-1.1.2.tgz. Extracting by manifest.
1093 silly tarball no local data for @portabletext/react@https://registry.npmjs.org/@portabletext/react/-/react-3.2.4.tgz. Extracting by manifest.
1094 silly tarball no local data for @portabletext/to-html@https://registry.npmjs.org/@portabletext/to-html/-/to-html-2.0.17.tgz. Extracting by manifest.
1095 silly tarball no local data for @portabletext/toolkit@https://registry.npmjs.org/@portabletext/toolkit/-/toolkit-2.0.18.tgz. Extracting by manifest.
1096 silly tarball no local data for @portabletext/types@https://registry.npmjs.org/@portabletext/types/-/types-2.0.15.tgz. Extracting by manifest.
1097 silly tarball no local data for @portabletext/patches@https://registry.npmjs.org/@portabletext/patches/-/patches-1.1.5.tgz. Extracting by manifest.
1098 silly tarball no local data for @portabletext/keyboard-shortcuts@https://registry.npmjs.org/@portabletext/keyboard-shortcuts/-/keyboard-shortcuts-1.1.0.tgz. Extracting by manifest.
1099 silly tarball no local data for @pkgjs/parseargs@https://registry.npmjs.org/@pkgjs/parseargs/-/parseargs-0.11.0.tgz. Extracting by manifest.
1100 silly tarball no local data for @octokit/types@https://registry.npmjs.org/@octokit/types/-/types-16.0.0.tgz. Extracting by manifest.
1101 silly tarball no local data for @portabletext/editor@https://registry.npmjs.org/@portabletext/editor/-/editor-1.58.1.tgz. Extracting by manifest.
1102 silly tarball no local data for @rolldown/pluginutils@https://registry.npmjs.org/@rolldown/pluginutils/-/pluginutils-1.0.0-beta.27.tgz. Extracting by manifest.
1103 silly tarball no local data for @octokit/plugin-paginate-rest@https://registry.npmjs.org/@octokit/plugin-paginate-rest/-/plugin-paginate-rest-14.0.0.tgz. Extracting by manifest.
1104 silly tarball no local data for @portabletext/block-tools@https://registry.npmjs.org/@portabletext/block-tools/-/block-tools-1.1.38.tgz. Extracting by manifest.
1105 silly tarball no local data for @octokit/plugin-rest-endpoint-methods@https://registry.npmjs.org/@octokit/plugin-rest-endpoint-methods/-/plugin-rest-endpoint-methods-17.0.0.tgz. Extracting by manifest.
1106 silly tarball no local data for @octokit/request@https://registry.npmjs.org/@octokit/request/-/request-10.0.9.tgz. Extracting by manifest.
1107 silly tarball no local data for @octokit/openapi-types@https://registry.npmjs.org/@octokit/openapi-types/-/openapi-types-27.0.0.tgz. Extracting by manifest.
1108 silly tarball no local data for @octokit/graphql@https://registry.npmjs.org/@octokit/graphql/-/graphql-9.0.3.tgz. Extracting by manifest.
1109 silly tarball no local data for @octokit/endpoint@https://registry.npmjs.org/@octokit/endpoint/-/endpoint-11.0.3.tgz. Extracting by manifest.
1110 silly tarball no local data for @octokit/request-error@https://registry.npmjs.org/@octokit/request-error/-/request-error-7.1.0.tgz. Extracting by manifest.
1111 silly tarball no local data for @octokit/core@https://registry.npmjs.org/@octokit/core/-/core-7.0.6.tgz. Extracting by manifest.
1112 silly tarball no local data for @octokit/auth-token@https://registry.npmjs.org/@octokit/auth-token/-/auth-token-6.0.0.tgz. Extracting by manifest.
1113 silly tarball no local data for @nodelib/fs.stat@https://registry.npmjs.org/@nodelib/fs.stat/-/fs.stat-2.0.5.tgz. Extracting by manifest.
1114 silly tarball no local data for @oclif/plugin-help@https://registry.npmjs.org/@oclif/plugin-help/-/plugin-help-6.2.49.tgz. Extracting by manifest.
1115 silly tarball no local data for @nolyfill/is-core-module@https://registry.npmjs.org/@nolyfill/is-core-module/-/is-core-module-1.0.39.tgz. Extracting by manifest.
1116 silly tarball no local data for @oclif/core@https://registry.npmjs.org/@oclif/core/-/core-4.11.3.tgz. Extracting by manifest.
1117 silly tarball no local data for @nodelib/fs.walk@https://registry.npmjs.org/@nodelib/fs.walk/-/fs.walk-1.2.8.tgz. Extracting by manifest.
1118 silly tarball no local data for @nodelib/fs.scandir@https://registry.npmjs.org/@nodelib/fs.scandir/-/fs.scandir-2.1.5.tgz. Extracting by manifest.
1119 silly tarball no local data for @napi-rs/wasm-runtime@https://registry.npmjs.org/@napi-rs/wasm-runtime/-/wasm-runtime-1.1.4.tgz. Extracting by manifest.
1120 silly tarball no local data for @next/swc-darwin-arm64@https://registry.npmjs.org/@next/swc-darwin-arm64/-/swc-darwin-arm64-14.2.29.tgz. Extracting by manifest.
1121 silly tarball no local data for @next/eslint-plugin-next@https://registry.npmjs.org/@next/eslint-plugin-next/-/eslint-plugin-next-14.2.29.tgz. Extracting by manifest.
1122 silly tarball no local data for @mux/playback-core@https://registry.npmjs.org/@mux/playback-core/-/playback-core-0.35.0.tgz. Extracting by manifest.
1123 silly tarball no local data for @next/env@https://registry.npmjs.org/@next/env/-/env-14.2.29.tgz. Extracting by manifest.
1124 silly tarball no local data for @mux/mux-player-react@https://registry.npmjs.org/@mux/mux-player-react/-/mux-player-react-3.13.0.tgz. Extracting by manifest.
1125 silly tarball no local data for @mux/mux-video@https://registry.npmjs.org/@mux/mux-video/-/mux-video-0.31.0.tgz. Extracting by manifest.
1126 silly tarball no local data for @mux/mux-player@https://registry.npmjs.org/@mux/mux-player/-/mux-player-3.13.0.tgz. Extracting by manifest.
1127 silly tarball no local data for @mux/mux-data-google-ima@https://registry.npmjs.org/@mux/mux-data-google-ima/-/mux-data-google-ima-0.3.17.tgz. Extracting by manifest.
1128 silly tarball no local data for @lezer/lr@https://registry.npmjs.org/@lezer/lr/-/lr-1.4.10.tgz. Extracting by manifest.
1129 silly tarball no local data for @lezer/javascript@https://registry.npmjs.org/@lezer/javascript/-/javascript-1.5.4.tgz. Extracting by manifest.
1130 silly tarball no local data for @lezer/highlight@https://registry.npmjs.org/@lezer/highlight/-/highlight-1.2.3.tgz. Extracting by manifest.
1131 silly tarball no local data for @jridgewell/resolve-uri@https://registry.npmjs.org/@jridgewell/resolve-uri/-/resolve-uri-3.1.2.tgz. Extracting by manifest.
1132 silly tarball no local data for @lezer/common@https://registry.npmjs.org/@lezer/common/-/common-1.5.2.tgz. Extracting by manifest.
1133 silly tarball no local data for @marijn/find-cluster-break@https://registry.npmjs.org/@marijn/find-cluster-break/-/find-cluster-break-1.0.2.tgz. Extracting by manifest.
1134 silly tarball no local data for @jridgewell/remapping@https://registry.npmjs.org/@jridgewell/remapping/-/remapping-2.3.5.tgz. Extracting by manifest.
1135 silly tarball no local data for @jridgewell/gen-mapping@https://registry.npmjs.org/@jridgewell/gen-mapping/-/gen-mapping-0.3.13.tgz. Extracting by manifest.
1136 silly tarball no local data for @jridgewell/sourcemap-codec@https://registry.npmjs.org/@jridgewell/sourcemap-codec/-/sourcemap-codec-1.5.5.tgz. Extracting by manifest.
1137 silly tarball no local data for @juggle/resize-observer@https://registry.npmjs.org/@juggle/resize-observer/-/resize-observer-3.4.0.tgz. Extracting by manifest.
1138 silly tarball no local data for @isaacs/cliui@https://registry.npmjs.org/@isaacs/cliui/-/cliui-8.0.2.tgz. Extracting by manifest.
1139 silly tarball no local data for @inquirer/select@https://registry.npmjs.org/@inquirer/select/-/select-4.4.2.tgz. Extracting by manifest.
1140 silly tarball no local data for @jridgewell/trace-mapping@https://registry.npmjs.org/@jridgewell/trace-mapping/-/trace-mapping-0.3.31.tgz. Extracting by manifest.
1141 silly tarball no local data for @inquirer/search@https://registry.npmjs.org/@inquirer/search/-/search-3.2.2.tgz. Extracting by manifest.
1142 silly tarball no local data for @isaacs/fs-minipass@https://registry.npmjs.org/@isaacs/fs-minipass/-/fs-minipass-4.0.1.tgz. Extracting by manifest.
1143 silly tarball no local data for @inquirer/type@https://registry.npmjs.org/@inquirer/type/-/type-3.0.10.tgz. Extracting by manifest.
1144 silly tarball no local data for @inquirer/password@https://registry.npmjs.org/@inquirer/password/-/password-4.0.23.tgz. Extracting by manifest.
1145 silly tarball no local data for @inquirer/prompts@https://registry.npmjs.org/@inquirer/prompts/-/prompts-7.10.1.tgz. Extracting by manifest.
1146 silly tarball no local data for @inquirer/input@https://registry.npmjs.org/@inquirer/input/-/input-4.3.1.tgz. Extracting by manifest.
1147 silly tarball no local data for @inquirer/number@https://registry.npmjs.org/@inquirer/number/-/number-3.0.23.tgz. Extracting by manifest.
1148 silly tarball no local data for @inquirer/rawlist@https://registry.npmjs.org/@inquirer/rawlist/-/rawlist-4.1.11.tgz. Extracting by manifest.
1149 silly tarball no local data for @inquirer/external-editor@https://registry.npmjs.org/@inquirer/external-editor/-/external-editor-1.0.3.tgz. Extracting by manifest.
1150 silly tarball no local data for @inquirer/expand@https://registry.npmjs.org/@inquirer/expand/-/expand-4.0.23.tgz. Extracting by manifest.
1151 silly tarball no local data for @inquirer/figures@https://registry.npmjs.org/@inquirer/figures/-/figures-1.0.15.tgz. Extracting by manifest.
1152 silly tarball no local data for @inquirer/editor@https://registry.npmjs.org/@inquirer/editor/-/editor-4.2.23.tgz. Extracting by manifest.
1153 silly tarball no local data for @inquirer/core@https://registry.npmjs.org/@inquirer/core/-/core-10.3.2.tgz. Extracting by manifest.
1154 silly tarball no local data for @inquirer/confirm@https://registry.npmjs.org/@inquirer/confirm/-/confirm-5.1.21.tgz. Extracting by manifest.
1155 silly tarball no local data for @inquirer/ansi@https://registry.npmjs.org/@inquirer/ansi/-/ansi-1.0.2.tgz. Extracting by manifest.
1156 silly tarball no local data for @humanwhocodes/object-schema@https://registry.npmjs.org/@humanwhocodes/object-schema/-/object-schema-2.0.3.tgz. Extracting by manifest.
1157 silly tarball no local data for @inquirer/checkbox@https://registry.npmjs.org/@inquirer/checkbox/-/checkbox-4.3.2.tgz. Extracting by manifest.
1158 silly tarball no local data for @humanwhocodes/config-array@https://registry.npmjs.org/@humanwhocodes/config-array/-/config-array-0.13.0.tgz. Extracting by manifest.
1159 silly tarball no local data for @hookform/resolvers@https://registry.npmjs.org/@hookform/resolvers/-/resolvers-3.10.0.tgz. Extracting by manifest.
1160 silly tarball no local data for @humanwhocodes/module-importer@https://registry.npmjs.org/@humanwhocodes/module-importer/-/module-importer-1.0.1.tgz. Extracting by manifest.
1161 silly tarball no local data for @floating-ui/react-dom@https://registry.npmjs.org/@floating-ui/react-dom/-/react-dom-2.1.8.tgz. Extracting by manifest.
1162 silly tarball no local data for @floating-ui/utils@https://registry.npmjs.org/@floating-ui/utils/-/utils-0.2.11.tgz. Extracting by manifest.
1163 silly tarball no local data for @floating-ui/dom@https://registry.npmjs.org/@floating-ui/dom/-/dom-1.7.6.tgz. Extracting by manifest.
1164 silly tarball no local data for @exodus/bytes@https://registry.npmjs.org/@exodus/bytes/-/bytes-1.15.0.tgz. Extracting by manifest.
1165 silly tarball no local data for @floating-ui/core@https://registry.npmjs.org/@floating-ui/core/-/core-1.7.5.tgz. Extracting by manifest.
1166 silly tarball no local data for @eslint/eslintrc@https://registry.npmjs.org/@eslint/eslintrc/-/eslintrc-2.1.4.tgz. Extracting by manifest.
1167 silly tarball no local data for @eslint/js@https://registry.npmjs.org/@eslint/js/-/js-8.57.1.tgz. Extracting by manifest.
1168 silly tarball no local data for @eslint-community/regexpp@https://registry.npmjs.org/@eslint-community/regexpp/-/regexpp-4.12.2.tgz. Extracting by manifest.
1169 silly tarball no local data for @emotion/utils@https://registry.npmjs.org/@emotion/utils/-/utils-1.4.2.tgz. Extracting by manifest.
1170 silly tarball no local data for @esbuild/darwin-arm64@https://registry.npmjs.org/@esbuild/darwin-arm64/-/darwin-arm64-0.25.6.tgz. Extracting by manifest.
1171 silly tarball no local data for @eslint-community/eslint-utils@https://registry.npmjs.org/@eslint-community/eslint-utils/-/eslint-utils-4.9.1.tgz. Extracting by manifest.
1172 silly tarball no local data for @emotion/weak-memoize@https://registry.npmjs.org/@emotion/weak-memoize/-/weak-memoize-0.4.0.tgz. Extracting by manifest.
1173 silly tarball no local data for @emotion/unitless@https://registry.npmjs.org/@emotion/unitless/-/unitless-0.10.0.tgz. Extracting by manifest.
1174 silly tarball no local data for @emotion/use-insertion-effect-with-fallbacks@https://registry.npmjs.org/@emotion/use-insertion-effect-with-fallbacks/-/use-insertion-effect-with-fallbacks-1.2.0.tgz. Extracting by manifest.
1175 silly tarball no local data for @emotion/sheet@https://registry.npmjs.org/@emotion/sheet/-/sheet-1.4.0.tgz. Extracting by manifest.
1176 silly tarball no local data for @emotion/serialize@https://registry.npmjs.org/@emotion/serialize/-/serialize-1.3.3.tgz. Extracting by manifest.
1177 silly tarball no local data for @emotion/react@https://registry.npmjs.org/@emotion/react/-/react-11.14.0.tgz. Extracting by manifest.
1178 silly tarball no local data for @emotion/memoize@https://registry.npmjs.org/@emotion/memoize/-/memoize-0.9.0.tgz. Extracting by manifest.
1179 silly tarball no local data for @emotion/is-prop-valid@https://registry.npmjs.org/@emotion/is-prop-valid/-/is-prop-valid-1.4.0.tgz. Extracting by manifest.
1180 silly tarball no local data for @emotion/hash@https://registry.npmjs.org/@emotion/hash/-/hash-0.9.2.tgz. Extracting by manifest.
1181 silly tarball no local data for @emotion/cache@https://registry.npmjs.org/@emotion/cache/-/cache-11.14.0.tgz. Extracting by manifest.
1182 silly tarball no local data for @emnapi/wasi-threads@https://registry.npmjs.org/@emnapi/wasi-threads/-/wasi-threads-1.2.1.tgz. Extracting by manifest.
1183 silly tarball no local data for @emnapi/runtime@https://registry.npmjs.org/@emnapi/runtime/-/runtime-1.10.0.tgz. Extracting by manifest.
1184 silly tarball no local data for @emnapi/core@https://registry.npmjs.org/@emnapi/core/-/core-1.10.0.tgz. Extracting by manifest.
1185 silly tarball no local data for @dnd-kit/utilities@https://registry.npmjs.org/@dnd-kit/utilities/-/utilities-3.2.2.tgz. Extracting by manifest.
1186 silly tarball no local data for @dnd-kit/core@https://registry.npmjs.org/@dnd-kit/core/-/core-6.3.1.tgz. Extracting by manifest.
1187 silly tarball no local data for @dnd-kit/modifiers@https://registry.npmjs.org/@dnd-kit/modifiers/-/modifiers-6.0.1.tgz. Extracting by manifest.
1188 silly tarball no local data for @emotion/babel-plugin@https://registry.npmjs.org/@emotion/babel-plugin/-/babel-plugin-11.13.5.tgz. Extracting by manifest.
1189 silly tarball no local data for @date-fns/tz@https://registry.npmjs.org/@date-fns/tz/-/tz-1.4.1.tgz. Extracting by manifest.
1190 silly tarball no local data for @dnd-kit/sortable@https://registry.npmjs.org/@dnd-kit/sortable/-/sortable-7.0.2.tgz. Extracting by manifest.
1191 silly tarball no local data for @dnd-kit/accessibility@https://registry.npmjs.org/@dnd-kit/accessibility/-/accessibility-3.1.1.tgz. Extracting by manifest.
1192 silly tarball no local data for @csstools/css-tokenizer@https://registry.npmjs.org/@csstools/css-tokenizer/-/css-tokenizer-3.0.4.tgz. Extracting by manifest.
1193 silly tarball no local data for @date-fns/utc@https://registry.npmjs.org/@date-fns/utc/-/utc-2.1.1.tgz. Extracting by manifest.
1194 silly tarball no local data for @csstools/css-color-parser@https://registry.npmjs.org/@csstools/css-color-parser/-/css-color-parser-3.1.0.tgz. Extracting by manifest.
1195 silly tarball no local data for @csstools/color-helpers@https://registry.npmjs.org/@csstools/color-helpers/-/color-helpers-5.1.0.tgz. Extracting by manifest.
1196 silly tarball no local data for @csstools/css-parser-algorithms@https://registry.npmjs.org/@csstools/css-parser-algorithms/-/css-parser-algorithms-3.0.5.tgz. Extracting by manifest.
1197 silly tarball no local data for @csstools/css-calc@https://registry.npmjs.org/@csstools/css-calc/-/css-calc-2.1.4.tgz. Extracting by manifest.
1198 silly tarball no local data for @codemirror/view@https://registry.npmjs.org/@codemirror/view/-/view-6.43.0.tgz. Extracting by manifest.
1199 silly tarball no local data for @codemirror/theme-one-dark@https://registry.npmjs.org/@codemirror/theme-one-dark/-/theme-one-dark-6.1.3.tgz. Extracting by manifest.
1200 silly tarball no local data for @codemirror/lint@https://registry.npmjs.org/@codemirror/lint/-/lint-6.9.6.tgz. Extracting by manifest.
1201 silly tarball no local data for @codemirror/state@https://registry.npmjs.org/@codemirror/state/-/state-6.6.0.tgz. Extracting by manifest.
1202 silly tarball no local data for @codemirror/language@https://registry.npmjs.org/@codemirror/language/-/language-6.12.3.tgz. Extracting by manifest.
1203 silly tarball no local data for @codemirror/search@https://registry.npmjs.org/@codemirror/search/-/search-6.7.0.tgz. Extracting by manifest.
1204 silly tarball no local data for @codemirror/autocomplete@https://registry.npmjs.org/@codemirror/autocomplete/-/autocomplete-6.20.2.tgz. Extracting by manifest.
1205 silly tarball no local data for @codemirror/commands@https://registry.npmjs.org/@codemirror/commands/-/commands-6.10.3.tgz. Extracting by manifest.
1206 silly tarball no local data for @codemirror/lang-javascript@https://registry.npmjs.org/@codemirror/lang-javascript/-/lang-javascript-6.2.5.tgz. Extracting by manifest.
1207 silly tarball no local data for @babel/traverse@https://registry.npmjs.org/@babel/traverse/-/traverse-7.29.0.tgz. Extracting by manifest.
1208 silly tarball no local data for @bramus/specificity@https://registry.npmjs.org/@bramus/specificity/-/specificity-2.4.2.tgz. Extracting by manifest.
1209 silly tarball no local data for @babel/types@https://registry.npmjs.org/@babel/types/-/types-7.29.0.tgz. Extracting by manifest.
1210 silly tarball no local data for @babel/runtime@https://registry.npmjs.org/@babel/runtime/-/runtime-7.29.2.tgz. Extracting by manifest.
1211 silly tarball no local data for @babel/register@https://registry.npmjs.org/@babel/register/-/register-7.29.3.tgz. Extracting by manifest.
1212 silly tarball no local data for @babel/template@https://registry.npmjs.org/@babel/template/-/template-7.28.6.tgz. Extracting by manifest.
1213 silly tarball no local data for @babel/preset-react@https://registry.npmjs.org/@babel/preset-react/-/preset-react-7.28.5.tgz. Extracting by manifest.
1214 silly tarball no local data for @babel/preset-env@https://registry.npmjs.org/@babel/preset-env/-/preset-env-7.29.5.tgz. Extracting by manifest.
1215 silly tarball no local data for @babel/preset-typescript@https://registry.npmjs.org/@babel/preset-typescript/-/preset-typescript-7.28.5.tgz. Extracting by manifest.
1216 silly tarball no local data for @babel/preset-modules@https://registry.npmjs.org/@babel/preset-modules/-/preset-modules-0.1.6-no-external-plugins.tgz. Extracting by manifest.
1217 silly tarball no local data for @babel/plugin-transform-unicode-property-regex@https://registry.npmjs.org/@babel/plugin-transform-unicode-property-regex/-/plugin-transform-unicode-property-regex-7.28.6.tgz. Extracting by manifest.
1218 silly tarball no local data for @babel/plugin-transform-unicode-sets-regex@https://registry.npmjs.org/@babel/plugin-transform-unicode-sets-regex/-/plugin-transform-unicode-sets-regex-7.28.6.tgz. Extracting by manifest.
1219 silly tarball no local data for @babel/plugin-transform-unicode-regex@https://registry.npmjs.org/@babel/plugin-transform-unicode-regex/-/plugin-transform-unicode-regex-7.27.1.tgz. Extracting by manifest.
1220 silly tarball no local data for @babel/plugin-transform-typescript@https://registry.npmjs.org/@babel/plugin-transform-typescript/-/plugin-transform-typescript-7.28.6.tgz. Extracting by manifest.
1221 silly tarball no local data for @babel/plugin-transform-typeof-symbol@https://registry.npmjs.org/@babel/plugin-transform-typeof-symbol/-/plugin-transform-typeof-symbol-7.27.1.tgz. Extracting by manifest.
1222 silly tarball no local data for @babel/plugin-transform-spread@https://registry.npmjs.org/@babel/plugin-transform-spread/-/plugin-transform-spread-7.28.6.tgz. Extracting by manifest.
1223 silly tarball no local data for @babel/plugin-transform-unicode-escapes@https://registry.npmjs.org/@babel/plugin-transform-unicode-escapes/-/plugin-transform-unicode-escapes-7.27.1.tgz. Extracting by manifest.
1224 silly tarball no local data for @babel/plugin-transform-shorthand-properties@https://registry.npmjs.org/@babel/plugin-transform-shorthand-properties/-/plugin-transform-shorthand-properties-7.27.1.tgz. Extracting by manifest.
1225 silly tarball no local data for @babel/plugin-transform-template-literals@https://registry.npmjs.org/@babel/plugin-transform-template-literals/-/plugin-transform-template-literals-7.27.1.tgz. Extracting by manifest.
1226 silly tarball no local data for @babel/plugin-transform-sticky-regex@https://registry.npmjs.org/@babel/plugin-transform-sticky-regex/-/plugin-transform-sticky-regex-7.27.1.tgz. Extracting by manifest.
1227 silly tarball no local data for @babel/plugin-transform-regenerator@https://registry.npmjs.org/@babel/plugin-transform-regenerator/-/plugin-transform-regenerator-7.29.0.tgz. Extracting by manifest.
1228 silly tarball no local data for @babel/plugin-transform-react-pure-annotations@https://registry.npmjs.org/@babel/plugin-transform-react-pure-annotations/-/plugin-transform-react-pure-annotations-7.27.1.tgz. Extracting by manifest.
1229 silly tarball no local data for @babel/plugin-transform-reserved-words@https://registry.npmjs.org/@babel/plugin-transform-reserved-words/-/plugin-transform-reserved-words-7.27.1.tgz. Extracting by manifest.
1230 silly tarball no local data for @babel/plugin-transform-react-jsx-source@https://registry.npmjs.org/@babel/plugin-transform-react-jsx-source/-/plugin-transform-react-jsx-source-7.27.1.tgz. Extracting by manifest.
1231 silly tarball no local data for @babel/plugin-transform-regexp-modifiers@https://registry.npmjs.org/@babel/plugin-transform-regexp-modifiers/-/plugin-transform-regexp-modifiers-7.28.6.tgz. Extracting by manifest.
1232 silly tarball no local data for @babel/plugin-transform-react-jsx-development@https://registry.npmjs.org/@babel/plugin-transform-react-jsx-development/-/plugin-transform-react-jsx-development-7.27.1.tgz. Extracting by manifest.
1233 silly tarball no local data for @babel/plugin-transform-react-display-name@https://registry.npmjs.org/@babel/plugin-transform-react-display-name/-/plugin-transform-react-display-name-7.28.0.tgz. Extracting by manifest.
1234 silly tarball no local data for @babel/plugin-transform-property-literals@https://registry.npmjs.org/@babel/plugin-transform-property-literals/-/plugin-transform-property-literals-7.27.1.tgz. Extracting by manifest.
1235 silly tarball no local data for @babel/plugin-transform-react-jsx-self@https://registry.npmjs.org/@babel/plugin-transform-react-jsx-self/-/plugin-transform-react-jsx-self-7.27.1.tgz. Extracting by manifest.
1236 silly tarball no local data for @babel/plugin-transform-private-property-in-object@https://registry.npmjs.org/@babel/plugin-transform-private-property-in-object/-/plugin-transform-private-property-in-object-7.28.6.tgz. Extracting by manifest.
1237 silly tarball no local data for @babel/plugin-transform-private-methods@https://registry.npmjs.org/@babel/plugin-transform-private-methods/-/plugin-transform-private-methods-7.28.6.tgz. Extracting by manifest.
1238 silly tarball no local data for @babel/plugin-transform-react-jsx@https://registry.npmjs.org/@babel/plugin-transform-react-jsx/-/plugin-transform-react-jsx-7.28.6.tgz. Extracting by manifest.
1239 silly tarball no local data for @babel/plugin-transform-parameters@https://registry.npmjs.org/@babel/plugin-transform-parameters/-/plugin-transform-parameters-7.27.7.tgz. Extracting by manifest.
1240 silly tarball no local data for @babel/plugin-transform-optional-chaining@https://registry.npmjs.org/@babel/plugin-transform-optional-chaining/-/plugin-transform-optional-chaining-7.28.6.tgz. Extracting by manifest.
1241 silly tarball no local data for @babel/plugin-transform-optional-catch-binding@https://registry.npmjs.org/@babel/plugin-transform-optional-catch-binding/-/plugin-transform-optional-catch-binding-7.28.6.tgz. Extracting by manifest.
1242 silly tarball no local data for @babel/plugin-transform-object-rest-spread@https://registry.npmjs.org/@babel/plugin-transform-object-rest-spread/-/plugin-transform-object-rest-spread-7.28.6.tgz. Extracting by manifest.
1243 silly tarball no local data for @babel/plugin-transform-nullish-coalescing-operator@https://registry.npmjs.org/@babel/plugin-transform-nullish-coalescing-operator/-/plugin-transform-nullish-coalescing-operator-7.28.6.tgz. Extracting by manifest.
1244 silly tarball no local data for @babel/plugin-transform-new-target@https://registry.npmjs.org/@babel/plugin-transform-new-target/-/plugin-transform-new-target-7.27.1.tgz. Extracting by manifest.
1245 silly tarball no local data for @babel/plugin-transform-modules-umd@https://registry.npmjs.org/@babel/plugin-transform-modules-umd/-/plugin-transform-modules-umd-7.27.1.tgz. Extracting by manifest.
1246 silly tarball no local data for @babel/plugin-transform-object-super@https://registry.npmjs.org/@babel/plugin-transform-object-super/-/plugin-transform-object-super-7.27.1.tgz. Extracting by manifest.
1247 silly tarball no local data for @babel/plugin-transform-modules-amd@https://registry.npmjs.org/@babel/plugin-transform-modules-amd/-/plugin-transform-modules-amd-7.27.1.tgz. Extracting by manifest.
1248 silly tarball no local data for @babel/plugin-transform-named-capturing-groups-regex@https://registry.npmjs.org/@babel/plugin-transform-named-capturing-groups-regex/-/plugin-transform-named-capturing-groups-regex-7.29.0.tgz. Extracting by manifest.
1249 silly tarball no local data for @babel/plugin-transform-member-expression-literals@https://registry.npmjs.org/@babel/plugin-transform-member-expression-literals/-/plugin-transform-member-expression-literals-7.27.1.tgz. Extracting by manifest.
1250 silly tarball no local data for @babel/plugin-transform-logical-assignment-operators@https://registry.npmjs.org/@babel/plugin-transform-logical-assignment-operators/-/plugin-transform-logical-assignment-operators-7.28.6.tgz. Extracting by manifest.
1251 silly tarball no local data for @babel/plugin-transform-modules-systemjs@https://registry.npmjs.org/@babel/plugin-transform-modules-systemjs/-/plugin-transform-modules-systemjs-7.29.4.tgz. Extracting by manifest.
1252 silly tarball no local data for @babel/plugin-transform-modules-commonjs@https://registry.npmjs.org/@babel/plugin-transform-modules-commonjs/-/plugin-transform-modules-commonjs-7.28.6.tgz. Extracting by manifest.
1253 silly tarball no local data for @babel/plugin-transform-numeric-separator@https://registry.npmjs.org/@babel/plugin-transform-numeric-separator/-/plugin-transform-numeric-separator-7.28.6.tgz. Extracting by manifest.
1254 silly tarball no local data for @babel/plugin-transform-function-name@https://registry.npmjs.org/@babel/plugin-transform-function-name/-/plugin-transform-function-name-7.27.1.tgz. Extracting by manifest.
1255 silly tarball no local data for @babel/plugin-transform-literals@https://registry.npmjs.org/@babel/plugin-transform-literals/-/plugin-transform-literals-7.27.1.tgz. Extracting by manifest.
1256 silly tarball no local data for @babel/plugin-transform-exponentiation-operator@https://registry.npmjs.org/@babel/plugin-transform-exponentiation-operator/-/plugin-transform-exponentiation-operator-7.28.6.tgz. Extracting by manifest.
1257 silly tarball no local data for @babel/plugin-transform-for-of@https://registry.npmjs.org/@babel/plugin-transform-for-of/-/plugin-transform-for-of-7.27.1.tgz. Extracting by manifest.
1258 silly tarball no local data for @babel/plugin-transform-export-namespace-from@https://registry.npmjs.org/@babel/plugin-transform-export-namespace-from/-/plugin-transform-export-namespace-from-7.27.1.tgz. Extracting by manifest.
1259 silly tarball no local data for @babel/plugin-transform-json-strings@https://registry.npmjs.org/@babel/plugin-transform-json-strings/-/plugin-transform-json-strings-7.28.6.tgz. Extracting by manifest.
1260 silly tarball no local data for @babel/plugin-transform-explicit-resource-management@https://registry.npmjs.org/@babel/plugin-transform-explicit-resource-management/-/plugin-transform-explicit-resource-management-7.28.6.tgz. Extracting by manifest.
1261 silly tarball no local data for @babel/plugin-transform-dynamic-import@https://registry.npmjs.org/@babel/plugin-transform-dynamic-import/-/plugin-transform-dynamic-import-7.27.1.tgz. Extracting by manifest.
1262 silly tarball no local data for @babel/plugin-transform-computed-properties@https://registry.npmjs.org/@babel/plugin-transform-computed-properties/-/plugin-transform-computed-properties-7.28.6.tgz. Extracting by manifest.
1263 silly tarball no local data for @babel/plugin-transform-destructuring@https://registry.npmjs.org/@babel/plugin-transform-destructuring/-/plugin-transform-destructuring-7.28.5.tgz. Extracting by manifest.
1264 silly tarball no local data for @babel/plugin-transform-duplicate-keys@https://registry.npmjs.org/@babel/plugin-transform-duplicate-keys/-/plugin-transform-duplicate-keys-7.27.1.tgz. Extracting by manifest.
1265 silly tarball no local data for @babel/plugin-transform-dotall-regex@https://registry.npmjs.org/@babel/plugin-transform-dotall-regex/-/plugin-transform-dotall-regex-7.28.6.tgz. Extracting by manifest.
1266 silly tarball no local data for @babel/plugin-transform-duplicate-named-capturing-groups-regex@https://registry.npmjs.org/@babel/plugin-transform-duplicate-named-capturing-groups-regex/-/plugin-transform-duplicate-named-capturing-groups-regex-7.29.0.tgz. Extracting by manifest.
1267 silly tarball no local data for @babel/plugin-transform-class-static-block@https://registry.npmjs.org/@babel/plugin-transform-class-static-block/-/plugin-transform-class-static-block-7.28.6.tgz. Extracting by manifest.
1268 silly tarball no local data for @babel/plugin-transform-async-to-generator@https://registry.npmjs.org/@babel/plugin-transform-async-to-generator/-/plugin-transform-async-to-generator-7.28.6.tgz. Extracting by manifest.
1269 silly tarball no local data for @babel/plugin-transform-classes@https://registry.npmjs.org/@babel/plugin-transform-classes/-/plugin-transform-classes-7.28.6.tgz. Extracting by manifest.
1270 silly tarball no local data for @babel/plugin-transform-block-scoped-functions@https://registry.npmjs.org/@babel/plugin-transform-block-scoped-functions/-/plugin-transform-block-scoped-functions-7.27.1.tgz. Extracting by manifest.
1271 silly tarball no local data for @babel/plugin-transform-block-scoping@https://registry.npmjs.org/@babel/plugin-transform-block-scoping/-/plugin-transform-block-scoping-7.28.6.tgz. Extracting by manifest.
1272 silly tarball no local data for @babel/plugin-transform-async-generator-functions@https://registry.npmjs.org/@babel/plugin-transform-async-generator-functions/-/plugin-transform-async-generator-functions-7.29.0.tgz. Extracting by manifest.
1273 silly tarball no local data for @babel/plugin-syntax-unicode-sets-regex@https://registry.npmjs.org/@babel/plugin-syntax-unicode-sets-regex/-/plugin-syntax-unicode-sets-regex-7.18.6.tgz. Extracting by manifest.
1274 silly tarball no local data for @babel/plugin-transform-class-properties@https://registry.npmjs.org/@babel/plugin-transform-class-properties/-/plugin-transform-class-properties-7.28.6.tgz. Extracting by manifest.
1275 silly tarball no local data for @babel/plugin-syntax-typescript@https://registry.npmjs.org/@babel/plugin-syntax-typescript/-/plugin-syntax-typescript-7.28.6.tgz. Extracting by manifest.
1276 silly tarball no local data for @babel/plugin-transform-arrow-functions@https://registry.npmjs.org/@babel/plugin-transform-arrow-functions/-/plugin-transform-arrow-functions-7.27.1.tgz. Extracting by manifest.
1277 silly tarball no local data for @babel/plugin-syntax-import-attributes@https://registry.npmjs.org/@babel/plugin-syntax-import-attributes/-/plugin-syntax-import-attributes-7.28.6.tgz. Extracting by manifest.
1278 silly tarball no local data for @babel/plugin-proposal-private-property-in-object@https://registry.npmjs.org/@babel/plugin-proposal-private-property-in-object/-/plugin-proposal-private-property-in-object-7.21.0-placeholder-for-preset-env.2.tgz. Extracting by manifest.
1279 silly tarball no local data for @babel/plugin-syntax-jsx@https://registry.npmjs.org/@babel/plugin-syntax-jsx/-/plugin-syntax-jsx-7.28.6.tgz. Extracting by manifest.
1280 silly tarball no local data for @babel/plugin-bugfix-v8-spread-parameters-in-optional-chaining@https://registry.npmjs.org/@babel/plugin-bugfix-v8-spread-parameters-in-optional-chaining/-/plugin-bugfix-v8-spread-parameters-in-optional-chaining-7.27.1.tgz. Extracting by manifest.
1281 silly tarball no local data for @babel/plugin-bugfix-v8-static-class-fields-redefine-readonly@https://registry.npmjs.org/@babel/plugin-bugfix-v8-static-class-fields-redefine-readonly/-/plugin-bugfix-v8-static-class-fields-redefine-readonly-7.28.6.tgz. Extracting by manifest.
1282 silly tarball no local data for @babel/plugin-syntax-import-assertions@https://registry.npmjs.org/@babel/plugin-syntax-import-assertions/-/plugin-syntax-import-assertions-7.28.6.tgz. Extracting by manifest.
1283 silly tarball no local data for @babel/plugin-bugfix-safari-rest-destructuring-rhs-array@https://registry.npmjs.org/@babel/plugin-bugfix-safari-rest-destructuring-rhs-array/-/plugin-bugfix-safari-rest-destructuring-rhs-array-7.29.3.tgz. Extracting by manifest.
1284 silly tarball no local data for @babel/parser@https://registry.npmjs.org/@babel/parser/-/parser-7.29.3.tgz. Extracting by manifest.
1285 silly tarball no local data for @babel/helpers@https://registry.npmjs.org/@babel/helpers/-/helpers-7.29.2.tgz. Extracting by manifest.
1286 silly tarball no local data for @babel/plugin-bugfix-safari-class-field-initializer-scope@https://registry.npmjs.org/@babel/plugin-bugfix-safari-class-field-initializer-scope/-/plugin-bugfix-safari-class-field-initializer-scope-7.27.1.tgz. Extracting by manifest.
1287 silly tarball no local data for @babel/plugin-bugfix-firefox-class-in-computed-class-key@https://registry.npmjs.org/@babel/plugin-bugfix-firefox-class-in-computed-class-key/-/plugin-bugfix-firefox-class-in-computed-class-key-7.28.5.tgz. Extracting by manifest.
1288 silly tarball no local data for @babel/plugin-bugfix-safari-id-destructuring-collision-in-function-expression@https://registry.npmjs.org/@babel/plugin-bugfix-safari-id-destructuring-collision-in-function-expression/-/plugin-bugfix-safari-id-destructuring-collision-in-function-expression-7.27.1.tgz. Extracting by manifest.
1289 silly tarball no local data for @babel/helper-wrap-function@https://registry.npmjs.org/@babel/helper-wrap-function/-/helper-wrap-function-7.28.6.tgz. Extracting by manifest.
1290 silly tarball no local data for @babel/helper-string-parser@https://registry.npmjs.org/@babel/helper-string-parser/-/helper-string-parser-7.27.1.tgz. Extracting by manifest.
1291 silly tarball no local data for @babel/helper-validator-option@https://registry.npmjs.org/@babel/helper-validator-option/-/helper-validator-option-7.27.1.tgz. Extracting by manifest.
1292 silly tarball no local data for @babel/helper-replace-supers@https://registry.npmjs.org/@babel/helper-replace-supers/-/helper-replace-supers-7.28.6.tgz. Extracting by manifest.
1293 silly tarball no local data for @babel/helper-skip-transparent-expression-wrappers@https://registry.npmjs.org/@babel/helper-skip-transparent-expression-wrappers/-/helper-skip-transparent-expression-wrappers-7.27.1.tgz. Extracting by manifest.
1294 silly tarball no local data for @babel/helper-validator-identifier@https://registry.npmjs.org/@babel/helper-validator-identifier/-/helper-validator-identifier-7.28.5.tgz. Extracting by manifest.
1295 silly tarball no local data for @babel/helper-remap-async-to-generator@https://registry.npmjs.org/@babel/helper-remap-async-to-generator/-/helper-remap-async-to-generator-7.27.1.tgz. Extracting by manifest.
1296 silly tarball no local data for @babel/helper-module-imports@https://registry.npmjs.org/@babel/helper-module-imports/-/helper-module-imports-7.28.6.tgz. Extracting by manifest.
1297 silly tarball no local data for @babel/helper-plugin-utils@https://registry.npmjs.org/@babel/helper-plugin-utils/-/helper-plugin-utils-7.28.6.tgz. Extracting by manifest.
1298 silly tarball no local data for @babel/helper-globals@https://registry.npmjs.org/@babel/helper-globals/-/helper-globals-7.28.0.tgz. Extracting by manifest.
1299 silly tarball no local data for @babel/helper-member-expression-to-functions@https://registry.npmjs.org/@babel/helper-member-expression-to-functions/-/helper-member-expression-to-functions-7.28.5.tgz. Extracting by manifest.
1300 silly tarball no local data for @babel/helper-optimise-call-expression@https://registry.npmjs.org/@babel/helper-optimise-call-expression/-/helper-optimise-call-expression-7.27.1.tgz. Extracting by manifest.
1301 silly tarball no local data for @babel/helper-module-transforms@https://registry.npmjs.org/@babel/helper-module-transforms/-/helper-module-transforms-7.28.6.tgz. Extracting by manifest.
1302 silly tarball no local data for @babel/helper-create-regexp-features-plugin@https://registry.npmjs.org/@babel/helper-create-regexp-features-plugin/-/helper-create-regexp-features-plugin-7.28.5.tgz. Extracting by manifest.
1303 silly tarball no local data for @babel/helper-create-class-features-plugin@https://registry.npmjs.org/@babel/helper-create-class-features-plugin/-/helper-create-class-features-plugin-7.29.3.tgz. Extracting by manifest.
1304 silly tarball no local data for @babel/helper-define-polyfill-provider@https://registry.npmjs.org/@babel/helper-define-polyfill-provider/-/helper-define-polyfill-provider-0.6.8.tgz. Extracting by manifest.
1305 http fetch GET 200 https://registry.npmjs.org/npm 515ms
1306 silly tarball no local data for @babel/generator@https://registry.npmjs.org/@babel/generator/-/generator-7.29.1.tgz. Extracting by manifest.
1307 silly tarball no local data for @babel/helper-annotate-as-pure@https://registry.npmjs.org/@babel/helper-annotate-as-pure/-/helper-annotate-as-pure-7.27.3.tgz. Extracting by manifest.
1308 silly tarball no local data for @babel/core@https://registry.npmjs.org/@babel/core/-/core-7.29.0.tgz. Extracting by manifest.
1309 silly tarball no local data for @babel/helper-compilation-targets@https://registry.npmjs.org/@babel/helper-compilation-targets/-/helper-compilation-targets-7.28.6.tgz. Extracting by manifest.
1310 silly tarball no local data for @babel/compat-data@https://registry.npmjs.org/@babel/compat-data/-/compat-data-7.29.3.tgz. Extracting by manifest.
1311 silly tarball no local data for @aws-lite/client@https://registry.npmjs.org/@aws-lite/client/-/client-0.21.10.tgz. Extracting by manifest.
1312 silly tarball no local data for @babel/code-frame@https://registry.npmjs.org/@babel/code-frame/-/code-frame-7.29.0.tgz. Extracting by manifest.
1313 silly tarball no local data for @aws-lite/ssm@https://registry.npmjs.org/@aws-lite/ssm/-/ssm-0.2.5.tgz. Extracting by manifest.
1314 silly tarball no local data for @asamuzakjp/generational-cache@https://registry.npmjs.org/@asamuzakjp/generational-cache/-/generational-cache-1.0.1.tgz. Extracting by manifest.
1315 silly tarball no local data for @asamuzakjp/dom-selector@https://registry.npmjs.org/@asamuzakjp/dom-selector/-/dom-selector-2.0.2.tgz. Extracting by manifest.
1316 silly tarball no local data for @aws-lite/s3@https://registry.npmjs.org/@aws-lite/s3/-/s3-0.1.22.tgz. Extracting by manifest.
1317 silly tarball no local data for @asamuzakjp/css-color@https://registry.npmjs.org/@asamuzakjp/css-color/-/css-color-3.2.0.tgz. Extracting by manifest.
1318 silly tarball no local data for @architect/utils@https://registry.npmjs.org/@architect/utils/-/utils-4.0.6.tgz. Extracting by manifest.
1319 silly tarball no local data for @architect/hydrate@https://registry.npmjs.org/@architect/hydrate/-/hydrate-4.0.10.tgz. Extracting by manifest.
1320 silly tarball no local data for @alloc/quick-lru@https://registry.npmjs.org/@alloc/quick-lru/-/quick-lru-5.2.0.tgz. Extracting by manifest.
1321 silly tarball no local data for @architect/asap@https://registry.npmjs.org/@architect/asap/-/asap-7.0.10.tgz. Extracting by manifest.
1322 silly tarball no local data for @architect/inventory@https://registry.npmjs.org/@architect/inventory/-/inventory-4.0.9.tgz. Extracting by manifest.
1323 silly tarball no local data for @actions/io@https://registry.npmjs.org/@actions/io/-/io-3.0.2.tgz. Extracting by manifest.
1324 silly tarball no local data for @actions/http-client@https://registry.npmjs.org/@actions/http-client/-/http-client-4.0.1.tgz. Extracting by manifest.
1325 silly tarball no local data for @architect/parser@https://registry.npmjs.org/@architect/parser/-/parser-7.0.1.tgz. Extracting by manifest.
1326 silly tarball no local data for @asamuzakjp/nwsapi@https://registry.npmjs.org/@asamuzakjp/nwsapi/-/nwsapi-2.3.9.tgz. Extracting by manifest.
1327 silly tarball no local data for @acemir/cssom@https://registry.npmjs.org/@acemir/cssom/-/cssom-0.9.31.tgz. Extracting by manifest.
1328 silly tarball no local data for @actions/core@https://registry.npmjs.org/@actions/core/-/core-3.0.1.tgz. Extracting by manifest.
1329 silly tarball no local data for buffer-crc32@https://registry.npmjs.org/buffer-crc32/-/buffer-crc32-0.2.13.tgz. Extracting by manifest.
1330 silly tarball no local data for yargs-parser@https://registry.npmjs.org/yargs-parser/-/yargs-parser-21.1.1.tgz. Extracting by manifest.
1331 silly tarball no local data for @actions/exec@https://registry.npmjs.org/@actions/exec/-/exec-3.0.0.tgz. Extracting by manifest.
1332 silly tarball no local data for @actions/github@https://registry.npmjs.org/@actions/github/-/github-9.1.1.tgz. Extracting by manifest.
1333 silly tarball no local data for string-width@https://registry.npmjs.org/string-width/-/string-width-4.2.3.tgz. Extracting by manifest.
1334 silly tarball no local data for emoji-regex@https://registry.npmjs.org/emoji-regex/-/emoji-regex-8.0.0.tgz. Extracting by manifest.
1335 silly tarball no local data for emoji-regex@https://registry.npmjs.org/emoji-regex/-/emoji-regex-8.0.0.tgz. Extracting by manifest.
1336 silly tarball no local data for ansi-regex@https://registry.npmjs.org/ansi-regex/-/ansi-regex-6.2.2.tgz. Extracting by manifest.
1337 silly tarball no local data for signal-exit@https://registry.npmjs.org/signal-exit/-/signal-exit-3.0.7.tgz. Extracting by manifest.
1338 silly tarball no local data for strip-ansi@https://registry.npmjs.org/strip-ansi/-/strip-ansi-7.2.0.tgz. Extracting by manifest.
1339 silly tarball no local data for string-width@https://registry.npmjs.org/string-width/-/string-width-4.2.3.tgz. Extracting by manifest.
1340 silly tarball no local data for emoji-regex@https://registry.npmjs.org/emoji-regex/-/emoji-regex-8.0.0.tgz. Extracting by manifest.
1341 silly tarball no local data for ansi-styles@https://registry.npmjs.org/ansi-styles/-/ansi-styles-6.2.3.tgz. Extracting by manifest.
1342 silly tarball no local data for json5@https://registry.npmjs.org/json5/-/json5-1.0.2.tgz. Extracting by manifest.
1343 silly tarball no local data for fdir@https://registry.npmjs.org/fdir/-/fdir-6.5.0.tgz. Extracting by manifest.
1344 silly tarball no local data for string-width@https://registry.npmjs.org/string-width/-/string-width-4.2.3.tgz. Extracting by manifest.
1345 silly tarball no local data for picomatch@https://registry.npmjs.org/picomatch/-/picomatch-4.0.4.tgz. Extracting by manifest.
1346 silly tarball no local data for iconv-lite@https://registry.npmjs.org/iconv-lite/-/iconv-lite-0.6.3.tgz. Extracting by manifest.
1347 silly tarball no local data for picomatch@https://registry.npmjs.org/picomatch/-/picomatch-4.0.4.tgz. Extracting by manifest.
1348 silly tarball no local data for b4a@https://registry.npmjs.org/b4a/-/b4a-1.8.1.tgz. Extracting by manifest.
1349 silly tarball no local data for readable-stream@https://registry.npmjs.org/readable-stream/-/readable-stream-3.6.2.tgz. Extracting by manifest.
1350 silly tarball no local data for fdir@https://registry.npmjs.org/fdir/-/fdir-6.5.0.tgz. Extracting by manifest.
1351 silly tarball no local data for readable-stream@https://registry.npmjs.org/readable-stream/-/readable-stream-3.6.2.tgz. Extracting by manifest.
1352 silly tarball no local data for chownr@https://registry.npmjs.org/chownr/-/chownr-1.1.4.tgz. Extracting by manifest.
1353 silly tarball no local data for tar-stream@https://registry.npmjs.org/tar-stream/-/tar-stream-2.2.0.tgz. Extracting by manifest.
1354 silly tarball no local data for b4a@https://registry.npmjs.org/b4a/-/b4a-1.8.1.tgz. Extracting by manifest.
1355 silly tarball no local data for jiti@https://registry.npmjs.org/jiti/-/jiti-1.21.7.tgz. Extracting by manifest.
1356 silly tarball no local data for strip-ansi@https://registry.npmjs.org/strip-ansi/-/strip-ansi-7.2.0.tgz. Extracting by manifest.
1357 silly tarball no local data for resolve@https://registry.npmjs.org/resolve/-/resolve-1.22.12.tgz. Extracting by manifest.
1358 silly tarball no local data for ansi-regex@https://registry.npmjs.org/ansi-regex/-/ansi-regex-6.2.2.tgz. Extracting by manifest.
1359 silly tarball no local data for emoji-regex@https://registry.npmjs.org/emoji-regex/-/emoji-regex-8.0.0.tgz. Extracting by manifest.
1360 silly tarball no local data for commander@https://registry.npmjs.org/commander/-/commander-4.1.1.tgz. Extracting by manifest.
1361 silly tarball no local data for is-plain-object@https://registry.npmjs.org/is-plain-object/-/is-plain-object-5.0.0.tgz. Extracting by manifest.
1362 silly tarball no local data for unist-util-is@https://registry.npmjs.org/unist-util-is/-/unist-util-is-6.0.1.tgz. Extracting by manifest.
1363 silly tarball no local data for @types/unist@https://registry.npmjs.org/@types/unist/-/unist-3.0.3.tgz. Extracting by manifest.
1364 silly tarball no local data for unist-util-visit-parents@https://registry.npmjs.org/unist-util-visit-parents/-/unist-util-visit-parents-6.0.2.tgz. Extracting by manifest.
1365 silly tarball no local data for react-refractor@https://registry.npmjs.org/react-refractor/-/react-refractor-4.0.0.tgz. Extracting by manifest.
1366 silly tarball no local data for @types/unist@https://registry.npmjs.org/@types/unist/-/unist-3.0.3.tgz. Extracting by manifest.
1367 silly tarball no local data for unist-util-filter@https://registry.npmjs.org/unist-util-filter/-/unist-util-filter-5.0.1.tgz. Extracting by manifest.
1368 silly tarball no local data for property-information@https://registry.npmjs.org/property-information/-/property-information-7.1.0.tgz. Extracting by manifest.
1369 silly tarball no local data for space-separated-tokens@https://registry.npmjs.org/space-separated-tokens/-/space-separated-tokens-2.0.2.tgz. Extracting by manifest.
1370 silly tarball no local data for refractor@https://registry.npmjs.org/refractor/-/refractor-5.0.0.tgz. Extracting by manifest.
1371 silly tarball no local data for parse-entities@https://registry.npmjs.org/parse-entities/-/parse-entities-4.0.2.tgz. Extracting by manifest.
1372 silly tarball no local data for @types/unist@https://registry.npmjs.org/@types/unist/-/unist-3.0.3.tgz. Extracting by manifest.
1373 silly tarball no local data for is-hexadecimal@https://registry.npmjs.org/is-hexadecimal/-/is-hexadecimal-2.0.1.tgz. Extracting by manifest.
1374 silly tarball no local data for is-alphabetical@https://registry.npmjs.org/is-alphabetical/-/is-alphabetical-2.0.1.tgz. Extracting by manifest.
1375 silly tarball no local data for is-alphanumerical@https://registry.npmjs.org/is-alphanumerical/-/is-alphanumerical-2.0.1.tgz. Extracting by manifest.
1376 silly tarball no local data for date-fns@https://registry.npmjs.org/date-fns/-/date-fns-4.2.1.tgz. Extracting by manifest.
1377 silly tarball no local data for hast-util-parse-selector@https://registry.npmjs.org/hast-util-parse-selector/-/hast-util-parse-selector-4.0.0.tgz. Extracting by manifest.
1378 silly tarball no local data for hastscript@https://registry.npmjs.org/hastscript/-/hastscript-9.0.1.tgz. Extracting by manifest.
1379 silly tarball no local data for is-decimal@https://registry.npmjs.org/is-decimal/-/is-decimal-2.0.1.tgz. Extracting by manifest.
1380 silly tarball no local data for character-entities-legacy@https://registry.npmjs.org/character-entities-legacy/-/character-entities-legacy-3.0.0.tgz. Extracting by manifest.
1381 silly tarball no local data for character-reference-invalid@https://registry.npmjs.org/character-reference-invalid/-/character-reference-invalid-2.0.1.tgz. Extracting by manifest.
1382 silly tarball no local data for @sanity/client@https://registry.npmjs.org/@sanity/client/-/client-7.22.0.tgz. Extracting by manifest.
1383 silly tarball no local data for @types/hast@https://registry.npmjs.org/@types/hast/-/hast-3.0.4.tgz. Extracting by manifest.
1384 silly tarball no local data for @sanity/ui@https://registry.npmjs.org/@sanity/ui/-/ui-3.2.0.tgz. Extracting by manifest.
1385 silly tarball no local data for uuid@https://registry.npmjs.org/uuid/-/uuid-11.1.1.tgz. Extracting by manifest.
1386 silly tarball no local data for which@https://registry.npmjs.org/which/-/which-5.0.0.tgz. Extracting by manifest.
1387 silly tarball no local data for react-is@https://registry.npmjs.org/react-is/-/react-is-18.3.1.tgz. Extracting by manifest.
1388 silly tarball no local data for rimraf@https://registry.npmjs.org/rimraf/-/rimraf-5.0.10.tgz. Extracting by manifest.
1389 silly tarball no local data for resolve-from@https://registry.npmjs.org/resolve-from/-/resolve-from-5.0.0.tgz. Extracting by manifest.
1390 silly tarball no local data for isexe@https://registry.npmjs.org/isexe/-/isexe-3.1.5.tgz. Extracting by manifest.
1391 silly tarball no local data for react-compiler-runtime@https://registry.npmjs.org/react-compiler-runtime/-/react-compiler-runtime-19.1.0-rc.2.tgz. Extracting by manifest.
1392 silly tarball no local data for @sanity/preview-url-secret@https://registry.npmjs.org/@sanity/preview-url-secret/-/preview-url-secret-2.1.16.tgz. Extracting by manifest.
1393 silly tarball no local data for minimatch@https://registry.npmjs.org/minimatch/-/minimatch-5.1.9.tgz. Extracting by manifest.
1394 silly tarball no local data for glob@https://registry.npmjs.org/glob/-/glob-7.2.3.tgz. Extracting by manifest.
1395 silly tarball no local data for @sanity/client@https://registry.npmjs.org/@sanity/client/-/client-7.22.0.tgz. Extracting by manifest.
1396 silly tarball no local data for brace-expansion@https://registry.npmjs.org/brace-expansion/-/brace-expansion-2.1.0.tgz. Extracting by manifest.
1397 silly tarball no local data for signal-exit@https://registry.npmjs.org/signal-exit/-/signal-exit-3.0.7.tgz. Extracting by manifest.
1398 silly tarball no local data for buffer@https://registry.npmjs.org/buffer/-/buffer-6.0.3.tgz. Extracting by manifest.
1399 silly tarball no local data for p-limit@https://registry.npmjs.org/p-limit/-/p-limit-2.3.0.tgz. Extracting by manifest.
1400 silly tarball no local data for comma-separated-tokens@https://registry.npmjs.org/comma-separated-tokens/-/comma-separated-tokens-2.0.3.tgz. Extracting by manifest.
1401 silly tarball no local data for p-locate@https://registry.npmjs.org/p-locate/-/p-locate-4.1.0.tgz. Extracting by manifest.
1402 silly tarball no local data for locate-path@https://registry.npmjs.org/locate-path/-/locate-path-5.0.0.tgz. Extracting by manifest.
1403 silly tarball no local data for resolve@https://registry.npmjs.org/resolve/-/resolve-1.22.12.tgz. Extracting by manifest.
1404 silly tarball no local data for type-fest@https://registry.npmjs.org/type-fest/-/type-fest-0.8.1.tgz. Extracting by manifest.
1405 silly tarball no local data for type-fest@https://registry.npmjs.org/type-fest/-/type-fest-0.6.0.tgz. Extracting by manifest.
1406 silly tarball no local data for find-up@https://registry.npmjs.org/find-up/-/find-up-4.1.0.tgz. Extracting by manifest.
1407 silly tarball no local data for semver@https://registry.npmjs.org/semver/-/semver-5.7.2.tgz. Extracting by manifest.
1408 silly tarball no local data for hosted-git-info@https://registry.npmjs.org/hosted-git-info/-/hosted-git-info-2.8.9.tgz. Extracting by manifest.
1409 silly tarball no local data for @types/use-sync-external-store@https://registry.npmjs.org/@types/use-sync-external-store/-/use-sync-external-store-0.0.6.tgz. Extracting by manifest.
1410 silly tarball no local data for fast-deep-equal@https://registry.npmjs.org/fast-deep-equal/-/fast-deep-equal-2.0.1.tgz. Extracting by manifest.
1411 silly tarball no local data for normalize-package-data@https://registry.npmjs.org/normalize-package-data/-/normalize-package-data-2.5.0.tgz. Extracting by manifest.
1412 silly tarball no local data for safe-buffer@https://registry.npmjs.org/safe-buffer/-/safe-buffer-5.1.2.tgz. Extracting by manifest.
1413 silly tarball no local data for duplexify@https://registry.npmjs.org/duplexify/-/duplexify-3.7.1.tgz. Extracting by manifest.
1414 silly tarball no local data for string_decoder@https://registry.npmjs.org/string_decoder/-/string_decoder-1.1.1.tgz. Extracting by manifest.
1415 silly tarball no local data for pump@https://registry.npmjs.org/pump/-/pump-2.0.1.tgz. Extracting by manifest.
1416 silly tarball no local data for readable-stream@https://registry.npmjs.org/readable-stream/-/readable-stream-2.3.8.tgz. Extracting by manifest.
1417 silly tarball no local data for resolve@https://registry.npmjs.org/resolve/-/resolve-1.22.12.tgz. Extracting by manifest.
1418 silly tarball no local data for isarray@https://registry.npmjs.org/isarray/-/isarray-1.0.0.tgz. Extracting by manifest.
1419 silly tarball no local data for media-chrome@https://registry.npmjs.org/media-chrome/-/media-chrome-4.11.1.tgz. Extracting by manifest.
1420 silly tarball no local data for string_decoder@https://registry.npmjs.org/string_decoder/-/string_decoder-1.1.1.tgz. Extracting by manifest.
1421 silly tarball no local data for react-is@https://registry.npmjs.org/react-is/-/react-is-16.13.1.tgz. Extracting by manifest.
1422 silly tarball no local data for safe-buffer@https://registry.npmjs.org/safe-buffer/-/safe-buffer-5.1.2.tgz. Extracting by manifest.
1423 silly tarball no local data for isarray@https://registry.npmjs.org/isarray/-/isarray-1.0.0.tgz. Extracting by manifest.
1424 silly tarball no local data for through2@https://registry.npmjs.org/through2/-/through2-2.0.5.tgz. Extracting by manifest.
1425 silly tarball no local data for readable-stream@https://registry.npmjs.org/readable-stream/-/readable-stream-2.3.8.tgz. Extracting by manifest.
1426 silly tarball no local data for duplexify@https://registry.npmjs.org/duplexify/-/duplexify-3.7.1.tgz. Extracting by manifest.
1427 silly tarball no local data for entities@https://registry.npmjs.org/entities/-/entities-6.0.1.tgz. Extracting by manifest.
1428 silly tarball no local data for log-symbols@https://registry.npmjs.org/log-symbols/-/log-symbols-4.1.0.tgz. Extracting by manifest.
1429 silly tarball no local data for isarray@https://registry.npmjs.org/isarray/-/isarray-1.0.0.tgz. Extracting by manifest.
1430 silly tarball no local data for string_decoder@https://registry.npmjs.org/string_decoder/-/string_decoder-1.1.1.tgz. Extracting by manifest.
1431 silly tarball no local data for safe-buffer@https://registry.npmjs.org/safe-buffer/-/safe-buffer-5.1.2.tgz. Extracting by manifest.
1432 silly tarball no local data for readable-stream@https://registry.npmjs.org/readable-stream/-/readable-stream-2.3.8.tgz. Extracting by manifest.
1433 silly tarball no local data for @sanity/visual-editing-types@https://registry.npmjs.org/@sanity/visual-editing-types/-/visual-editing-types-1.1.8.tgz. Extracting by manifest.
1434 silly tarball no local data for @sanity/visual-editing-csm@https://registry.npmjs.org/@sanity/visual-editing-csm/-/visual-editing-csm-2.0.26.tgz. Extracting by manifest.
1435 silly tarball no local data for @sanity/preview-url-secret@https://registry.npmjs.org/@sanity/preview-url-secret/-/preview-url-secret-2.1.16.tgz. Extracting by manifest.
1436 silly tarball no local data for @sanity/visual-editing@https://registry.npmjs.org/@sanity/visual-editing/-/visual-editing-2.15.4.tgz. Extracting by manifest.
1437 silly tarball no local data for react-compiler-runtime@https://registry.npmjs.org/react-compiler-runtime/-/react-compiler-runtime-19.1.0-rc.2.tgz. Extracting by manifest.
1438 silly tarball no local data for @sanity/client@https://registry.npmjs.org/@sanity/client/-/client-6.29.1.tgz. Extracting by manifest.
1439 silly tarball no local data for semver@https://registry.npmjs.org/semver/-/semver-6.3.1.tgz. Extracting by manifest.
1440 silly tarball no local data for @sanity/client@https://registry.npmjs.org/@sanity/client/-/client-7.22.0.tgz. Extracting by manifest.
1441 silly tarball no local data for postcss@https://registry.npmjs.org/postcss/-/postcss-8.4.31.tgz. Extracting by manifest.
1442 silly tarball no local data for @sanity/mutate@https://registry.npmjs.org/@sanity/mutate/-/mutate-0.11.0-canary.4.tgz. Extracting by manifest.
1443 silly tarball no local data for through2@https://registry.npmjs.org/through2/-/through2-3.0.2.tgz. Extracting by manifest.
1444 silly tarball no local data for semver@https://registry.npmjs.org/semver/-/semver-5.7.2.tgz. Extracting by manifest.
1445 silly tarball no local data for arrify@https://registry.npmjs.org/arrify/-/arrify-1.0.1.tgz. Extracting by manifest.
1446 silly tarball no local data for pify@https://registry.npmjs.org/pify/-/pify-4.0.1.tgz. Extracting by manifest.
1447 silly tarball no local data for readable-stream@https://registry.npmjs.org/readable-stream/-/readable-stream-3.6.2.tgz. Extracting by manifest.
1448 silly tarball no local data for supports-color@https://registry.npmjs.org/supports-color/-/supports-color-5.5.0.tgz. Extracting by manifest.
1449 silly tarball no local data for type-fest@https://registry.npmjs.org/type-fest/-/type-fest-0.18.1.tgz. Extracting by manifest.
1450 silly tarball no local data for escape-string-regexp@https://registry.npmjs.org/escape-string-regexp/-/escape-string-regexp-1.0.5.tgz. Extracting by manifest.
1451 silly tarball no local data for has-flag@https://registry.npmjs.org/has-flag/-/has-flag-3.0.0.tgz. Extracting by manifest.
1452 silly tarball no local data for color-name@https://registry.npmjs.org/color-name/-/color-name-1.1.3.tgz. Extracting by manifest.
1453 silly tarball no local data for chalk@https://registry.npmjs.org/chalk/-/chalk-2.4.2.tgz. Extracting by manifest.
1454 silly tarball no local data for argparse@https://registry.npmjs.org/argparse/-/argparse-1.0.10.tgz. Extracting by manifest.
1455 silly tarball no local data for color-convert@https://registry.npmjs.org/color-convert/-/color-convert-1.9.3.tgz. Extracting by manifest.
1456 silly tarball no local data for string_decoder@https://registry.npmjs.org/string_decoder/-/string_decoder-1.1.1.tgz. Extracting by manifest.
1457 silly tarball no local data for ansi-styles@https://registry.npmjs.org/ansi-styles/-/ansi-styles-3.2.1.tgz. Extracting by manifest.
1458 silly tarball no local data for js-yaml@https://registry.npmjs.org/js-yaml/-/js-yaml-3.14.2.tgz. Extracting by manifest.
1459 silly tarball no local data for pify@https://registry.npmjs.org/pify/-/pify-4.0.1.tgz. Extracting by manifest.
1460 silly tarball no local data for isarray@https://registry.npmjs.org/isarray/-/isarray-1.0.0.tgz. Extracting by manifest.
1461 silly tarball no local data for safe-buffer@https://registry.npmjs.org/safe-buffer/-/safe-buffer-5.1.2.tgz. Extracting by manifest.
1462 silly tarball no local data for whatwg-url@https://registry.npmjs.org/whatwg-url/-/whatwg-url-16.0.1.tgz. Extracting by manifest.
1463 silly tarball no local data for readable-stream@https://registry.npmjs.org/readable-stream/-/readable-stream-2.3.8.tgz. Extracting by manifest.
1464 silly tarball no local data for undici@https://registry.npmjs.org/undici/-/undici-7.25.0.tgz. Extracting by manifest.
1465 silly tarball no local data for tr46@https://registry.npmjs.org/tr46/-/tr46-6.0.0.tgz. Extracting by manifest.
1466 silly tarball no local data for whatwg-mimetype@https://registry.npmjs.org/whatwg-mimetype/-/whatwg-mimetype-5.0.0.tgz. Extracting by manifest.
1467 silly tarball no local data for parse5@https://registry.npmjs.org/parse5/-/parse5-8.0.1.tgz. Extracting by manifest.
1468 silly tarball no local data for webidl-conversions@https://registry.npmjs.org/webidl-conversions/-/webidl-conversions-8.0.1.tgz. Extracting by manifest.
1469 silly tarball no local data for mdn-data@https://registry.npmjs.org/mdn-data/-/mdn-data-2.27.1.tgz. Extracting by manifest.
1470 silly tarball no local data for jsdom@https://registry.npmjs.org/jsdom/-/jsdom-28.1.0.tgz. Extracting by manifest.
1471 silly tarball no local data for tough-cookie@https://registry.npmjs.org/tough-cookie/-/tough-cookie-6.0.1.tgz. Extracting by manifest.
1472 silly tarball no local data for lru-cache@https://registry.npmjs.org/lru-cache/-/lru-cache-11.4.0.tgz. Extracting by manifest.
1473 silly tarball no local data for entities@https://registry.npmjs.org/entities/-/entities-8.0.0.tgz. Extracting by manifest.
1474 silly tarball no local data for html-encoding-sniffer@https://registry.npmjs.org/html-encoding-sniffer/-/html-encoding-sniffer-6.0.0.tgz. Extracting by manifest.
1475 silly tarball no local data for data-urls@https://registry.npmjs.org/data-urls/-/data-urls-7.0.0.tgz. Extracting by manifest.
1476 silly tarball no local data for @csstools/css-tokenizer@https://registry.npmjs.org/@csstools/css-tokenizer/-/css-tokenizer-4.0.0.tgz. Extracting by manifest.
1477 silly tarball no local data for cssstyle@https://registry.npmjs.org/cssstyle/-/cssstyle-6.2.0.tgz. Extracting by manifest.
1478 silly tarball no local data for @csstools/css-color-parser@https://registry.npmjs.org/@csstools/css-color-parser/-/css-color-parser-4.1.1.tgz. Extracting by manifest.
1479 silly tarball no local data for @csstools/css-parser-algorithms@https://registry.npmjs.org/@csstools/css-parser-algorithms/-/css-parser-algorithms-4.0.0.tgz. Extracting by manifest.
1480 silly tarball no local data for @csstools/color-helpers@https://registry.npmjs.org/@csstools/color-helpers/-/color-helpers-6.0.2.tgz. Extracting by manifest.
1481 silly tarball no local data for @asamuzakjp/dom-selector@https://registry.npmjs.org/@asamuzakjp/dom-selector/-/dom-selector-6.8.1.tgz. Extracting by manifest.
1482 silly tarball no local data for css-tree@https://registry.npmjs.org/css-tree/-/css-tree-3.2.1.tgz. Extracting by manifest.
1483 silly tarball no local data for @csstools/css-calc@https://registry.npmjs.org/@csstools/css-calc/-/css-calc-3.2.1.tgz. Extracting by manifest.
1484 silly tarball no local data for @asamuzakjp/css-color@https://registry.npmjs.org/@asamuzakjp/css-color/-/css-color-5.1.11.tgz. Extracting by manifest.
1485 silly tarball no local data for @csstools/css-syntax-patches-for-csstree@https://registry.npmjs.org/@csstools/css-syntax-patches-for-csstree/-/css-syntax-patches-for-csstree-1.1.4.tgz. Extracting by manifest.
1486 silly tarball no local data for yallist@https://registry.npmjs.org/yallist/-/yallist-4.0.0.tgz. Extracting by manifest.
1487 silly tarball no local data for lru-cache@https://registry.npmjs.org/lru-cache/-/lru-cache-6.0.0.tgz. Extracting by manifest.
1488 silly tarball no local data for readable-stream@https://registry.npmjs.org/readable-stream/-/readable-stream-2.3.8.tgz. Extracting by manifest.
1489 silly tarball no local data for through2@https://registry.npmjs.org/through2/-/through2-2.0.5.tgz. Extracting by manifest.
1490 silly tarball no local data for isarray@https://registry.npmjs.org/isarray/-/isarray-1.0.0.tgz. Extracting by manifest.
1491 silly tarball no local data for brace-expansion@https://registry.npmjs.org/brace-expansion/-/brace-expansion-2.1.0.tgz. Extracting by manifest.
1492 silly tarball no local data for minimatch@https://registry.npmjs.org/minimatch/-/minimatch-9.0.9.tgz. Extracting by manifest.
1493 silly tarball no local data for string_decoder@https://registry.npmjs.org/string_decoder/-/string_decoder-1.1.1.tgz. Extracting by manifest.
1494 silly tarball no local data for safe-buffer@https://registry.npmjs.org/safe-buffer/-/safe-buffer-5.1.2.tgz. Extracting by manifest.
1495 silly tarball no local data for readable-stream@https://registry.npmjs.org/readable-stream/-/readable-stream-2.3.8.tgz. Extracting by manifest.
1496 silly tarball no local data for react-is@https://registry.npmjs.org/react-is/-/react-is-16.13.1.tgz. Extracting by manifest.
1497 silly tarball no local data for debug@https://registry.npmjs.org/debug/-/debug-2.6.9.tgz. Extracting by manifest.
1498 silly tarball no local data for string_decoder@https://registry.npmjs.org/string_decoder/-/string_decoder-1.1.1.tgz. Extracting by manifest.
1499 silly tarball no local data for ms@https://registry.npmjs.org/ms/-/ms-2.0.0.tgz. Extracting by manifest.
1500 silly tarball no local data for isarray@https://registry.npmjs.org/isarray/-/isarray-1.0.0.tgz. Extracting by manifest.
1501 silly tarball no local data for safe-buffer@https://registry.npmjs.org/safe-buffer/-/safe-buffer-5.1.2.tgz. Extracting by manifest.
1502 silly tarball no local data for isarray@https://registry.npmjs.org/isarray/-/isarray-0.0.1.tgz. Extracting by manifest.
1503 silly tarball no local data for readable-stream@https://registry.npmjs.org/readable-stream/-/readable-stream-1.1.14.tgz. Extracting by manifest.
1504 silly tarball no local data for string_decoder@https://registry.npmjs.org/string_decoder/-/string_decoder-0.10.31.tgz. Extracting by manifest.
1505 silly tarball no local data for isarray@https://registry.npmjs.org/isarray/-/isarray-1.0.0.tgz. Extracting by manifest.
1506 silly tarball no local data for readable-stream@https://registry.npmjs.org/readable-stream/-/readable-stream-2.3.8.tgz. Extracting by manifest.
1507 silly tarball no local data for safe-buffer@https://registry.npmjs.org/safe-buffer/-/safe-buffer-5.1.2.tgz. Extracting by manifest.
1508 silly tarball no local data for mime-types@https://registry.npmjs.org/mime-types/-/mime-types-2.1.35.tgz. Extracting by manifest.
1509 silly tarball no local data for string_decoder@https://registry.npmjs.org/string_decoder/-/string_decoder-1.1.1.tgz. Extracting by manifest.
1510 silly tarball no local data for readable-stream@https://registry.npmjs.org/readable-stream/-/readable-stream-3.6.2.tgz. Extracting by manifest.
1511 silly tarball no local data for mime-db@https://registry.npmjs.org/mime-db/-/mime-db-1.52.0.tgz. Extracting by manifest.
1512 silly tarball no local data for p-locate@https://registry.npmjs.org/p-locate/-/p-locate-4.1.0.tgz. Extracting by manifest.
1513 silly tarball no local data for pkg-dir@https://registry.npmjs.org/pkg-dir/-/pkg-dir-4.2.0.tgz. Extracting by manifest.
1514 silly tarball no local data for p-limit@https://registry.npmjs.org/p-limit/-/p-limit-2.3.0.tgz. Extracting by manifest.
1515 silly tarball no local data for path-exists@https://registry.npmjs.org/path-exists/-/path-exists-3.0.0.tgz. Extracting by manifest.
1516 silly tarball no local data for pkg-dir@https://registry.npmjs.org/pkg-dir/-/pkg-dir-3.0.0.tgz. Extracting by manifest.
1517 silly tarball no local data for locate-path@https://registry.npmjs.org/locate-path/-/locate-path-5.0.0.tgz. Extracting by manifest.
1518 silly tarball no local data for find-up@https://registry.npmjs.org/find-up/-/find-up-4.1.0.tgz. Extracting by manifest.
1519 silly tarball no local data for locate-path@https://registry.npmjs.org/locate-path/-/locate-path-3.0.0.tgz. Extracting by manifest.
1520 silly tarball no local data for p-limit@https://registry.npmjs.org/p-limit/-/p-limit-2.3.0.tgz. Extracting by manifest.
1521 silly tarball no local data for p-locate@https://registry.npmjs.org/p-locate/-/p-locate-3.0.0.tgz. Extracting by manifest.
1522 silly tarball no local data for glob-parent@https://registry.npmjs.org/glob-parent/-/glob-parent-5.1.2.tgz. Extracting by manifest.
1523 silly tarball no local data for find-up@https://registry.npmjs.org/find-up/-/find-up-3.0.0.tgz. Extracting by manifest.
1524 silly tarball no local data for signal-exit@https://registry.npmjs.org/signal-exit/-/signal-exit-3.0.7.tgz. Extracting by manifest.
1525 silly tarball no local data for brace-expansion@https://registry.npmjs.org/brace-expansion/-/brace-expansion-2.1.0.tgz. Extracting by manifest.
1526 silly tarball no local data for doctrine@https://registry.npmjs.org/doctrine/-/doctrine-2.1.0.tgz. Extracting by manifest.
1527 silly tarball no local data for get-stream@https://registry.npmjs.org/get-stream/-/get-stream-5.2.0.tgz. Extracting by manifest.
1528 silly tarball no local data for minimatch@https://registry.npmjs.org/minimatch/-/minimatch-5.1.9.tgz. Extracting by manifest.
1529 silly tarball no local data for semver@https://registry.npmjs.org/semver/-/semver-6.3.1.tgz. Extracting by manifest.
1530 silly tarball no local data for debug@https://registry.npmjs.org/debug/-/debug-3.2.7.tgz. Extracting by manifest.
1531 silly tarball no local data for debug@https://registry.npmjs.org/debug/-/debug-3.2.7.tgz. Extracting by manifest.
1532 silly tarball no local data for readable-stream@https://registry.npmjs.org/readable-stream/-/readable-stream-3.6.2.tgz. Extracting by manifest.
1533 silly tarball no local data for debug@https://registry.npmjs.org/debug/-/debug-3.2.7.tgz. Extracting by manifest.
1534 silly tarball no local data for semver@https://registry.npmjs.org/semver/-/semver-6.3.1.tgz. Extracting by manifest.
1535 silly tarball no local data for file-type@https://registry.npmjs.org/file-type/-/file-type-3.9.0.tgz. Extracting by manifest.
1536 silly tarball no local data for string_decoder@https://registry.npmjs.org/string_decoder/-/string_decoder-1.1.1.tgz. Extracting by manifest.
1537 silly tarball no local data for is-stream@https://registry.npmjs.org/is-stream/-/is-stream-1.1.0.tgz. Extracting by manifest.
1538 silly tarball no local data for tar-stream@https://registry.npmjs.org/tar-stream/-/tar-stream-1.6.2.tgz. Extracting by manifest.
1539 silly tarball no local data for file-type@https://registry.npmjs.org/file-type/-/file-type-6.2.0.tgz. Extracting by manifest.
1540 silly tarball no local data for is-stream@https://registry.npmjs.org/is-stream/-/is-stream-1.1.0.tgz. Extracting by manifest.
1541 silly tarball no local data for readable-stream@https://registry.npmjs.org/readable-stream/-/readable-stream-2.3.8.tgz. Extracting by manifest.
1542 silly tarball no local data for safe-buffer@https://registry.npmjs.org/safe-buffer/-/safe-buffer-5.1.2.tgz. Extracting by manifest.
1543 silly tarball no local data for make-dir@https://registry.npmjs.org/make-dir/-/make-dir-1.3.0.tgz. Extracting by manifest.
1544 silly tarball no local data for isarray@https://registry.npmjs.org/isarray/-/isarray-1.0.0.tgz. Extracting by manifest.
1545 silly tarball no local data for bl@https://registry.npmjs.org/bl/-/bl-1.2.3.tgz. Extracting by manifest.
1546 silly tarball no local data for pify@https://registry.npmjs.org/pify/-/pify-3.0.0.tgz. Extracting by manifest.
1547 silly tarball no local data for doctrine@https://registry.npmjs.org/doctrine/-/doctrine-2.1.0.tgz. Extracting by manifest.
1548 silly tarball no local data for character-entities@https://registry.npmjs.org/character-entities/-/character-entities-2.0.2.tgz. Extracting by manifest.
1549 silly tarball no local data for map-obj@https://registry.npmjs.org/map-obj/-/map-obj-1.0.1.tgz. Extracting by manifest.
1550 silly tarball no local data for is-stream@https://registry.npmjs.org/is-stream/-/is-stream-1.1.0.tgz. Extracting by manifest.
1551 silly tarball no local data for rrweb-cssom@https://registry.npmjs.org/rrweb-cssom/-/rrweb-cssom-0.8.0.tgz. Extracting by manifest.
1552 silly tarball no local data for semver@https://registry.npmjs.org/semver/-/semver-6.3.1.tgz. Extracting by manifest.
1553 silly tarball no local data for yaml@https://registry.npmjs.org/yaml/-/yaml-1.10.3.tgz. Extracting by manifest.
1554 silly tarball no local data for make-dir@https://registry.npmjs.org/make-dir/-/make-dir-3.1.0.tgz. Extracting by manifest.
1555 silly tarball no local data for xdg-basedir@https://registry.npmjs.org/xdg-basedir/-/xdg-basedir-4.0.0.tgz. Extracting by manifest.
1556 silly tarball no local data for wrap-ansi@https://registry.npmjs.org/wrap-ansi/-/wrap-ansi-7.0.0.tgz. Extracting by manifest.
1557 silly tarball no local data for readable-stream@https://registry.npmjs.org/readable-stream/-/readable-stream-3.6.2.tgz. Extracting by manifest.
1558 silly tarball no local data for string-width@https://registry.npmjs.org/string-width/-/string-width-4.2.3.tgz. Extracting by manifest.
1559 silly tarball no local data for emoji-regex@https://registry.npmjs.org/emoji-regex/-/emoji-regex-8.0.0.tgz. Extracting by manifest.
1560 silly tarball no local data for readable-stream@https://registry.npmjs.org/readable-stream/-/readable-stream-3.6.2.tgz. Extracting by manifest.
1561 silly tarball no local data for glob-parent@https://registry.npmjs.org/glob-parent/-/glob-parent-5.1.2.tgz. Extracting by manifest.
1562 silly tarball no local data for quick-lru@https://registry.npmjs.org/quick-lru/-/quick-lru-4.0.1.tgz. Extracting by manifest.
1563 silly tarball no local data for semver@https://registry.npmjs.org/semver/-/semver-6.3.1.tgz. Extracting by manifest.
1564 silly tarball no local data for resolve@https://registry.npmjs.org/resolve/-/resolve-1.22.12.tgz. Extracting by manifest.
1565 silly tarball no local data for type-fest@https://registry.npmjs.org/type-fest/-/type-fest-0.21.3.tgz. Extracting by manifest.
1566 silly tarball no local data for eslint-visitor-keys@https://registry.npmjs.org/eslint-visitor-keys/-/eslint-visitor-keys-5.0.1.tgz. Extracting by manifest.
1567 silly tarball no local data for brace-expansion@https://registry.npmjs.org/brace-expansion/-/brace-expansion-5.0.6.tgz. Extracting by manifest.
1568 silly tarball no local data for minimatch@https://registry.npmjs.org/minimatch/-/minimatch-10.2.5.tgz. Extracting by manifest.
1569 silly tarball no local data for balanced-match@https://registry.npmjs.org/balanced-match/-/balanced-match-4.0.4.tgz. Extracting by manifest.
1570 silly tarball no local data for ignore@https://registry.npmjs.org/ignore/-/ignore-7.0.5.tgz. Extracting by manifest.
1571 silly tarball no local data for react-compiler-runtime@https://registry.npmjs.org/react-compiler-runtime/-/react-compiler-runtime-19.1.0-rc.2.tgz. Extracting by manifest.
1572 silly tarball no local data for @uiw/react-codemirror@https://registry.npmjs.org/@uiw/react-codemirror/-/react-codemirror-4.25.9.tgz. Extracting by manifest.
1573 silly tarball no local data for @sanity/client@https://registry.npmjs.org/@sanity/client/-/client-7.22.0.tgz. Extracting by manifest.
1574 silly tarball no local data for @rexxars/react-split-pane@https://registry.npmjs.org/@rexxars/react-split-pane/-/react-split-pane-1.0.0.tgz. Extracting by manifest.
1575 silly tarball no local data for yocto-queue@https://registry.npmjs.org/yocto-queue/-/yocto-queue-1.2.2.tgz. Extracting by manifest.
1576 silly tarball no local data for @sanity/client@https://registry.npmjs.org/@sanity/client/-/client-7.22.0.tgz. Extracting by manifest.
1577 silly tarball no local data for date-fns@https://registry.npmjs.org/date-fns/-/date-fns-4.2.1.tgz. Extracting by manifest.
1578 silly tarball no local data for path-exists@https://registry.npmjs.org/path-exists/-/path-exists-5.0.0.tgz. Extracting by manifest.
1579 silly tarball no local data for restore-cursor@https://registry.npmjs.org/restore-cursor/-/restore-cursor-5.1.0.tgz. Extracting by manifest.
1580 silly tarball no local data for string-width@https://registry.npmjs.org/string-width/-/string-width-7.2.0.tgz. Extracting by manifest.
1581 silly tarball no local data for strip-ansi@https://registry.npmjs.org/strip-ansi/-/strip-ansi-7.2.0.tgz. Extracting by manifest.
1582 silly tarball no local data for ora@https://registry.npmjs.org/ora/-/ora-8.2.0.tgz. Extracting by manifest.
1583 silly tarball no local data for p-locate@https://registry.npmjs.org/p-locate/-/p-locate-6.0.0.tgz. Extracting by manifest.
1584 silly tarball no local data for onetime@https://registry.npmjs.org/onetime/-/onetime-7.0.0.tgz. Extracting by manifest.
1585 silly tarball no local data for locate-path@https://registry.npmjs.org/locate-path/-/locate-path-7.2.0.tgz. Extracting by manifest.
1586 silly tarball no local data for log-symbols@https://registry.npmjs.org/log-symbols/-/log-symbols-6.0.0.tgz. Extracting by manifest.
1587 silly tarball no local data for is-unicode-supported@https://registry.npmjs.org/is-unicode-supported/-/is-unicode-supported-1.3.0.tgz. Extracting by manifest.
1588 silly tarball no local data for find-up@https://registry.npmjs.org/find-up/-/find-up-7.0.0.tgz. Extracting by manifest.
1589 silly tarball no local data for is-interactive@https://registry.npmjs.org/is-interactive/-/is-interactive-2.0.0.tgz. Extracting by manifest.
1590 silly tarball no local data for is-unicode-supported@https://registry.npmjs.org/is-unicode-supported/-/is-unicode-supported-2.1.0.tgz. Extracting by manifest.
1591 silly tarball no local data for eventsource@https://registry.npmjs.org/eventsource/-/eventsource-4.1.0.tgz. Extracting by manifest.
1592 silly tarball no local data for emoji-regex@https://registry.npmjs.org/emoji-regex/-/emoji-regex-10.6.0.tgz. Extracting by manifest.
1593 silly tarball no local data for chalk@https://registry.npmjs.org/chalk/-/chalk-5.6.2.tgz. Extracting by manifest.
1594 silly tarball no local data for ansi-regex@https://registry.npmjs.org/ansi-regex/-/ansi-regex-6.2.2.tgz. Extracting by manifest.
1595 silly tarball no local data for cli-cursor@https://registry.npmjs.org/cli-cursor/-/cli-cursor-5.0.0.tgz. Extracting by manifest.
1596 silly tarball no local data for p-limit@https://registry.npmjs.org/p-limit/-/p-limit-4.0.0.tgz. Extracting by manifest.
1597 silly tarball no local data for @sanity/visual-editing-types@https://registry.npmjs.org/@sanity/visual-editing-types/-/visual-editing-types-1.1.8.tgz. Extracting by manifest.
1598 silly tarball no local data for @sanity/client@https://registry.npmjs.org/@sanity/client/-/client-7.22.0.tgz. Extracting by manifest.
1599 silly tarball no local data for nanoid@https://registry.npmjs.org/nanoid/-/nanoid-5.1.11.tgz. Extracting by manifest.
1600 silly tarball no local data for @sanity/client@https://registry.npmjs.org/@sanity/client/-/client-7.22.0.tgz. Extracting by manifest.
1601 silly tarball no local data for @sanity/client@https://registry.npmjs.org/@sanity/client/-/client-7.22.0.tgz. Extracting by manifest.
1602 silly tarball no local data for @sanity/client@https://registry.npmjs.org/@sanity/client/-/client-7.22.0.tgz. Extracting by manifest.
1603 silly tarball no local data for nanoid@https://registry.npmjs.org/nanoid/-/nanoid-3.3.12.tgz. Extracting by manifest.
1604 silly tarball no local data for react-compiler-runtime@https://registry.npmjs.org/react-compiler-runtime/-/react-compiler-runtime-19.1.0-rc.2.tgz. Extracting by manifest.
1605 silly tarball no local data for @sanity/client@https://registry.npmjs.org/@sanity/client/-/client-7.22.0.tgz. Extracting by manifest.
1606 silly tarball no local data for @sanity/client@https://registry.npmjs.org/@sanity/client/-/client-7.22.0.tgz. Extracting by manifest.
1607 silly tarball no local data for p-map@https://registry.npmjs.org/p-map/-/p-map-1.2.0.tgz. Extracting by manifest.
1608 silly tarball no local data for path-scurry@https://registry.npmjs.org/path-scurry/-/path-scurry-2.0.2.tgz. Extracting by manifest.
1609 silly tarball no local data for minimatch@https://registry.npmjs.org/minimatch/-/minimatch-10.2.5.tgz. Extracting by manifest.
1610 silly tarball no local data for lru-cache@https://registry.npmjs.org/lru-cache/-/lru-cache-11.4.0.tgz. Extracting by manifest.
1611 silly tarball no local data for glob@https://registry.npmjs.org/glob/-/glob-13.0.6.tgz. Extracting by manifest.
1612 silly tarball no local data for brace-expansion@https://registry.npmjs.org/brace-expansion/-/brace-expansion-5.0.6.tgz. Extracting by manifest.
1613 silly tarball no local data for rimraf@https://registry.npmjs.org/rimraf/-/rimraf-6.1.3.tgz. Extracting by manifest.
1614 silly tarball no local data for path-scurry@https://registry.npmjs.org/path-scurry/-/path-scurry-2.0.2.tgz. Extracting by manifest.
1615 silly tarball no local data for balanced-match@https://registry.npmjs.org/balanced-match/-/balanced-match-4.0.4.tgz. Extracting by manifest.
1616 silly tarball no local data for minimatch@https://registry.npmjs.org/minimatch/-/minimatch-10.2.5.tgz. Extracting by manifest.
1617 silly tarball no local data for rimraf@https://registry.npmjs.org/rimraf/-/rimraf-6.1.3.tgz. Extracting by manifest.
1618 silly tarball no local data for lru-cache@https://registry.npmjs.org/lru-cache/-/lru-cache-11.4.0.tgz. Extracting by manifest.
1619 silly tarball no local data for brace-expansion@https://registry.npmjs.org/brace-expansion/-/brace-expansion-5.0.6.tgz. Extracting by manifest.
1620 silly tarball no local data for @sanity/util@https://registry.npmjs.org/@sanity/util/-/util-3.68.3.tgz. Extracting by manifest.
1621 silly tarball no local data for balanced-match@https://registry.npmjs.org/balanced-match/-/balanced-match-4.0.4.tgz. Extracting by manifest.
1622 silly tarball no local data for @sanity/types@https://registry.npmjs.org/@sanity/types/-/types-3.68.3.tgz. Extracting by manifest.
1623 silly tarball no local data for glob@https://registry.npmjs.org/glob/-/glob-13.0.6.tgz. Extracting by manifest.
1624 silly tarball no local data for uuid@https://registry.npmjs.org/uuid/-/uuid-11.1.1.tgz. Extracting by manifest.
1625 silly tarball no local data for tsconfig-paths@https://registry.npmjs.org/tsconfig-paths/-/tsconfig-paths-4.2.0.tgz. Extracting by manifest.
1626 silly tarball no local data for @sanity/client@https://registry.npmjs.org/@sanity/client/-/client-7.22.0.tgz. Extracting by manifest.
1627 silly tarball no local data for immer@https://registry.npmjs.org/immer/-/immer-11.1.8.tgz. Extracting by manifest.
1628 silly tarball no local data for use-effect-event@https://registry.npmjs.org/use-effect-event/-/use-effect-event-1.0.2.tgz. Extracting by manifest.
1629 silly tarball no local data for wrap-ansi@https://registry.npmjs.org/wrap-ansi/-/wrap-ansi-7.0.0.tgz. Extracting by manifest.
1630 silly tarball no local data for react-compiler-runtime@https://registry.npmjs.org/react-compiler-runtime/-/react-compiler-runtime-19.1.0-rc.2.tgz. Extracting by manifest.
1631 silly tarball no local data for slate-react@https://registry.npmjs.org/slate-react/-/slate-react-0.117.3.tgz. Extracting by manifest.
1632 silly tarball no local data for emoji-regex@https://registry.npmjs.org/emoji-regex/-/emoji-regex-8.0.0.tgz. Extracting by manifest.
1633 silly tarball no local data for balanced-match@https://registry.npmjs.org/balanced-match/-/balanced-match-4.0.4.tgz. Extracting by manifest.
1634 silly tarball no local data for brace-expansion@https://registry.npmjs.org/brace-expansion/-/brace-expansion-5.0.6.tgz. Extracting by manifest.
1635 silly tarball no local data for supports-color@https://registry.npmjs.org/supports-color/-/supports-color-8.1.1.tgz. Extracting by manifest.
1636 silly tarball no local data for string-width@https://registry.npmjs.org/string-width/-/string-width-4.2.3.tgz. Extracting by manifest.
1637 silly tarball no local data for minimatch@https://registry.npmjs.org/minimatch/-/minimatch-10.2.5.tgz. Extracting by manifest.
1638 silly tarball no local data for strip-ansi@https://registry.npmjs.org/strip-ansi/-/strip-ansi-7.2.0.tgz. Extracting by manifest.
1639 silly tarball no local data for ansi-regex@https://registry.npmjs.org/ansi-regex/-/ansi-regex-6.2.2.tgz. Extracting by manifest.
1640 silly tarball no local data for emoji-regex@https://registry.npmjs.org/emoji-regex/-/emoji-regex-8.0.0.tgz. Extracting by manifest.
1641 silly tarball no local data for string-width@https://registry.npmjs.org/string-width/-/string-width-4.2.3.tgz. Extracting by manifest.
1642 silly tarball no local data for player.style@https://registry.npmjs.org/player.style/-/player.style-0.3.4.tgz. Extracting by manifest.
1643 silly tarball no local data for source-map@https://registry.npmjs.org/source-map/-/source-map-0.5.7.tgz. Extracting by manifest.
1644 silly tarball no local data for wrap-ansi@https://registry.npmjs.org/wrap-ansi/-/wrap-ansi-6.2.0.tgz. Extracting by manifest.
1645 silly tarball no local data for stylis@https://registry.npmjs.org/stylis/-/stylis-4.2.0.tgz. Extracting by manifest.
1646 silly tarball no local data for stylis@https://registry.npmjs.org/stylis/-/stylis-4.2.0.tgz. Extracting by manifest.
1647 silly tarball no local data for convert-source-map@https://registry.npmjs.org/convert-source-map/-/convert-source-map-1.9.0.tgz. Extracting by manifest.
1648 silly tarball no local data for mdn-data@https://registry.npmjs.org/mdn-data/-/mdn-data-2.27.1.tgz. Extracting by manifest.
1649 silly tarball no local data for semver@https://registry.npmjs.org/semver/-/semver-6.3.1.tgz. Extracting by manifest.
1650 silly tarball no local data for semver@https://registry.npmjs.org/semver/-/semver-6.3.1.tgz. Extracting by manifest.
1651 silly tarball no local data for semver@https://registry.npmjs.org/semver/-/semver-6.3.1.tgz. Extracting by manifest.
1652 silly tarball no local data for resolve@https://registry.npmjs.org/resolve/-/resolve-1.22.12.tgz. Extracting by manifest.
1653 silly tarball no local data for css-tree@https://registry.npmjs.org/css-tree/-/css-tree-3.2.1.tgz. Extracting by manifest.
1654 silly tarball no local data for yallist@https://registry.npmjs.org/yallist/-/yallist-3.1.1.tgz. Extracting by manifest.
1655 silly tarball no local data for semver@https://registry.npmjs.org/semver/-/semver-6.3.1.tgz. Extracting by manifest.
1656 silly tarball no local data for minimatch@https://registry.npmjs.org/minimatch/-/minimatch-9.0.9.tgz. Extracting by manifest.
1657 silly tarball no local data for semver@https://registry.npmjs.org/semver/-/semver-6.3.1.tgz. Extracting by manifest.
1658 silly tarball no local data for jackspeak@https://registry.npmjs.org/jackspeak/-/jackspeak-3.4.3.tgz. Extracting by manifest.
1659 silly tarball no local data for lru-cache@https://registry.npmjs.org/lru-cache/-/lru-cache-5.1.1.tgz. Extracting by manifest.
1660 silly tarball no local data for glob@https://registry.npmjs.org/glob/-/glob-10.3.16.tgz. Extracting by manifest.
1661 silly tarball no local data for minimatch@https://registry.npmjs.org/minimatch/-/minimatch-9.0.9.tgz. Extracting by manifest.
1662 silly tarball no local data for brace-expansion@https://registry.npmjs.org/brace-expansion/-/brace-expansion-2.1.0.tgz. Extracting by manifest.
1663 silly tarball no local data for esquery@https://registry.npmjs.org/esquery/-/esquery-1.6.0.tgz. Extracting by manifest.
1664 silly tarball no local data for jackspeak@https://registry.npmjs.org/jackspeak/-/jackspeak-3.4.3.tgz. Extracting by manifest.
1665 silly tarball no local data for brace-expansion@https://registry.npmjs.org/brace-expansion/-/brace-expansion-2.1.0.tgz. Extracting by manifest.
1666 silly tarball no local data for @actions/http-client@https://registry.npmjs.org/@actions/http-client/-/http-client-3.0.2.tgz. Extracting by manifest.
1667 silly tarball no local data for glob@https://registry.npmjs.org/glob/-/glob-10.4.5.tgz. Extracting by manifest.
1668 http fetch GET 200 https://registry.npmjs.org/y18n/-/y18n-5.0.8.tgz 312ms (cache miss)
1669 http fetch GET 200 https://registry.npmjs.org/yoctocolors-cjs/-/yoctocolors-cjs-2.1.3.tgz 338ms (cache miss)
1670 http fetch GET 200 https://registry.npmjs.org/xdg-basedir/-/xdg-basedir-5.1.0.tgz 341ms (cache miss)
1671 http fetch GET 200 https://registry.npmjs.org/yocto-queue/-/yocto-queue-0.1.0.tgz 342ms (cache miss)
1672 http fetch GET 200 https://registry.npmjs.org/xml-name-validator/-/xml-name-validator-5.0.0.tgz 344ms (cache miss)
1673 http fetch GET 200 https://registry.npmjs.org/yauzl/-/yauzl-2.10.0.tgz 353ms (cache miss)
1674 http fetch GET 200 https://registry.npmjs.org/yallist/-/yallist-5.0.0.tgz 354ms (cache miss)
1675 http fetch GET 200 https://registry.npmjs.org/yargs-parser/-/yargs-parser-20.2.9.tgz 357ms (cache miss)
1676 http fetch GET 200 https://registry.npmjs.org/zip-stream/-/zip-stream-6.0.1.tgz 358ms (cache miss)
1677 http fetch GET 200 https://registry.npmjs.org/xtend/-/xtend-4.0.2.tgz 358ms (cache miss)
1678 http fetch GET 200 https://registry.npmjs.org/xregexp/-/xregexp-2.0.0.tgz 367ms (cache miss)
1679 http fetch GET 200 https://registry.npmjs.org/wrappy/-/wrappy-1.0.2.tgz 367ms (cache miss)
1680 http fetch GET 200 https://registry.npmjs.org/write-file-atomic/-/write-file-atomic-3.0.3.tgz 367ms (cache miss)
1681 http fetch GET 200 https://registry.npmjs.org/wrap-ansi/-/wrap-ansi-8.1.0.tgz 367ms (cache miss)
1682 http fetch GET 200 https://registry.npmjs.org/which-builtin-type/-/which-builtin-type-1.2.1.tgz 371ms (cache miss)
1683 http fetch GET 200 https://registry.npmjs.org/xmlchars/-/xmlchars-2.2.0.tgz 372ms (cache miss)
1684 http fetch GET 200 https://registry.npmjs.org/which-pm/-/which-pm-3.0.1.tgz 372ms (cache miss)
1685 http fetch GET 200 https://registry.npmjs.org/which-boxed-primitive/-/which-boxed-primitive-1.1.1.tgz 371ms (cache miss)
1686 http fetch GET 200 https://registry.npmjs.org/ws/-/ws-8.20.1.tgz 373ms (cache miss)
1687 http fetch GET 200 https://registry.npmjs.org/wrap-ansi/-/wrap-ansi-7.0.0.tgz 374ms (cache miss)
1688 http fetch GET 200 https://registry.npmjs.org/zustand/-/zustand-5.0.13.tgz 377ms (cache miss)
1689 http fetch GET 200 https://registry.npmjs.org/which-collection/-/which-collection-1.0.2.tgz 376ms (cache miss)
1690 http fetch GET 200 https://registry.npmjs.org/wordwrap/-/wordwrap-1.0.0.tgz 376ms (cache miss)
1691 http fetch GET 200 https://registry.npmjs.org/word-wrap/-/word-wrap-1.2.5.tgz 376ms (cache miss)
1692 http fetch GET 200 https://registry.npmjs.org/widest-line/-/widest-line-3.1.0.tgz 377ms (cache miss)
1693 http fetch GET 200 https://registry.npmjs.org/yargs/-/yargs-17.7.2.tgz 386ms (cache miss)
1694 http fetch GET 200 https://registry.npmjs.org/which/-/which-2.0.2.tgz 383ms (cache miss)
1695 http fetch GET 200 https://registry.npmjs.org/w3c-xmlserializer/-/w3c-xmlserializer-5.0.0.tgz 384ms (cache miss)
1696 http fetch GET 200 https://registry.npmjs.org/whatwg-mimetype/-/whatwg-mimetype-4.0.0.tgz 384ms (cache miss)
1697 http fetch GET 200 https://registry.npmjs.org/wcwidth/-/wcwidth-1.0.1.tgz 385ms (cache miss)
1698 http fetch GET 200 https://registry.npmjs.org/void-elements/-/void-elements-3.1.0.tgz 395ms (cache miss)
1699 http fetch GET 200 https://registry.npmjs.org/w3c-keyname/-/w3c-keyname-2.2.8.tgz 395ms (cache miss)
1700 http fetch GET 200 https://registry.npmjs.org/whatwg-url/-/whatwg-url-14.2.0.tgz 398ms (cache miss)
1701 http fetch GET 200 https://registry.npmjs.org/webidl-conversions/-/webidl-conversions-7.0.0.tgz 397ms (cache miss)
1702 http fetch GET 200 https://registry.npmjs.org/validate-npm-package-name/-/validate-npm-package-name-3.0.0.tgz 398ms (cache miss)
1703 http fetch GET 200 https://registry.npmjs.org/validate-npm-package-license/-/validate-npm-package-license-3.0.4.tgz 399ms (cache miss)
1704 http fetch GET 200 https://registry.npmjs.org/which-typed-array/-/which-typed-array-1.1.20.tgz 400ms (cache miss)
1705 http fetch GET 200 https://registry.npmjs.org/xstate/-/xstate-5.31.1.tgz 426ms (cache miss)
1706 http fetch GET 200 https://registry.npmjs.org/yaml/-/yaml-2.9.0.tgz 429ms (cache miss)
1707 http fetch GET 200 https://registry.npmjs.org/zod/-/zod-3.25.76.tgz 443ms (cache miss)
1708 http fetch GET 200 https://registry.npmjs.org/whatwg-encoding/-/whatwg-encoding-3.1.1.tgz 496ms (cache miss)
1709 warn deprecated whatwg-encoding@3.1.1: Use @exodus/bytes instead for a more spec-conformant and faster implementation
1710 http fetch GET 200 https://registry.npmjs.org/uuidv7/-/uuidv7-0.4.4.tgz 497ms (cache miss)
1711 http fetch GET 200 https://registry.npmjs.org/util-deprecate/-/util-deprecate-1.0.2.tgz 498ms (cache miss)
1712 http fetch GET 200 https://registry.npmjs.org/use-isomorphic-layout-effect/-/use-isomorphic-layout-effect-1.2.1.tgz 498ms (cache miss)
1713 http fetch GET 200 https://registry.npmjs.org/use-hot-module-reload/-/use-hot-module-reload-2.0.0.tgz 500ms (cache miss)
1714 http fetch GET 200 https://registry.npmjs.org/use-sync-external-store/-/use-sync-external-store-1.6.0.tgz 499ms (cache miss)
1715 http fetch GET 200 https://registry.npmjs.org/urlpattern-polyfill/-/urlpattern-polyfill-10.1.0.tgz 500ms (cache miss)
1716 http fetch GET 200 https://registry.npmjs.org/vite-tsconfig-paths/-/vite-tsconfig-paths-5.1.4.tgz 502ms (cache miss)
1717 http fetch GET 200 https://registry.npmjs.org/use-sidecar/-/use-sidecar-1.1.3.tgz 507ms (cache miss)
1718 http fetch GET 200 https://registry.npmjs.org/unrs-resolver/-/unrs-resolver-1.12.2.tgz 515ms (cache miss)
1719 http fetch GET 200 https://registry.npmjs.org/universalify/-/universalify-0.2.0.tgz 515ms (cache miss)
1720 http fetch GET 200 https://registry.npmjs.org/update-browserslist-db/-/update-browserslist-db-1.2.3.tgz 517ms (cache miss)
1721 http fetch GET 200 https://registry.npmjs.org/universal-user-agent/-/universal-user-agent-7.0.3.tgz 519ms (cache miss)
1722 http fetch GET 200 https://registry.npmjs.org/uuid/-/uuid-8.3.2.tgz 520ms (cache miss)
1723 warn deprecated uuid@8.3.2: uuid@10 and below is no longer supported.  For ESM codebases, update to uuid@latest.  For CommonJS codebases, use uuid@11 (but be aware this version will likely be deprecated in 2028).
1724 http fetch GET 200 https://registry.npmjs.org/use-device-pixel-ratio/-/use-device-pixel-ratio-1.1.2.tgz 523ms (cache miss)
1725 http fetch GET 200 https://registry.npmjs.org/unist-util-is/-/unist-util-is-4.1.0.tgz 524ms (cache miss)
1726 http fetch GET 200 https://registry.npmjs.org/unist-util-filter/-/unist-util-filter-2.0.3.tgz 524ms (cache miss)
1727 http fetch GET 200 https://registry.npmjs.org/url-parse/-/url-parse-1.5.10.tgz 524ms (cache miss)
1728 http fetch GET 200 https://registry.npmjs.org/vite/-/vite-6.4.2.tgz 526ms (cache miss)
1729 http fetch GET 200 https://registry.npmjs.org/unique-string/-/unique-string-2.0.0.tgz 525ms (cache miss)
1730 http fetch GET 200 https://registry.npmjs.org/unist-util-visit-parents/-/unist-util-visit-parents-3.1.1.tgz 528ms (cache miss)
1731 http fetch GET 200 https://registry.npmjs.org/valibot/-/valibot-1.4.0.tgz 530ms (cache miss)
1732 http fetch GET 200 https://registry.npmjs.org/use-effect-event/-/use-effect-event-2.0.3.tgz 529ms (cache miss)
1733 http fetch GET 200 https://registry.npmjs.org/use-callback-ref/-/use-callback-ref-1.3.3.tgz 533ms (cache miss)
1734 http fetch GET 200 https://registry.npmjs.org/unicode-match-property-ecmascript/-/unicode-match-property-ecmascript-2.0.0.tgz 535ms (cache miss)
1735 http fetch GET 200 https://registry.npmjs.org/unicorn-magic/-/unicorn-magic-0.1.0.tgz 537ms (cache miss)
1736 http fetch GET 200 https://registry.npmjs.org/unbzip2-stream/-/unbzip2-stream-1.4.3.tgz 536ms (cache miss)
1737 http fetch GET 200 https://registry.npmjs.org/unicode-property-aliases-ecmascript/-/unicode-property-aliases-ecmascript-2.2.0.tgz 541ms (cache miss)
1738 http fetch GET 200 https://registry.npmjs.org/unbox-primitive/-/unbox-primitive-1.1.0.tgz 541ms (cache miss)
1739 http fetch GET 200 https://registry.npmjs.org/uri-js/-/uri-js-4.4.1.tgz 542ms (cache miss)
1740 http fetch GET 200 https://registry.npmjs.org/undici-types/-/undici-types-6.21.0.tgz 544ms (cache miss)
1741 http fetch GET 200 https://registry.npmjs.org/unicode-match-property-value-ecmascript/-/unicode-match-property-value-ecmascript-2.2.1.tgz 545ms (cache miss)
1742 http fetch GET 200 https://registry.npmjs.org/typed-array-byte-length/-/typed-array-byte-length-1.0.3.tgz 546ms (cache miss)
1743 http fetch GET 200 https://registry.npmjs.org/typedarray-to-buffer/-/typedarray-to-buffer-3.1.5.tgz 546ms (cache miss)
1744 http fetch GET 200 https://registry.npmjs.org/typed-array-byte-offset/-/typed-array-byte-offset-1.0.4.tgz 547ms (cache miss)
1745 http fetch GET 200 https://registry.npmjs.org/typeid-js/-/typeid-js-0.3.0.tgz 550ms (cache miss)
1746 http fetch GET 200 https://registry.npmjs.org/typedarray/-/typedarray-0.0.6.tgz 557ms (cache miss)
1747 http fetch GET 200 https://registry.npmjs.org/typed-array-length/-/typed-array-length-1.0.7.tgz 561ms (cache miss)
1748 http fetch GET 200 https://registry.npmjs.org/tunnel-agent/-/tunnel-agent-0.6.0.tgz 560ms (cache miss)
1749 http fetch GET 200 https://registry.npmjs.org/typed-array-buffer/-/typed-array-buffer-1.0.3.tgz 561ms (cache miss)
1750 http fetch GET 200 https://registry.npmjs.org/unicode-canonical-property-names-ecmascript/-/unicode-canonical-property-names-ecmascript-2.0.1.tgz 561ms (cache miss)
1751 http fetch GET 200 https://registry.npmjs.org/type-fest/-/type-fest-0.20.2.tgz 567ms (cache miss)
1752 http fetch GET 200 https://registry.npmjs.org/type-check/-/type-check-0.4.0.tgz 568ms (cache miss)
1753 http fetch GET 200 https://registry.npmjs.org/ts-brand/-/ts-brand-0.2.0.tgz 571ms (cache miss)
1754 http fetch GET 200 https://registry.npmjs.org/tslib/-/tslib-2.8.1.tgz 572ms (cache miss)
1755 http fetch GET 200 https://registry.npmjs.org/tsconfck/-/tsconfck-3.1.6.tgz 572ms (cache miss)
1756 http fetch GET 200 https://registry.npmjs.org/trim-newlines/-/trim-newlines-3.0.1.tgz 580ms (cache miss)
1757 http fetch GET 200 https://registry.npmjs.org/tunnel/-/tunnel-0.0.6.tgz 582ms (cache miss)
1758 http fetch GET 200 https://registry.npmjs.org/tr46/-/tr46-5.1.1.tgz 584ms (cache miss)
1759 http fetch GET 200 https://registry.npmjs.org/tsconfig-paths/-/tsconfig-paths-3.15.0.tgz 590ms (cache miss)
1760 http fetch GET 200 https://registry.npmjs.org/to-regex-range/-/to-regex-range-5.0.1.tgz 592ms (cache miss)
1761 http fetch GET 200 https://registry.npmjs.org/toggle-selection/-/toggle-selection-1.0.6.tgz 594ms (cache miss)
1762 http fetch GET 200 https://registry.npmjs.org/ts-api-utils/-/ts-api-utils-2.5.0.tgz 596ms (cache miss)
1763 http fetch GET 200 https://registry.npmjs.org/tough-cookie/-/tough-cookie-4.1.4.tgz 596ms (cache miss)
1764 http fetch GET 200 https://registry.npmjs.org/thenify/-/thenify-3.3.1.tgz 595ms (cache miss)
1765 http fetch GET 200 https://registry.npmjs.org/tiny-invariant/-/tiny-invariant-1.3.1.tgz 595ms (cache miss)
1766 http fetch GET 200 https://registry.npmjs.org/to-buffer/-/to-buffer-1.2.2.tgz 596ms (cache miss)
1767 http fetch GET 200 https://registry.npmjs.org/tiny-warning/-/tiny-warning-1.0.3.tgz 596ms (cache miss)
1768 http fetch GET 200 https://registry.npmjs.org/thenify-all/-/thenify-all-1.6.0.tgz 605ms (cache miss)
1769 http fetch GET 200 https://registry.npmjs.org/tinyglobby/-/tinyglobby-0.2.16.tgz 606ms (cache miss)
1770 http fetch GET 200 https://registry.npmjs.org/tldts-core/-/tldts-core-7.0.30.tgz 613ms (cache miss)
1771 http fetch GET 200 https://registry.npmjs.org/through/-/through-2.3.8.tgz 614ms (cache miss)
1772 http fetch GET 200 https://registry.npmjs.org/undici/-/undici-6.25.0.tgz 619ms (cache miss)
1773 http fetch GET 200 https://registry.npmjs.org/ts-interface-checker/-/ts-interface-checker-0.1.13.tgz 618ms (cache miss)
1774 http fetch GET 200 https://registry.npmjs.org/tar-stream/-/tar-stream-3.2.0.tgz 618ms (cache miss)
1775 http fetch GET 200 https://registry.npmjs.org/text-decoder/-/text-decoder-1.2.7.tgz 619ms (cache miss)
1776 http fetch GET 200 https://registry.npmjs.org/text-table/-/text-table-0.2.0.tgz 619ms (cache miss)
1777 http fetch GET 200 https://registry.npmjs.org/teex/-/teex-1.0.1.tgz 620ms (cache miss)
1778 http fetch GET 200 https://registry.npmjs.org/tar-fs/-/tar-fs-2.1.4.tgz 622ms (cache miss)
1779 http fetch GET 200 https://registry.npmjs.org/symbol-tree/-/symbol-tree-3.2.4.tgz 624ms (cache miss)
1780 http fetch GET 200 https://registry.npmjs.org/symlink-or-copy/-/symlink-or-copy-1.3.1.tgz 638ms (cache miss)
1781 http fetch GET 200 https://registry.npmjs.org/supports-color/-/supports-color-7.2.0.tgz 638ms (cache miss)
1782 http fetch GET 200 https://registry.npmjs.org/stylis/-/stylis-4.3.6.tgz 645ms (cache miss)
1783 http fetch GET 200 https://registry.npmjs.org/strip-dirs/-/strip-dirs-2.1.0.tgz 646ms (cache miss)
1784 http fetch GET 200 https://registry.npmjs.org/strip-indent/-/strip-indent-3.0.0.tgz 647ms (cache miss)
1785 http fetch GET 200 https://registry.npmjs.org/through2/-/through2-4.0.2.tgz 650ms (cache miss)
1786 http fetch GET 200 https://registry.npmjs.org/style-mod/-/style-mod-4.1.3.tgz 656ms (cache miss)
1787 http fetch GET 200 https://registry.npmjs.org/supports-preserve-symlinks-flag/-/supports-preserve-symlinks-flag-1.0.0.tgz 657ms (cache miss)
1788 http fetch GET 200 https://registry.npmjs.org/strip-bom/-/strip-bom-3.0.0.tgz 655ms (cache miss)
1789 http fetch GET 200 https://registry.npmjs.org/strip-json-comments/-/strip-json-comments-3.1.1.tgz 658ms (cache miss)
1790 http fetch GET 200 https://registry.npmjs.org/strip-final-newline/-/strip-final-newline-2.0.0.tgz 661ms (cache miss)
1791 http fetch GET 200 https://registry.npmjs.org/strip-ansi/-/strip-ansi-6.0.1.tgz 666ms (cache miss)
1792 http fetch GET 200 https://registry.npmjs.org/string.prototype.trimstart/-/string.prototype.trimstart-1.0.8.tgz 677ms (cache miss)
1793 http fetch GET 200 https://registry.npmjs.org/string.prototype.repeat/-/string.prototype.repeat-1.0.0.tgz 678ms (cache miss)
1794 http fetch GET 200 https://registry.npmjs.org/string.prototype.trimend/-/string.prototype.trimend-1.0.9.tgz 678ms (cache miss)
1795 http fetch GET 200 https://registry.npmjs.org/string.prototype.trim/-/string.prototype.trim-1.2.10.tgz 683ms (cache miss)
1796 http fetch GET 200 https://registry.npmjs.org/string.prototype.matchall/-/string.prototype.matchall-4.0.12.tgz 683ms (cache miss)
1797 http fetch GET 200 https://registry.npmjs.org/stream-shift/-/stream-shift-1.0.3.tgz 692ms (cache miss)
1798 http fetch GET 200 https://registry.npmjs.org/string-width/-/string-width-5.1.2.tgz 693ms (cache miss)
1799 http fetch GET 200 https://registry.npmjs.org/strip-ansi/-/strip-ansi-6.0.1.tgz 696ms (cache miss)
1800 http fetch GET 200 https://registry.npmjs.org/styled-jsx/-/styled-jsx-5.1.1.tgz 701ms (cache miss)
1801 http fetch GET 200 https://registry.npmjs.org/string.prototype.includes/-/string.prototype.includes-2.0.1.tgz 696ms (cache miss)
1802 http fetch GET 200 https://registry.npmjs.org/streamx/-/streamx-2.25.0.tgz 697ms (cache miss)
1803 http fetch GET 200 https://registry.npmjs.org/string-width/-/string-width-4.2.3.tgz 699ms (cache miss)
1804 http fetch GET 200 https://registry.npmjs.org/string_decoder/-/string_decoder-1.3.0.tgz 697ms (cache miss)
1805 http fetch GET 200 https://registry.npmjs.org/streamsearch/-/streamsearch-1.1.0.tgz 698ms (cache miss)
1806 http fetch GET 200 https://registry.npmjs.org/stream-each/-/stream-each-1.2.3.tgz 698ms (cache miss)
1807 http fetch GET 200 https://registry.npmjs.org/stable-hash/-/stable-hash-0.0.5.tgz 699ms (cache miss)
1808 http fetch GET 200 https://registry.npmjs.org/stop-iteration-iterator/-/stop-iteration-iterator-1.1.0.tgz 701ms (cache miss)
1809 http fetch GET 200 https://registry.npmjs.org/spdx-license-ids/-/spdx-license-ids-3.0.23.tgz 702ms (cache miss)
1810 http fetch GET 200 https://registry.npmjs.org/sprintf-js/-/sprintf-js-1.0.3.tgz 706ms (cache miss)
1811 http fetch GET 200 https://registry.npmjs.org/split2/-/split2-4.2.0.tgz 707ms (cache miss)
1812 http fetch GET 200 https://registry.npmjs.org/stdin-discarder/-/stdin-discarder-0.2.2.tgz 709ms (cache miss)
1813 http fetch GET 200 https://registry.npmjs.org/spdx-expression-parse/-/spdx-expression-parse-3.0.1.tgz 709ms (cache miss)
1814 http fetch GET 200 https://registry.npmjs.org/source-map-support/-/source-map-support-0.5.21.tgz 709ms (cache miss)
1815 http fetch GET 200 https://registry.npmjs.org/tldts/-/tldts-7.0.30.tgz 722ms (cache miss)
1816 http fetch POST 200 https://registry.npmjs.org/-/npm/v1/security/advisories/bulk 828ms
1817 silly audit report {
1817 silly audit report   glob: [
1817 silly audit report     {
1817 silly audit report       id: 1109842,
1817 silly audit report       url: 'https://github.com/advisories/GHSA-5j98-mcp5-4vw2',
1817 silly audit report       title: 'glob CLI: Command injection via -c/--cmd executes matches with shell:true',
1817 silly audit report       severity: 'high',
1817 silly audit report       vulnerable_versions: '>=10.2.0 <10.5.0',
1817 silly audit report       cwe: [Array],
1817 silly audit report       cvss: [Object]
1817 silly audit report     }
1817 silly audit report   ],
1817 silly audit report   next: [
1817 silly audit report     {
1817 silly audit report       id: 1117931,
1817 silly audit report       url: 'https://github.com/advisories/GHSA-8h8q-6873-q5fj',
1817 silly audit report       title: 'Next.js Vulnerable to Denial of Service with Server Components',
1817 silly audit report       severity: 'high',
1817 silly audit report       vulnerable_versions: '>=13.0.0 <15.5.16',
1817 silly audit report       cwe: [Array],
1817 silly audit report       cvss: [Object]
1817 silly audit report     },
1817 silly audit report     {
1817 silly audit report       id: 1105461,
1817 silly audit report       url: 'https://github.com/advisories/GHSA-3h52-269p-cp9r',
1817 silly audit report       title: 'Information exposure in Next.js dev server due to lack of origin verification',
1817 silly audit report       severity: 'low',
1817 silly audit report       vulnerable_versions: '>=13.0 <14.2.30',
1817 silly audit report       cwe: [Array],
1817 silly audit report       cvss: [Object]
1817 silly audit report     },
1817 silly audit report     {
1817 silly audit report       id: 1111391,
1817 silly audit report       url: 'https://github.com/advisories/GHSA-mwv6-3258-q52c',
1817 silly audit report       title: 'Next Vulnerable to Denial of Service with Server Components',
1817 silly audit report       severity: 'high',
1817 silly audit report       vulnerable_versions: '>=13.3.0 <14.2.34',
1817 silly audit report       cwe: [Array],
1817 silly audit report       cvss: [Object]
1817 silly audit report     },
1817 silly audit report     {
1817 silly audit report       id: 1107226,
1817 silly audit report       url: 'https://github.com/advisories/GHSA-g5qg-72qw-gw5v',
1817 silly audit report       title: 'Next.js Affected by Cache Key Confusion for Image Optimization API Routes',
1817 silly audit report       severity: 'moderate',
1817 silly audit report       vulnerable_versions: '>=0.9.9 <14.2.31',
1817 silly audit report       cwe: [Array],
1817 silly audit report       cvss: [Object]
1817 silly audit report     },
1817 silly audit report     {
1817 silly audit report       id: 1107512,
1817 silly audit report       url: 'https://github.com/advisories/GHSA-4342-x723-ch2f',
1817 silly audit report       title: 'Next.js Improper Middleware Redirect Handling Leads to SSRF',
1817 silly audit report       severity: 'moderate',
1817 silly audit report       vulnerable_versions: '>=0.9.9 <14.2.32',
1817 silly audit report       cwe: [Array],
1817 silly audit report       cvss: [Object]
1817 silly audit report     },
1817 silly audit report     {
1817 silly audit report       id: 1107513,
1817 silly audit report       url: 'https://github.com/advisories/GHSA-xv57-4mr9-wg8v',
1817 silly audit report       title: 'Next.js Content Injection Vulnerability for Image Optimization',
1817 silly audit report       severity: 'moderate',
1817 silly audit report       vulnerable_versions: '>=0.9.9 <14.2.31',
1817 silly audit report       cwe: [Array],
1817 silly audit report       cvss: [Object]
1817 silly audit report     },
1817 silly audit report     {
1817 silly audit report       id: 1112182,
1817 silly audit report       url: 'https://github.com/advisories/GHSA-5j59-xgg2-r9c4',
1817 silly audit report       title: 'Next has a Denial of Service with Server Components - Incomplete Fix Follow-Up',
1817 silly audit report       severity: 'high',
1817 silly audit report       vulnerable_versions: '>=13.3.1-canary.0 <14.2.35',
1817 silly audit report       cwe: [Array],
1817 silly audit report       cvss: [Object]
1817 silly audit report     },
1817 silly audit report     {
1817 silly audit report       id: 1118942,
1817 silly audit report       url: 'https://github.com/advisories/GHSA-3g8h-86w9-wvmq',
1817 silly audit report       title: "Next.js's Middleware / Proxy redirects can be cache-poisoned",
1817 silly audit report       severity: 'low',
1817 silly audit report       vulnerable_versions: '>=12.2.0 <15.5.16',
1817 silly audit report       cwe: [Array],
1817 silly audit report       cvss: [Object]
1817 silly audit report     },
1817 silly audit report     {
1817 silly audit report       id: 1118944,
1817 silly audit report       url: 'https://github.com/advisories/GHSA-ffhc-5mcf-pf4q',
1817 silly audit report       title: 'Next.js vulnerable to cross-site scripting in App Router applications using CSP nonces',
1817 silly audit report       severity: 'moderate',
1817 silly audit report       vulnerable_versions: '>=13.4.0 <15.5.16',
1817 silly audit report       cwe: [Array],
1817 silly audit report       cvss: [Object]
1817 silly audit report     },
1817 silly audit report     {
1817 silly audit report       id: 1118946,
1817 silly audit report       url: 'https://github.com/advisories/GHSA-vfv6-92ff-j949',
1817 silly audit report       title: 'Next.js vulnerable to cache poisoning via collisions in React Server Component cache-busting',
1817 silly audit report       severity: 'low',
1817 silly audit report       vulnerable_versions: '>=13.4.6 <15.5.16',
1817 silly audit report       cwe: [Array],
1817 silly audit report       cvss: [Object]
1817 silly audit report     },
1817 silly audit report     {
1817 silly audit report       id: 1118948,
1817 silly audit report       url: 'https://github.com/advisories/GHSA-gx5p-jg67-6x7h',
1817 silly audit report       title: 'Next.js has cross-site scripting in beforeInteractive scripts with untrusted input',
1817 silly audit report       severity: 'moderate',
1817 silly audit report       vulnerable_versions: '>=13.0.0 <15.5.16',
1817 silly audit report       cwe: [Array],
1817 silly audit report       cvss: [Object]
1817 silly audit report     },
1817 silly audit report     {
1817 silly audit report       id: 1118952,
1817 silly audit report       url: 'https://github.com/advisories/GHSA-h64f-5h5j-jqjh',
1817 silly audit report       title: 'Next.js has a Denial of Service in the Image Optimization API',
1817 silly audit report       severity: 'moderate',
1817 silly audit report       vulnerable_versions: '>=10.0.0 <15.5.16',
1817 silly audit report       cwe: [Array],
1817 silly audit report       cvss: [Object]
1817 silly audit report     },
1817 silly audit report     {
1817 silly audit report       id: 1118954,
1817 silly audit report       url: 'https://github.com/advisories/GHSA-c4j6-fc7j-m34r',
1817 silly audit report       title: 'Next.js vulnerable to server-side request forgery in applications using WebSocket upgrades',
1817 silly audit report       severity: 'high',
1817 silly audit report       vulnerable_versions: '>=13.4.13 <15.5.16',
1817 silly audit report       cwe: [Array],
1817 silly audit report       cvss: [Object]
1817 silly audit report     },
1817 silly audit report     {
1817 silly audit report       id: 1118958,
1817 silly audit report       url: 'https://github.com/advisories/GHSA-wfc6-r584-vfw7',
1817 silly audit report       title: 'Next.js vulnerable to cache poisoning in React Server Component responses',
1817 silly audit report       severity: 'moderate',
1817 silly audit report       vulnerable_versions: '>=14.2.0 <15.5.16',
1817 silly audit report       cwe: [Array],
1817 silly audit report       cvss: [Object]
1817 silly audit report     },
1817 silly audit report     {
1817 silly audit report       id: 1118962,
1817 silly audit report       url: 'https://github.com/advisories/GHSA-36qx-fr4f-26g5',
1817 silly audit report       title: 'Next.js has a Middleware / Proxy bypass in Pages Router applications using i18n',
1817 silly audit report       severity: 'high',
1817 silly audit report       vulnerable_versions: '>=12.2.0 <15.5.16',
1817 silly audit report       cwe: [Array],
1817 silly audit report       cvss: [Object]
1817 silly audit report     },
1817 silly audit report     {
1817 silly audit report       id: 1112593,
1817 silly audit report       url: 'https://github.com/advisories/GHSA-9g9p-9gw9-jx7f',
1817 silly audit report       title: 'Next.js self-hosted applications vulnerable to DoS via Image Optimizer remotePatterns configuration',
1817 silly audit report       severity: 'moderate',
1817 silly audit report       vulnerable_versions: '>=10.0.0 <15.5.10',
1817 silly audit report       cwe: [Array],
1817 silly audit report       cvss: [Object]
1817 silly audit report     },
1817 silly audit report     {
1817 silly audit report       id: 1112653,
1817 silly audit report       url: 'https://github.com/advisories/GHSA-h25m-26qc-wcjf',
1817 silly audit report       title: 'Next.js HTTP request deserialization can lead to DoS when using insecure React Server Components',
1817 silly audit report       severity: 'high',
1817 silly audit report       vulnerable_versions: '>=13.0.0 <15.0.8',
1817 silly audit report       cwe: [Array],
1817 silly audit report       cvss: [Object]
1817 silly audit report     },
1817 silly audit report     {
1817 silly audit report       id: 1114897,
1817 silly audit report       url: 'https://github.com/advisories/GHSA-ggv3-7p47-pfv8',
1817 silly audit report       title: 'Next.js: HTTP request smuggling in rewrites',
1817 silly audit report       severity: 'moderate',
1817 silly audit report       vulnerable_versions: '>=9.5.0 <15.5.13',
1817 silly audit report       cwe: [Array],
1817 silly audit report       cvss: [Object]
1817 silly audit report     },
1817 silly audit report     {
1817 silly audit report       id: 1114940,
1817 silly audit report       url: 'https://github.com/advisories/GHSA-3x4c-7xq6-9pq8',
1817 silly audit report       title: 'Next.js: Unbounded next/image disk cache growth can exhaust storage',
1817 silly audit report       severity: 'moderate',
1817 silly audit report       vulnerable_versions: '>=10.0.0 <15.5.14',
1817 silly audit report       cwe: [Array],
1817 silly audit report       cvss: [Object]
1817 silly audit report     },
1817 silly audit report     {
1817 silly audit report       id: 1116376,
1817 silly audit report       url: 'https://github.com/advisories/GHSA-q4gf-8mx6-v5v3',
1817 silly audit report       title: 'Next.js has a Denial of Service with Server Components',
1817 silly audit report       severity: 'high',
1817 silly audit report       vulnerable_versions: '>=13.0.0 <15.5.15',
1817 silly audit report       cwe: [Array],
1817 silly audit report       cvss: [Object]
1817 silly audit report     }
1817 silly audit report   ],
1817 silly audit report   postcss: [
1817 silly audit report     {
1817 silly audit report       id: 1117015,
1817 silly audit report       url: 'https://github.com/advisories/GHSA-qx2v-qp2m-jg93',
1817 silly audit report       title: 'PostCSS has XSS via Unescaped </style> in its CSS Stringify Output',
1817 silly audit report       severity: 'moderate',
1817 silly audit report       vulnerable_versions: '<8.5.10',
1817 silly audit report       cwe: [Array],
1817 silly audit report       cvss: [Object]
1817 silly audit report     }
1817 silly audit report   ],
1817 silly audit report   prismjs: [
1817 silly audit report     {
1817 silly audit report       id: 1105770,
1817 silly audit report       url: 'https://github.com/advisories/GHSA-x7hr-w5r2-h6wg',
1817 silly audit report       title: 'PrismJS DOM Clobbering vulnerability',
1817 silly audit report       severity: 'moderate',
1817 silly audit report       vulnerable_versions: '<1.30.0',
1817 silly audit report       cwe: [Array],
1817 silly audit report       cvss: [Object]
1817 silly audit report     }
1817 silly audit report   ]
1817 silly audit report }
1818 silly packumentCache corgi:https://registry.npmjs.org/glob cache-miss
1819 silly packumentCache corgi:https://registry.npmjs.org/next cache-miss
1820 silly packumentCache corgi:https://registry.npmjs.org/postcss cache-miss
1821 silly packumentCache corgi:https://registry.npmjs.org/prismjs cache-miss
1822 http fetch GET 200 https://registry.npmjs.org/spdx-correct/-/spdx-correct-3.2.0.tgz 725ms (cache miss)
1823 http fetch GET 200 https://registry.npmjs.org/spdx-exceptions/-/spdx-exceptions-2.5.0.tgz 728ms (cache miss)
1824 http fetch GET 200 https://registry.npmjs.org/signal-exit/-/signal-exit-4.1.0.tgz 729ms (cache miss)
1825 http fetch GET 200 https://registry.npmjs.org/side-channel-list/-/side-channel-list-1.0.1.tgz 729ms (cache miss)
1826 http fetch GET 200 https://registry.npmjs.org/simple-wcswidth/-/simple-wcswidth-1.1.2.tgz 730ms (cache miss)
1827 http fetch GET 200 https://registry.npmjs.org/space-separated-tokens/-/space-separated-tokens-1.1.5.tgz 733ms (cache miss)
1828 http fetch GET 200 https://registry.npmjs.org/shebang-command/-/shebang-command-2.0.0.tgz 734ms (cache miss)
1829 http fetch GET 200 https://registry.npmjs.org/side-channel-weakmap/-/side-channel-weakmap-1.0.2.tgz 734ms (cache miss)
1830 http fetch GET 200 https://registry.npmjs.org/side-channel-map/-/side-channel-map-1.0.1.tgz 734ms (cache miss)
1831 http fetch GET 200 https://registry.npmjs.org/shebang-regex/-/shebang-regex-3.0.0.tgz 735ms (cache miss)
1832 http fetch GET 200 https://registry.npmjs.org/speakingurl/-/speakingurl-14.0.1.tgz 736ms (cache miss)
1833 http fetch GET 200 https://registry.npmjs.org/source-map-js/-/source-map-js-1.2.1.tgz 738ms (cache miss)
1834 http fetch GET 200 https://registry.npmjs.org/side-channel/-/side-channel-1.1.0.tgz 741ms (cache miss)
1835 http fetch GET 200 https://registry.npmjs.org/shallow-clone/-/shallow-clone-3.0.1.tgz 742ms (cache miss)
1836 http fetch GET 200 https://registry.npmjs.org/slash/-/slash-3.0.0.tgz 751ms (cache miss)
1837 http fetch GET 200 https://registry.npmjs.org/set-proto/-/set-proto-1.0.0.tgz 750ms (cache miss)
1838 http fetch GET 200 https://registry.npmjs.org/set-function-length/-/set-function-length-1.2.2.tgz 753ms (cache miss)
1839 http fetch GET 200 https://registry.npmjs.org/sha/-/sha-3.0.0.tgz 754ms (cache miss)
1840 http fetch GET 200 https://registry.npmjs.org/shallow-equals/-/shallow-equals-1.0.0.tgz 764ms (cache miss)
1841 http fetch GET 200 https://registry.npmjs.org/set-function-name/-/set-function-name-2.0.2.tgz 765ms (cache miss)
1842 http fetch GET 200 https://registry.npmjs.org/seek-bzip/-/seek-bzip-1.0.6.tgz 770ms (cache miss)
1843 http fetch GET 200 https://registry.npmjs.org/scroll-into-view-if-needed/-/scroll-into-view-if-needed-3.1.0.tgz 773ms (cache miss)
1844 http fetch GET 200 https://registry.npmjs.org/source-map/-/source-map-0.6.1.tgz 776ms (cache miss)
1845 http fetch GET 200 https://registry.npmjs.org/selderee/-/selderee-0.11.0.tgz 777ms (cache miss)
1846 http fetch GET 200 https://registry.npmjs.org/scrollmirror/-/scrollmirror-1.2.4.tgz 788ms (cache miss)
1847 http fetch GET 200 https://registry.npmjs.org/safe-regex-test/-/safe-regex-test-1.1.0.tgz 790ms (cache miss)
1848 http fetch GET 200 https://registry.npmjs.org/safer-buffer/-/safer-buffer-2.1.2.tgz 791ms (cache miss)
1849 http fetch GET 200 https://registry.npmjs.org/sha256-uint8array/-/sha256-uint8array-0.10.7.tgz 792ms (cache miss)
1850 http fetch GET 200 https://registry.npmjs.org/safe-buffer/-/safe-buffer-5.2.1.tgz 791ms (cache miss)
1851 http fetch GET 200 https://registry.npmjs.org/slate-dom/-/slate-dom-0.116.0.tgz 794ms (cache miss)
1852 http fetch GET 200 https://registry.npmjs.org/safe-array-concat/-/safe-array-concat-1.1.4.tgz 792ms (cache miss)
1853 http fetch GET 200 https://registry.npmjs.org/saxes/-/saxes-6.0.0.tgz 796ms (cache miss)
1854 http fetch GET 200 https://registry.npmjs.org/run-waterfall/-/run-waterfall-1.1.7.tgz 798ms (cache miss)
1855 http fetch GET 200 https://registry.npmjs.org/safe-push-apply/-/safe-push-apply-1.0.0.tgz 798ms (cache miss)
1856 http fetch GET 200 https://registry.npmjs.org/run-series/-/run-series-1.1.9.tgz 797ms (cache miss)
1857 http fetch GET 200 https://registry.npmjs.org/run-parallel/-/run-parallel-1.2.0.tgz 797ms (cache miss)
1858 http fetch GET 200 https://registry.npmjs.org/run-async/-/run-async-4.0.6.tgz 799ms (cache miss)
1859 http fetch GET 200 https://registry.npmjs.org/scheduler/-/scheduler-0.23.2.tgz 803ms (cache miss)
1860 http fetch GET 200 https://registry.npmjs.org/reusify/-/reusify-1.1.0.tgz 803ms (cache miss)
1861 http fetch GET 200 https://registry.npmjs.org/resolve.exports/-/resolve.exports-2.0.3.tgz 805ms (cache miss)
1862 http fetch GET 200 https://registry.npmjs.org/restore-cursor/-/restore-cursor-3.1.0.tgz 805ms (cache miss)
1863 http fetch GET 200 https://registry.npmjs.org/rimraf/-/rimraf-3.0.2.tgz 805ms (cache miss)
1864 warn deprecated rimraf@3.0.2: Rimraf versions prior to v4 are no longer supported
1865 http fetch GET 200 https://registry.npmjs.org/rxjs-mergemap-array/-/rxjs-mergemap-array-0.1.0.tgz 805ms (cache miss)
1866 http fetch GET 200 https://registry.npmjs.org/rrweb-cssom/-/rrweb-cssom-0.6.0.tgz 807ms (cache miss)
1867 http fetch GET 200 https://registry.npmjs.org/semver/-/semver-7.8.0.tgz 809ms (cache miss)
1868 http fetch GET 200 https://registry.npmjs.org/rxjs-exhaustmap-with-trailing/-/rxjs-exhaustmap-with-trailing-2.1.1.tgz 809ms (cache miss)
1869 http fetch GET 200 https://registry.npmjs.org/require-directory/-/require-directory-2.1.1.tgz 819ms (cache miss)
1870 http fetch GET 200 https://registry.npmjs.org/resolve-from/-/resolve-from-4.0.0.tgz 827ms (cache miss)
1871 http fetch GET 200 https://registry.npmjs.org/resend/-/resend-4.8.0.tgz 827ms (cache miss)
1872 http fetch GET 200 https://registry.npmjs.org/resolve-pkg-maps/-/resolve-pkg-maps-1.0.0.tgz 829ms (cache miss)
1873 http fetch GET 200 https://registry.npmjs.org/requires-port/-/requires-port-1.0.0.tgz 831ms (cache miss)
1874 http fetch GET 200 https://registry.npmjs.org/regjsgen/-/regjsgen-0.8.0.tgz 830ms (cache miss)
1875 http fetch GET 200 https://registry.npmjs.org/regjsparser/-/regjsparser-0.13.1.tgz 832ms (cache miss)
1876 http fetch GET 200 https://registry.npmjs.org/regenerate/-/regenerate-1.4.2.tgz 831ms (cache miss)
1877 http fetch GET 200 https://registry.npmjs.org/require-from-string/-/require-from-string-2.0.2.tgz 833ms (cache miss)
1878 http fetch GET 200 https://registry.npmjs.org/regexpu-core/-/regexpu-core-6.4.0.tgz 833ms (cache miss)
1879 http fetch GET 200 https://registry.npmjs.org/tar/-/tar-7.5.15.tgz 852ms (cache miss)
1880 http fetch GET 200 https://registry.npmjs.org/sucrase/-/sucrase-3.35.1.tgz 858ms (cache miss)
1881 http fetch GET 200 https://registry.npmjs.org/reflect.getprototypeof/-/reflect.getprototypeof-1.0.10.tgz 853ms (cache miss)
1882 http fetch GET 200 https://registry.npmjs.org/regexp.prototype.flags/-/regexp.prototype.flags-1.5.4.tgz 855ms (cache miss)
1883 http fetch GET 200 https://registry.npmjs.org/reselect/-/reselect-5.2.0.tgz 870ms (cache miss)
1884 http fetch GET 200 https://registry.npmjs.org/redux-thunk/-/redux-thunk-3.1.0.tgz 869ms (cache miss)
1885 http fetch GET 200 https://registry.npmjs.org/styled-components/-/styled-components-6.4.2.tgz 884ms (cache miss)
1886 http fetch GET 200 https://registry.npmjs.org/read-pkg/-/read-pkg-5.2.0.tgz 870ms (cache miss)
1887 http fetch GET 200 https://registry.npmjs.org/readdirp/-/readdirp-3.6.0.tgz 872ms (cache miss)
1888 http fetch GET 200 https://registry.npmjs.org/read-pkg-up/-/read-pkg-up-7.0.1.tgz 871ms (cache miss)
1889 http fetch GET 200 https://registry.npmjs.org/readdir-glob/-/readdir-glob-1.1.3.tgz 873ms (cache miss)
1890 http fetch GET 200 https://registry.npmjs.org/redux-observable/-/redux-observable-3.0.0-rc.2.tgz 879ms (cache miss)
1891 http fetch GET 200 https://registry.npmjs.org/redeyed/-/redeyed-2.1.1.tgz 882ms (cache miss)
1892 http fetch GET 200 https://registry.npmjs.org/redent/-/redent-3.0.0.tgz 895ms (cache miss)
1893 http fetch GET 200 https://registry.npmjs.org/react-virtuoso/-/react-virtuoso-4.18.7.tgz 898ms (cache miss)
1894 http fetch GET 200 https://registry.npmjs.org/redux/-/redux-5.0.1.tgz 899ms (cache miss)
1895 http fetch GET 200 https://registry.npmjs.org/react-rx/-/react-rx-4.2.2.tgz 899ms (cache miss)
1896 http fetch GET 200 https://registry.npmjs.org/read-cache/-/read-cache-1.0.0.tgz 902ms (cache miss)
1897 http fetch GET 200 https://registry.npmjs.org/react-is/-/react-is-19.2.6.tgz 901ms (cache miss)
1898 http fetch GET 200 https://registry.npmjs.org/readable-stream/-/readable-stream-4.7.0.tgz 903ms (cache miss)
1899 http fetch GET 200 https://registry.npmjs.org/react-promise-suspense/-/react-promise-suspense-0.3.4.tgz 902ms (cache miss)
1900 http fetch GET 200 https://registry.npmjs.org/react-refresh/-/react-refresh-0.17.0.tgz 906ms (cache miss)
1901 http fetch GET 200 https://registry.npmjs.org/react-refractor/-/react-refractor-2.2.0.tgz 910ms (cache miss)
1902 http fetch GET 200 https://registry.npmjs.org/react-focus-lock/-/react-focus-lock-2.13.7.tgz 925ms (cache miss)
1903 http fetch GET 200 https://registry.npmjs.org/rollup/-/rollup-4.60.4.tgz 932ms (cache miss)
1904 http fetch GET 200 https://registry.npmjs.org/react-transition-group/-/react-transition-group-4.4.5.tgz 928ms (cache miss)
1905 http fetch GET 200 https://registry.npmjs.org/slate/-/slate-0.117.2.tgz 949ms (cache miss)
1906 http fetch GET 200 https://registry.npmjs.org/resolve/-/resolve-2.0.0-next.7.tgz 947ms (cache miss)
1907 http fetch GET 200 https://registry.npmjs.org/react-redux/-/react-redux-9.3.0.tgz 945ms (cache miss)
1908 http fetch GET 200 https://registry.npmjs.org/tailwindcss/-/tailwindcss-3.4.19.tgz 981ms (cache miss)
1909 http fetch GET 200 https://registry.npmjs.org/react-select/-/react-select-5.10.2.tgz 980ms (cache miss)
1910 http fetch GET 200 https://registry.npmjs.org/react-compiler-runtime/-/react-compiler-runtime-1.0.0.tgz 1002ms (cache miss)
1911 http fetch GET 200 https://registry.npmjs.org/punycode/-/punycode-2.3.1.tgz 1003ms (cache miss)
1912 http fetch GET 200 https://registry.npmjs.org/querystringify/-/querystringify-2.2.0.tgz 1003ms (cache miss)
1913 http fetch GET 200 https://registry.npmjs.org/queue-microtask/-/queue-microtask-1.2.3.tgz 1003ms (cache miss)
1914 http fetch GET 200 https://registry.npmjs.org/quick-lru/-/quick-lru-5.1.1.tgz 1004ms (cache miss)
1915 http fetch GET 200 https://registry.npmjs.org/raf/-/raf-3.4.1.tgz 1004ms (cache miss)
1916 http fetch GET 200 https://registry.npmjs.org/pumpify/-/pumpify-1.5.1.tgz 1005ms (cache miss)
1917 http fetch GET 200 https://registry.npmjs.org/react-fast-compare/-/react-fast-compare-3.2.2.tgz 1005ms (cache miss)
1918 http fetch GET 200 https://registry.npmjs.org/react-file-icon/-/react-file-icon-1.6.0.tgz 1006ms (cache miss)
1919 http fetch GET 200 https://registry.npmjs.org/react-clientside-effect/-/react-clientside-effect-1.2.8.tgz 1006ms (cache miss)
1920 http fetch GET 200 https://registry.npmjs.org/react/-/react-18.3.1.tgz 1021ms (cache miss)
1921 http fetch GET 200 https://registry.npmjs.org/sanity-plugin-media/-/sanity-plugin-media-4.3.0.tgz 1034ms (cache miss)
1922 http fetch GET 200 https://registry.npmjs.org/process-nextick-args/-/process-nextick-args-2.0.1.tgz 1029ms (cache miss)
1923 http fetch GET 200 https://registry.npmjs.org/react-hook-form/-/react-hook-form-7.76.0.tgz 1030ms (cache miss)
1924 http fetch GET 200 https://registry.npmjs.org/prelude-ls/-/prelude-ls-1.2.1.tgz 1029ms (cache miss)
1925 http fetch GET 200 https://registry.npmjs.org/postcss-value-parser/-/postcss-value-parser-4.2.0.tgz 1029ms (cache miss)
1926 http fetch GET 200 https://registry.npmjs.org/process/-/process-0.11.10.tgz 1031ms (cache miss)
1927 http fetch GET 200 https://registry.npmjs.org/postcss-nested/-/postcss-nested-6.2.0.tgz 1031ms (cache miss)
1928 http fetch GET 200 https://registry.npmjs.org/preferred-pm/-/preferred-pm-4.1.1.tgz 1031ms (cache miss)
1929 http fetch GET 200 https://registry.npmjs.org/pump/-/pump-3.0.4.tgz 1032ms (cache miss)
1930 http fetch GET 200 https://registry.npmjs.org/postcss-load-config/-/postcss-load-config-6.0.1.tgz 1032ms (cache miss)
1931 http fetch GET 200 https://registry.npmjs.org/pretty-ms/-/pretty-ms-7.0.1.tgz 1032ms (cache miss)
1932 http fetch GET 200 https://registry.npmjs.org/prop-types/-/prop-types-15.8.1.tgz 1033ms (cache miss)
1933 http fetch GET 200 https://registry.npmjs.org/psl/-/psl-1.15.0.tgz 1044ms (cache miss)
1934 http fetch GET 200 https://registry.npmjs.org/postcss-js/-/postcss-js-4.1.0.tgz 1058ms (cache miss)
1935 http fetch GET 200 https://registry.npmjs.org/possible-typed-array-names/-/possible-typed-array-names-1.1.0.tgz 1059ms (cache miss)
1936 http fetch GET 200 https://registry.npmjs.org/postcss-import/-/postcss-import-15.1.0.tgz 1058ms (cache miss)
1937 http fetch GET 200 https://registry.npmjs.org/refractor/-/refractor-3.6.0.tgz 1065ms (cache miss)
1938 http fetch GET 200 https://registry.npmjs.org/pluralize/-/pluralize-8.0.0.tgz 1062ms (cache miss)
1939 http fetch GET 200 https://registry.npmjs.org/pluralize-esm/-/pluralize-esm-9.0.5.tgz 1065ms (cache miss)
1940 http fetch GET 200 https://registry.npmjs.org/property-information/-/property-information-5.6.0.tgz 1070ms (cache miss)
1941 http fetch GET 200 https://registry.npmjs.org/pinkie/-/pinkie-2.0.4.tgz 1068ms (cache miss)
1942 http fetch GET 200 https://registry.npmjs.org/pirates/-/pirates-4.0.7.tgz 1069ms (cache miss)
1943 http fetch GET 200 https://registry.npmjs.org/pify/-/pify-2.3.0.tgz 1069ms (cache miss)
1944 http fetch GET 200 https://registry.npmjs.org/picocolors/-/picocolors-1.1.1.tgz 1069ms (cache miss)
1945 http fetch GET 200 https://registry.npmjs.org/performance-now/-/performance-now-2.1.0.tgz 1069ms (cache miss)
1946 http fetch GET 200 https://registry.npmjs.org/pinkie-promise/-/pinkie-promise-2.0.1.tgz 1070ms (cache miss)
1947 http fetch GET 200 https://registry.npmjs.org/pkg-dir/-/pkg-dir-5.0.0.tgz 1070ms (cache miss)
1948 http fetch GET 200 https://registry.npmjs.org/react-dropzone/-/react-dropzone-11.7.1.tgz 1077ms (cache miss)
1949 http fetch GET 200 https://registry.npmjs.org/picomatch/-/picomatch-2.3.2.tgz 1075ms (cache miss)
1950 http fetch GET 200 https://registry.npmjs.org/postcss-selector-parser/-/postcss-selector-parser-6.1.2.tgz 1078ms (cache miss)
1951 http fetch GET 200 https://registry.npmjs.org/react-i18next/-/react-i18next-14.0.2.tgz 1083ms (cache miss)
1952 http fetch GET 200 https://registry.npmjs.org/pend/-/pend-1.2.0.tgz 1084ms (cache miss)
1953 http fetch GET 200 https://registry.npmjs.org/peek-stream/-/peek-stream-1.1.3.tgz 1087ms (cache miss)
1954 http fetch GET 200 https://registry.npmjs.org/path-sort/-/path-sort-0.1.0.tgz 1088ms (cache miss)
1955 http fetch GET 200 https://registry.npmjs.org/peberminta/-/peberminta-0.9.0.tgz 1089ms (cache miss)
1956 http fetch GET 200 https://registry.npmjs.org/path-parse/-/path-parse-1.0.7.tgz 1088ms (cache miss)
1957 http fetch GET 200 https://registry.npmjs.org/path-key/-/path-key-3.1.1.tgz 1088ms (cache miss)
1958 http fetch GET 200 https://registry.npmjs.org/path-type/-/path-type-4.0.0.tgz 1088ms (cache miss)
1959 http fetch GET 200 https://registry.npmjs.org/path-to-regexp/-/path-to-regexp-6.3.0.tgz 1090ms (cache miss)
1960 http fetch GET 200 https://registry.npmjs.org/path-exists/-/path-exists-4.0.0.tgz 1091ms (cache miss)
1961 http fetch GET 200 https://registry.npmjs.org/path-is-absolute/-/path-is-absolute-1.0.1.tgz 1089ms (cache miss)
1962 http fetch GET 200 https://registry.npmjs.org/parse-ms/-/parse-ms-2.1.0.tgz 1098ms (cache miss)
1963 http fetch GET 200 https://registry.npmjs.org/postcss/-/postcss-8.5.15.tgz 1106ms (cache miss)
1964 http fetch GET 200 https://registry.npmjs.org/parseley/-/parseley-0.12.1.tgz 1111ms (cache miss)
1965 http fetch GET 200 https://registry.npmjs.org/parallel-transform/-/parallel-transform-1.2.0.tgz 1112ms (cache miss)
1966 http fetch GET 200 https://registry.npmjs.org/parse-json/-/parse-json-5.2.0.tgz 1112ms (cache miss)
1967 http fetch GET 200 https://registry.npmjs.org/path-scurry/-/path-scurry-1.11.1.tgz 1114ms (cache miss)
1968 http fetch GET 200 https://registry.npmjs.org/p-try/-/p-try-2.2.0.tgz 1113ms (cache miss)
1969 http fetch GET 200 https://registry.npmjs.org/parse-entities/-/parse-entities-2.0.0.tgz 1113ms (cache miss)
1970 http fetch GET 200 https://registry.npmjs.org/p-map/-/p-map-7.0.4.tgz 1114ms (cache miss)
1971 http fetch GET 200 https://registry.npmjs.org/p-finally/-/p-finally-2.0.1.tgz 1114ms (cache miss)
1972 http fetch GET 200 https://registry.npmjs.org/regenerate-unicode-properties/-/regenerate-unicode-properties-10.2.2.tgz 1126ms (cache miss)
1973 http fetch GET 200 https://registry.npmjs.org/p-locate/-/p-locate-5.0.0.tgz 1114ms (cache miss)
1974 http fetch GET 200 https://registry.npmjs.org/package-json-from-dist/-/package-json-from-dist-1.0.1.tgz 1116ms (cache miss)
1975 http fetch GET 200 https://registry.npmjs.org/onetime/-/onetime-5.1.2.tgz 1115ms (cache miss)
1976 http fetch GET 200 https://registry.npmjs.org/optionator/-/optionator-0.9.4.tgz 1116ms (cache miss)
1977 http fetch GET 200 https://registry.npmjs.org/p-queue/-/p-queue-2.4.2.tgz 1118ms (cache miss)
1978 http fetch GET 200 https://registry.npmjs.org/p-limit/-/p-limit-3.1.0.tgz 1122ms (cache miss)
1979 http fetch GET 200 https://registry.npmjs.org/ora/-/ora-5.4.1.tgz 1123ms (cache miss)
1980 http fetch GET 200 https://registry.npmjs.org/once/-/once-1.4.0.tgz 1130ms (cache miss)
1981 http fetch GET 200 https://registry.npmjs.org/oneline/-/oneline-1.0.4.tgz 1131ms (cache miss)
1982 http fetch GET 200 https://registry.npmjs.org/parent-module/-/parent-module-1.0.1.tgz 1132ms (cache miss)
1983 http fetch GET 200 https://registry.npmjs.org/open/-/open-8.4.2.tgz 1137ms (cache miss)
1984 http fetch GET 200 https://registry.npmjs.org/own-keys/-/own-keys-1.0.1.tgz 1138ms (cache miss)
1985 http fetch GET 200 https://registry.npmjs.org/object.values/-/object.values-1.2.1.tgz 1140ms (cache miss)
1986 http fetch GET 200 https://registry.npmjs.org/object.groupby/-/object.groupby-1.0.3.tgz 1141ms (cache miss)
1987 http fetch GET 200 https://registry.npmjs.org/object-keys/-/object-keys-1.1.1.tgz 1141ms (cache miss)
1988 http fetch GET 200 https://registry.npmjs.org/observable-callback/-/observable-callback-1.0.3.tgz 1142ms (cache miss)
1989 http fetch GET 200 https://registry.npmjs.org/object.entries/-/object.entries-1.1.9.tgz 1142ms (cache miss)
1990 http fetch GET 200 https://registry.npmjs.org/object.fromentries/-/object.fromentries-2.0.8.tgz 1142ms (cache miss)
1991 http fetch GET 200 https://registry.npmjs.org/object-assign/-/object-assign-4.1.1.tgz 1147ms (cache miss)
1992 http fetch GET 200 https://registry.npmjs.org/object.assign/-/object.assign-4.1.7.tgz 1150ms (cache miss)
1993 http fetch GET 200 https://registry.npmjs.org/normalize-path/-/normalize-path-3.0.0.tgz 1155ms (cache miss)
1994 http fetch GET 200 https://registry.npmjs.org/pako/-/pako-0.2.9.tgz 1159ms (cache miss)
1995 http fetch GET 200 https://registry.npmjs.org/nth-check/-/nth-check-2.1.1.tgz 1158ms (cache miss)
1996 http fetch GET 200 https://registry.npmjs.org/normalize-package-data/-/normalize-package-data-3.0.3.tgz 1158ms (cache miss)
1997 http fetch GET 200 https://registry.npmjs.org/object-hash/-/object-hash-3.0.0.tgz 1158ms (cache miss)
1998 http fetch GET 200 https://registry.npmjs.org/node-releases/-/node-releases-2.0.44.tgz 1159ms (cache miss)
1999 http fetch GET 200 https://registry.npmjs.org/object-inspect/-/object-inspect-1.13.4.tgz 1169ms (cache miss)
2000 http fetch GET 200 https://registry.npmjs.org/npm-run-path/-/npm-run-path-3.1.0.tgz 1170ms (cache miss)
2001 http fetch GET 200 https://registry.npmjs.org/natural-compare/-/natural-compare-1.4.0.tgz 1172ms (cache miss)
2002 http fetch GET 200 https://registry.npmjs.org/node-html-parser/-/node-html-parser-6.1.13.tgz 1174ms (cache miss)
2003 http fetch GET 200 https://registry.npmjs.org/parse5/-/parse5-7.3.0.tgz 1176ms (cache miss)
2004 http fetch GET 200 https://registry.npmjs.org/napi-postinstall/-/napi-postinstall-0.3.4.tgz 1175ms (cache miss)
2005 http fetch GET 200 https://registry.npmjs.org/node-exports-info/-/node-exports-info-1.6.0.tgz 1175ms (cache miss)
2006 http fetch GET 200 https://registry.npmjs.org/nanoid/-/nanoid-3.3.12.tgz 1184ms (cache miss)
2007 http fetch GET 200 https://registry.npmjs.org/mz/-/mz-2.7.0.tgz 1185ms (cache miss)
2008 http fetch GET 200 https://registry.npmjs.org/mux-embed/-/mux-embed-5.18.1.tgz 1191ms (cache miss)
2009 http fetch GET 200 https://registry.npmjs.org/ms/-/ms-2.1.3.tgz 1207ms (cache miss)
2010 http fetch GET 200 https://registry.npmjs.org/react-dom/-/react-dom-18.3.1.tgz 1217ms (cache miss)
2011 http fetch GET 200 https://registry.npmjs.org/mute-stream/-/mute-stream-2.0.0.tgz 1207ms (cache miss)
2012 http fetch GET 200 https://registry.npmjs.org/minimist/-/minimist-1.2.8.tgz 1208ms (cache miss)
2013 http fetch GET 200 https://registry.npmjs.org/nano-pubsub/-/nano-pubsub-3.0.0.tgz 1208ms (cache miss)
2014 http fetch GET 200 https://registry.npmjs.org/module-alias/-/module-alias-2.3.4.tgz 1208ms (cache miss)
2015 http fetch GET 200 https://registry.npmjs.org/minimist-options/-/minimist-options-4.1.0.tgz 1209ms (cache miss)
2016 http fetch GET 200 https://registry.npmjs.org/mississippi/-/mississippi-4.0.0.tgz 1211ms (cache miss)
2017 http fetch GET 200 https://registry.npmjs.org/minimatch/-/minimatch-3.1.5.tgz 1211ms (cache miss)
2018 http fetch GET 200 https://registry.npmjs.org/mkdirp-classic/-/mkdirp-classic-0.5.3.tgz 1212ms (cache miss)
2019 http fetch GET 200 https://registry.npmjs.org/motion-utils/-/motion-utils-12.39.0.tgz 1219ms (cache miss)
2020 http fetch GET 200 https://registry.npmjs.org/minizlib/-/minizlib-3.1.0.tgz 1221ms (cache miss)
2021 http fetch GET 200 https://registry.npmjs.org/next-sanity/-/next-sanity-9.12.3.tgz 1232ms (cache miss)
2022 http fetch GET 200 https://registry.npmjs.org/motion/-/motion-12.39.0.tgz 1238ms (cache miss)
2023 http fetch GET 200 https://registry.npmjs.org/mimic-function/-/mimic-function-5.0.1.tgz 1237ms (cache miss)
2024 http fetch GET 200 https://registry.npmjs.org/min-indent/-/min-indent-1.0.1.tgz 1239ms (cache miss)
2025 http fetch GET 200 https://registry.npmjs.org/mimic-fn/-/mimic-fn-2.1.0.tgz 1238ms (cache miss)
2026 http fetch GET 200 https://registry.npmjs.org/merge2/-/merge2-1.4.1.tgz 1243ms (cache miss)
2027 http fetch GET 200 https://registry.npmjs.org/mimic-response/-/mimic-response-3.1.0.tgz 1244ms (cache miss)
2028 http fetch GET 200 https://registry.npmjs.org/mime-types/-/mime-types-3.0.2.tgz 1245ms (cache miss)
2029 http fetch GET 200 https://registry.npmjs.org/merge-stream/-/merge-stream-2.0.0.tgz 1245ms (cache miss)
2030 http fetch GET 200 https://registry.npmjs.org/meow/-/meow-9.0.0.tgz 1246ms (cache miss)
2031 http fetch GET 200 https://registry.npmjs.org/mime-db/-/mime-db-1.54.0.tgz 1247ms (cache miss)
2032 http fetch GET 200 https://registry.npmjs.org/micromatch/-/micromatch-4.0.8.tgz 1247ms (cache miss)
2033 http fetch GET 200 https://registry.npmjs.org/min-document/-/min-document-2.19.2.tgz 1248ms (cache miss)
2034 http fetch GET 200 https://registry.npmjs.org/minipass/-/minipass-7.1.3.tgz 1258ms (cache miss)
2035 http fetch GET 200 https://registry.npmjs.org/map-obj/-/map-obj-4.3.0.tgz 1294ms (cache miss)
2036 http fetch GET 200 https://registry.npmjs.org/media-tracks/-/media-tracks-0.3.5.tgz 1295ms (cache miss)
2037 http fetch GET 200 https://registry.npmjs.org/memoize-one/-/memoize-one-6.0.0.tgz 1298ms (cache miss)
2038 http fetch GET 200 https://registry.npmjs.org/math-intrinsics/-/math-intrinsics-1.1.0.tgz 1297ms (cache miss)
2039 http fetch GET 200 https://registry.npmjs.org/mendoza/-/mendoza-3.0.8.tgz 1304ms (cache miss)
2040 http fetch GET 200 https://registry.npmjs.org/log-symbols/-/log-symbols-2.2.0.tgz 1311ms (cache miss)
2041 http fetch GET 200 https://registry.npmjs.org/lodash.startcase/-/lodash.startcase-4.4.0.tgz 1313ms (cache miss)
2042 http fetch GET 200 https://registry.npmjs.org/make-dir/-/make-dir-2.1.0.tgz 1313ms (cache miss)
2043 http fetch GET 200 https://registry.npmjs.org/md5-o-matic/-/md5-o-matic-0.1.1.tgz 1317ms (cache miss)
2044 http fetch GET 200 https://registry.npmjs.org/loose-envify/-/loose-envify-1.4.0.tgz 1327ms (cache miss)
2045 http fetch GET 200 https://registry.npmjs.org/locate-path/-/locate-path-6.0.0.tgz 1331ms (cache miss)
2046 http fetch GET 200 https://registry.npmjs.org/lines-and-columns/-/lines-and-columns-1.2.4.tgz 1331ms (cache miss)
2047 http fetch GET 200 https://registry.npmjs.org/lodash.merge/-/lodash.merge-4.6.2.tgz 1333ms (cache miss)
2048 http fetch GET 200 https://registry.npmjs.org/lilconfig/-/lilconfig-3.1.3.tgz 1333ms (cache miss)
2049 http fetch GET 200 https://registry.npmjs.org/typescript/-/typescript-5.9.3.tgz 1365ms (cache miss)
2050 http fetch GET 200 https://registry.npmjs.org/mdn-data/-/mdn-data-2.0.30.tgz 1336ms (cache miss)
2051 http fetch GET 200 https://registry.npmjs.org/levn/-/levn-0.4.1.tgz 1346ms (cache miss)
2052 http fetch GET 200 https://registry.npmjs.org/load-yaml-file/-/load-yaml-file-0.2.0.tgz 1347ms (cache miss)
2053 http fetch GET 200 https://registry.npmjs.org/lodash.debounce/-/lodash.debounce-4.0.8.tgz 1347ms (cache miss)
2054 http fetch GET 200 https://registry.npmjs.org/lazystream/-/lazystream-1.0.1.tgz 1353ms (cache miss)
2055 http fetch GET 200 https://registry.npmjs.org/leac/-/leac-0.6.0.tgz 1370ms (cache miss)
2056 http fetch GET 200 https://registry.npmjs.org/leven/-/leven-3.1.0.tgz 1370ms (cache miss)
2057 http fetch GET 200 https://registry.npmjs.org/lambda-runtimes/-/lambda-runtimes-2.0.5.tgz 1371ms (cache miss)
2058 http fetch GET 200 https://registry.npmjs.org/language-tags/-/language-tags-1.0.9.tgz 1371ms (cache miss)
2059 http fetch GET 200 https://registry.npmjs.org/keyv/-/keyv-4.5.4.tgz 1372ms (cache miss)
2060 http fetch GET 200 https://registry.npmjs.org/json-schema-traverse/-/json-schema-traverse-0.4.1.tgz 1386ms (cache miss)
2061 http fetch GET 200 https://registry.npmjs.org/player.style/-/player.style-0.1.10.tgz 1399ms (cache miss)
2062 http fetch GET 200 https://registry.npmjs.org/json-reduce/-/json-reduce-3.0.0.tgz 1390ms (cache miss)
2063 http fetch GET 200 https://registry.npmjs.org/json-stable-stringify-without-jsonify/-/json-stable-stringify-without-jsonify-1.0.1.tgz 1391ms (cache miss)
2064 http fetch GET 200 https://registry.npmjs.org/kind-of/-/kind-of-6.0.3.tgz 1392ms (cache miss)
2065 http fetch GET 200 https://registry.npmjs.org/json-lexer/-/json-lexer-1.2.0.tgz 1401ms (cache miss)
2066 http fetch GET 200 https://registry.npmjs.org/jsesc/-/jsesc-3.1.0.tgz 1401ms (cache miss)
2067 http fetch GET 200 https://registry.npmjs.org/json-buffer/-/json-buffer-3.0.1.tgz 1402ms (cache miss)
2068 http fetch GET 200 https://registry.npmjs.org/polished/-/polished-4.3.1.tgz 1413ms (cache miss)
2069 http fetch GET 200 https://registry.npmjs.org/json-parse-even-better-errors/-/json-parse-even-better-errors-2.3.1.tgz 1411ms (cache miss)
2070 http fetch GET 200 https://registry.npmjs.org/json5/-/json5-2.2.3.tgz 1413ms (cache miss)
2071 http fetch GET 200 https://registry.npmjs.org/json-stream-stringify/-/json-stream-stringify-2.0.4.tgz 1414ms (cache miss)
2072 http fetch GET 200 https://registry.npmjs.org/json-with-bigint/-/json-with-bigint-3.5.8.tgz 1417ms (cache miss)
2073 http fetch GET 200 https://registry.npmjs.org/isomorphic-dompurify/-/isomorphic-dompurify-2.36.0.tgz 1417ms (cache miss)
2074 http fetch GET 200 https://registry.npmjs.org/json-2-csv/-/json-2-csv-5.5.10.tgz 1418ms (cache miss)
2075 http fetch GET 200 https://registry.npmjs.org/prettier/-/prettier-3.8.3.tgz 1433ms (cache miss)
2076 http fetch GET 200 https://registry.npmjs.org/jsx-ast-utils/-/jsx-ast-utils-3.3.5.tgz 1437ms (cache miss)
2077 http fetch GET 200 https://registry.npmjs.org/language-subtag-registry/-/language-subtag-registry-0.3.23.tgz 1439ms (cache miss)
2078 http fetch GET 200 https://registry.npmjs.org/js-tokens/-/js-tokens-4.0.0.tgz 1510ms (cache miss)
2079 http fetch GET 200 https://registry.npmjs.org/iterator.prototype/-/iterator.prototype-1.1.5.tgz 1510ms (cache miss)
2080 http fetch GET 200 https://registry.npmjs.org/isobject/-/isobject-3.0.1.tgz 1511ms (cache miss)
2081 http fetch GET 200 https://registry.npmjs.org/prismjs/-/prismjs-1.27.0.tgz 1523ms (cache miss)
2082 http fetch GET 200 https://registry.npmjs.org/jsdom-global/-/jsdom-global-3.0.2.tgz 1511ms (cache miss)
2083 http fetch GET 200 https://registry.npmjs.org/is-wsl/-/is-wsl-2.2.0.tgz 1512ms (cache miss)
2084 http fetch GET 200 https://registry.npmjs.org/isexe/-/isexe-2.0.0.tgz 1512ms (cache miss)
2085 http fetch GET 200 https://registry.npmjs.org/is-weakset/-/is-weakset-2.0.4.tgz 1511ms (cache miss)
2086 http fetch GET 200 https://registry.npmjs.org/js-yaml/-/js-yaml-4.1.1.tgz 1524ms (cache miss)
2087 http fetch GET 200 https://registry.npmjs.org/isarray/-/isarray-2.0.5.tgz 1529ms (cache miss)
2088 http fetch GET 200 https://registry.npmjs.org/jackspeak/-/jackspeak-2.3.6.tgz 1546ms (cache miss)
2089 http fetch GET 200 https://registry.npmjs.org/is-tar/-/is-tar-1.0.0.tgz 1548ms (cache miss)
2090 http fetch GET 200 https://registry.npmjs.org/is-weakref/-/is-weakref-1.1.1.tgz 1550ms (cache miss)
2091 http fetch GET 200 https://registry.npmjs.org/is-typedarray/-/is-typedarray-1.0.0.tgz 1550ms (cache miss)
2092 http fetch GET 200 https://registry.npmjs.org/is-string/-/is-string-1.1.1.tgz 1551ms (cache miss)
2093 http fetch GET 200 https://registry.npmjs.org/is-stream/-/is-stream-2.0.1.tgz 1550ms (cache miss)
2094 http fetch GET 200 https://registry.npmjs.org/is-weakmap/-/is-weakmap-2.0.2.tgz 1553ms (cache miss)
2095 http fetch GET 200 https://registry.npmjs.org/is-retry-allowed/-/is-retry-allowed-2.2.0.tgz 1553ms (cache miss)
2096 http fetch GET 200 https://registry.npmjs.org/is-typed-array/-/is-typed-array-1.1.15.tgz 1555ms (cache miss)
2097 http fetch GET 200 https://registry.npmjs.org/is-shared-array-buffer/-/is-shared-array-buffer-1.0.4.tgz 1555ms (cache miss)
2098 http fetch GET 200 https://registry.npmjs.org/is-symbol/-/is-symbol-1.1.1.tgz 1556ms (cache miss)
2099 http fetch GET 200 https://registry.npmjs.org/is-set/-/is-set-2.0.3.tgz 1557ms (cache miss)
2100 http fetch GET 200 https://registry.npmjs.org/is-unicode-supported/-/is-unicode-supported-0.1.0.tgz 1558ms (cache miss)
2101 http fetch GET 200 https://registry.npmjs.org/is-plain-obj/-/is-plain-obj-1.1.0.tgz 1558ms (cache miss)
2102 http fetch GET 200 https://registry.npmjs.org/is-interactive/-/is-interactive-1.0.0.tgz 1558ms (cache miss)
2103 http fetch GET 200 https://registry.npmjs.org/is-potential-custom-element-name/-/is-potential-custom-element-name-1.0.1.tgz 1560ms (cache miss)
2104 http fetch GET 200 https://registry.npmjs.org/jake/-/jake-10.9.4.tgz 1565ms (cache miss)
2105 http fetch GET 200 https://registry.npmjs.org/is-number/-/is-number-7.0.0.tgz 1560ms (cache miss)
2106 http fetch GET 200 https://registry.npmjs.org/is-regex/-/is-regex-1.2.1.tgz 1561ms (cache miss)
2107 http fetch GET 200 https://registry.npmjs.org/is-path-inside/-/is-path-inside-3.0.3.tgz 1560ms (cache miss)
2108 http fetch GET 200 https://registry.npmjs.org/is-hotkey-esm/-/is-hotkey-esm-1.0.0.tgz 1560ms (cache miss)
2109 http fetch GET 200 https://registry.npmjs.org/is-hotkey/-/is-hotkey-0.2.0.tgz 1560ms (cache miss)
2110 http fetch GET 200 https://registry.npmjs.org/is-glob/-/is-glob-4.0.3.tgz 1560ms (cache miss)
2111 http fetch GET 200 https://registry.npmjs.org/is-obj/-/is-obj-2.0.0.tgz 1561ms (cache miss)
2112 http fetch GET 200 https://registry.npmjs.org/is-plain-object/-/is-plain-object-2.0.4.tgz 1563ms (cache miss)
2113 http fetch GET 200 https://registry.npmjs.org/is-natural-number/-/is-natural-number-4.0.1.tgz 1561ms (cache miss)
2114 http fetch GET 200 https://registry.npmjs.org/is-negative-zero/-/is-negative-zero-2.0.3.tgz 1562ms (cache miss)
2115 http fetch GET 200 https://registry.npmjs.org/is-hexadecimal/-/is-hexadecimal-1.0.4.tgz 1566ms (cache miss)
2116 http fetch GET 200 https://registry.npmjs.org/is-gzip/-/is-gzip-1.0.0.tgz 1576ms (cache miss)
2117 http fetch GET 200 https://registry.npmjs.org/lru-cache/-/lru-cache-10.4.3.tgz 1586ms (cache miss)
2118 http fetch GET 200 https://registry.npmjs.org/is-finalizationregistry/-/is-finalizationregistry-1.1.1.tgz 1578ms (cache miss)
2119 http fetch GET 200 https://registry.npmjs.org/is-callable/-/is-callable-1.2.7.tgz 1579ms (cache miss)
2120 http fetch GET 200 https://registry.npmjs.org/is-generator-function/-/is-generator-function-1.1.2.tgz 1581ms (cache miss)
2121 http fetch GET 200 https://registry.npmjs.org/is-docker/-/is-docker-2.2.1.tgz 1580ms (cache miss)
2122 http fetch GET 200 https://registry.npmjs.org/is-binary-path/-/is-binary-path-2.1.0.tgz 1581ms (cache miss)
2123 http fetch GET 200 https://registry.npmjs.org/is-date-object/-/is-date-object-1.1.0.tgz 1581ms (cache miss)
2124 http fetch GET 200 https://registry.npmjs.org/is-extglob/-/is-extglob-2.1.1.tgz 1583ms (cache miss)
2125 http fetch GET 200 https://registry.npmjs.org/is-bun-module/-/is-bun-module-2.0.0.tgz 1583ms (cache miss)
2126 http fetch GET 200 https://registry.npmjs.org/is-decimal/-/is-decimal-1.0.4.tgz 1583ms (cache miss)
2127 http fetch GET 200 https://registry.npmjs.org/is-deflate/-/is-deflate-1.0.0.tgz 1583ms (cache miss)
2128 http fetch GET 200 https://registry.npmjs.org/is-data-view/-/is-data-view-1.0.2.tgz 1583ms (cache miss)
2129 http fetch GET 200 https://registry.npmjs.org/is-fullwidth-code-point/-/is-fullwidth-code-point-3.0.0.tgz 1587ms (cache miss)
2130 http fetch GET 200 https://registry.npmjs.org/jiti/-/jiti-2.7.0.tgz 1599ms (cache miss)
2131 http fetch GET 200 https://registry.npmjs.org/is-boolean-object/-/is-boolean-object-1.2.2.tgz 1592ms (cache miss)
2132 http fetch GET 200 https://registry.npmjs.org/is-alphanumerical/-/is-alphanumerical-1.0.4.tgz 1603ms (cache miss)
2133 http fetch GET 200 https://registry.npmjs.org/is-async-function/-/is-async-function-2.1.1.tgz 1602ms (cache miss)
2134 http fetch GET 200 https://registry.npmjs.org/is-core-module/-/is-core-module-2.16.2.tgz 1604ms (cache miss)
2135 http fetch GET 200 https://registry.npmjs.org/is-bigint/-/is-bigint-1.1.0.tgz 1608ms (cache miss)
2136 http fetch GET 200 https://registry.npmjs.org/is-alphabetical/-/is-alphabetical-1.0.4.tgz 1605ms (cache miss)
2137 http fetch GET 200 https://registry.npmjs.org/is-array-buffer/-/is-array-buffer-3.0.5.tgz 1608ms (cache miss)
2138 http fetch GET 200 https://registry.npmjs.org/is-arrayish/-/is-arrayish-0.2.1.tgz 1608ms (cache miss)
2139 http fetch GET 200 https://registry.npmjs.org/inherits/-/inherits-2.0.4.tgz 1605ms (cache miss)
2140 http fetch GET 200 https://registry.npmjs.org/imurmurhash/-/imurmurhash-0.1.4.tgz 1605ms (cache miss)
2141 http fetch GET 200 https://registry.npmjs.org/indent-string/-/indent-string-4.0.0.tgz 1606ms (cache miss)
2142 http fetch GET 200 https://registry.npmjs.org/internal-slot/-/internal-slot-1.1.0.tgz 1607ms (cache miss)
2143 http fetch GET 200 https://registry.npmjs.org/inflight/-/inflight-1.0.6.tgz 1608ms (cache miss)
2144 warn deprecated inflight@1.0.6: This module is not supported, and leaks memory. Do not use it. Check out lru-cache if you want a good and tested way to coalesce async requests by a key value, which is much more comprehensive and powerful.
2145 http fetch GET 200 https://registry.npmjs.org/ieee754/-/ieee754-1.2.1.tgz 1609ms (cache miss)
2146 http fetch GET 200 https://registry.npmjs.org/inquirer/-/inquirer-12.11.1.tgz 1615ms (cache miss)
2147 http fetch GET 200 https://registry.npmjs.org/import-fresh/-/import-fresh-3.3.1.tgz 1620ms (cache miss)
2148 http fetch GET 200 https://registry.npmjs.org/ignore/-/ignore-5.3.2.tgz 1621ms (cache miss)
2149 http fetch GET 200 https://registry.npmjs.org/http-proxy-agent/-/http-proxy-agent-7.0.2.tgz 1627ms (cache miss)
2150 http fetch GET 200 https://registry.npmjs.org/html-to-text/-/html-to-text-9.0.5.tgz 1631ms (cache miss)
2151 http fetch GET 200 https://registry.npmjs.org/humanize-list/-/humanize-list-1.0.1.tgz 1632ms (cache miss)
2152 http fetch GET 200 https://registry.npmjs.org/html-encoding-sniffer/-/html-encoding-sniffer-4.0.0.tgz 1631ms (cache miss)
2153 http fetch GET 200 https://registry.npmjs.org/hosted-git-info/-/hosted-git-info-4.1.0.tgz 1632ms (cache miss)
2154 http fetch GET 200 https://registry.npmjs.org/https-proxy-agent/-/https-proxy-agent-7.0.6.tgz 1636ms (cache miss)
2155 http fetch GET 200 https://registry.npmjs.org/html-parse-stringify/-/html-parse-stringify-3.0.1.tgz 1635ms (cache miss)
2156 http fetch GET 200 https://registry.npmjs.org/he/-/he-1.2.0.tgz 1639ms (cache miss)
2157 http fetch GET 200 https://registry.npmjs.org/hast-util-parse-selector/-/hast-util-parse-selector-2.2.5.tgz 1646ms (cache miss)
2158 http fetch GET 200 https://registry.npmjs.org/hasown/-/hasown-2.0.3.tgz 1649ms (cache miss)
2159 http fetch GET 200 https://registry.npmjs.org/has-symbols/-/has-symbols-1.1.0.tgz 1651ms (cache miss)
2160 http fetch GET 200 https://registry.npmjs.org/has-tostringtag/-/has-tostringtag-1.0.2.tgz 1657ms (cache miss)
2161 http fetch GET 200 https://registry.npmjs.org/has-flag/-/has-flag-4.0.0.tgz 1658ms (cache miss)
2162 http fetch GET 200 https://registry.npmjs.org/hastscript/-/hastscript-6.0.0.tgz 1662ms (cache miss)
2163 http fetch GET 200 https://registry.npmjs.org/has-property-descriptors/-/has-property-descriptors-1.0.2.tgz 1663ms (cache miss)
2164 http fetch GET 200 https://registry.npmjs.org/htmlparser2/-/htmlparser2-8.0.2.tgz 1664ms (cache miss)
2165 http fetch GET 200 https://registry.npmjs.org/hoist-non-react-statics/-/hoist-non-react-statics-3.3.2.tgz 1664ms (cache miss)
2166 http fetch GET 200 https://registry.npmjs.org/iconv-lite/-/iconv-lite-0.7.2.tgz 1665ms (cache miss)
2167 http fetch GET 200 https://registry.npmjs.org/gunzip-maybe/-/gunzip-maybe-1.4.2.tgz 1664ms (cache miss)
2168 http fetch GET 200 https://registry.npmjs.org/has-proto/-/has-proto-1.2.0.tgz 1665ms (cache miss)
2169 http fetch GET 200 https://registry.npmjs.org/has-bigints/-/has-bigints-1.1.0.tgz 1665ms (cache miss)
2170 http fetch GET 200 https://registry.npmjs.org/hard-rejection/-/hard-rejection-2.1.0.tgz 1665ms (cache miss)
2171 http fetch GET 200 https://registry.npmjs.org/groq/-/groq-3.99.0.tgz 1669ms (cache miss)
2172 http fetch GET 200 https://registry.npmjs.org/history/-/history-5.3.0.tgz 1671ms (cache miss)
2173 http fetch GET 200 https://registry.npmjs.org/i18next/-/i18next-23.16.8.tgz 1676ms (cache miss)
2174 http fetch GET 200 https://registry.npmjs.org/globrex/-/globrex-0.1.2.tgz 1682ms (cache miss)
2175 http fetch GET 200 https://registry.npmjs.org/globals/-/globals-13.24.0.tgz 1682ms (cache miss)
2176 http fetch GET 200 https://registry.npmjs.org/gopd/-/gopd-1.2.0.tgz 1683ms (cache miss)
2177 http fetch GET 200 https://registry.npmjs.org/globby/-/globby-11.1.0.tgz 1683ms (cache miss)
2178 http fetch GET 200 https://registry.npmjs.org/immer/-/immer-10.2.0.tgz 1685ms (cache miss)
2179 http fetch GET 200 https://registry.npmjs.org/lodash-es/-/lodash-es-4.18.1.tgz 1705ms (cache miss)
2180 http fetch GET 200 https://registry.npmjs.org/globalthis/-/globalthis-1.0.4.tgz 1690ms (cache miss)
2181 http fetch GET 200 https://registry.npmjs.org/graceful-fs/-/graceful-fs-4.2.11.tgz 1696ms (cache miss)
2182 http fetch GET 200 https://registry.npmjs.org/moment/-/moment-2.30.1.tgz 1714ms (cache miss)
2183 http fetch GET 200 https://registry.npmjs.org/global/-/global-4.4.0.tgz 1699ms (cache miss)
2184 http fetch GET 200 https://registry.npmjs.org/get-stream/-/get-stream-2.3.1.tgz 1698ms (cache miss)
2185 http fetch GET 200 https://registry.npmjs.org/get-tsconfig/-/get-tsconfig-4.14.0.tgz 1699ms (cache miss)
2186 http fetch GET 200 https://registry.npmjs.org/get-random-values-esm/-/get-random-values-esm-1.0.2.tgz 1720ms (cache miss)
2187 warn deprecated get-random-values-esm@1.0.2: use crypto.getRandomValues() instead
2188 http fetch GET 200 https://registry.npmjs.org/get-package-type/-/get-package-type-0.1.0.tgz 1725ms (cache miss)
2189 http fetch GET 200 https://registry.npmjs.org/get-random-values/-/get-random-values-1.2.2.tgz 1726ms (cache miss)
2190 http fetch GET 200 https://registry.npmjs.org/get-intrinsic/-/get-intrinsic-1.3.0.tgz 1726ms (cache miss)
2191 http fetch GET 200 https://registry.npmjs.org/get-symbol-description/-/get-symbol-description-1.1.0.tgz 1726ms (cache miss)
2192 http fetch GET 200 https://registry.npmjs.org/get-proto/-/get-proto-1.0.1.tgz 1726ms (cache miss)
2193 http fetch GET 200 https://registry.npmjs.org/get-east-asian-width/-/get-east-asian-width-1.6.0.tgz 1726ms (cache miss)
2194 http fetch GET 200 https://registry.npmjs.org/get-caller-file/-/get-caller-file-2.0.5.tgz 1726ms (cache miss)
2195 http fetch GET 200 https://registry.npmjs.org/get-uri/-/get-uri-2.0.4.tgz 1729ms (cache miss)
2196 http fetch GET 200 https://registry.npmjs.org/generator-function/-/generator-function-2.0.1.tgz 1730ms (cache miss)
2197 http fetch GET 200 https://registry.npmjs.org/graphemer/-/graphemer-1.4.0.tgz 1738ms (cache miss)
2198 http fetch GET 200 https://registry.npmjs.org/function.prototype.name/-/function.prototype.name-1.1.8.tgz 1741ms (cache miss)
2199 http fetch GET 200 https://registry.npmjs.org/function-bind/-/function-bind-1.1.2.tgz 1740ms (cache miss)
2200 http fetch GET 200 https://registry.npmjs.org/is-map/-/is-map-2.0.3.tgz 1742ms (cache miss)
2201 http fetch GET 200 https://registry.npmjs.org/gensync/-/gensync-1.0.0-beta.2.tgz 1742ms (cache miss)
2202 http fetch GET 200 https://registry.npmjs.org/fs-constants/-/fs-constants-1.0.0.tgz 1742ms (cache miss)
2203 http fetch GET 200 https://registry.npmjs.org/is-number-object/-/is-number-object-1.1.1.tgz 1743ms (cache miss)
2204 http fetch GET 200 https://registry.npmjs.org/functions-have-names/-/functions-have-names-1.2.3.tgz 1744ms (cache miss)
2205 http fetch GET 200 https://registry.npmjs.org/from2/-/from2-2.3.0.tgz 1744ms (cache miss)
2206 http fetch GET 200 https://registry.npmjs.org/foreground-child/-/foreground-child-3.3.1.tgz 1746ms (cache miss)
2207 http fetch GET 200 https://registry.npmjs.org/form-data/-/form-data-4.0.5.tgz 1748ms (cache miss)
2208 http fetch GET 200 https://registry.npmjs.org/fsevents/-/fsevents-2.3.3.tgz 1749ms (cache miss)
2209 http fetch GET 200 https://registry.npmjs.org/fs.realpath/-/fs.realpath-1.0.0.tgz 1749ms (cache miss)
2210 http fetch GET 200 https://registry.npmjs.org/ftp/-/ftp-0.3.10.tgz 1750ms (cache miss)
2211 http fetch GET 200 https://registry.npmjs.org/hotscript/-/hotscript-1.0.13.tgz 1762ms (cache miss)
2212 http fetch GET 200 https://registry.npmjs.org/for-each/-/for-each-0.3.5.tgz 1765ms (cache miss)
2213 http fetch GET 200 https://registry.npmjs.org/fraction.js/-/fraction.js-5.3.4.tgz 1766ms (cache miss)
2214 http fetch GET 200 https://registry.npmjs.org/fill-range/-/fill-range-7.1.1.tgz 1766ms (cache miss)
2215 http fetch GET 200 https://registry.npmjs.org/find-up/-/find-up-5.0.0.tgz 1767ms (cache miss)
2216 http fetch GET 200 https://registry.npmjs.org/flat-cache/-/flat-cache-3.2.0.tgz 1768ms (cache miss)
2217 http fetch GET 200 https://registry.npmjs.org/find-yarn-workspace-root2/-/find-yarn-workspace-root2-1.2.16.tgz 1768ms (cache miss)
2218 http fetch GET 200 https://registry.npmjs.org/find-up-simple/-/find-up-simple-1.0.1.tgz 1770ms (cache miss)
2219 http fetch GET 200 https://registry.npmjs.org/motion-dom/-/motion-dom-12.39.0.tgz 1789ms (cache miss)
2220 http fetch GET 200 https://registry.npmjs.org/find-cache-dir/-/find-cache-dir-2.1.0.tgz 1770ms (cache miss)
2221 http fetch GET 200 https://registry.npmjs.org/flush-write-stream/-/flush-write-stream-2.0.0.tgz 1771ms (cache miss)
2222 http fetch GET 200 https://registry.npmjs.org/filesize/-/filesize-9.0.11.tgz 1771ms (cache miss)
2223 http fetch GET 200 https://registry.npmjs.org/file-url/-/file-url-2.0.2.tgz 1774ms (cache miss)
2224 http fetch GET 200 https://registry.npmjs.org/flatted/-/flatted-3.4.2.tgz 1778ms (cache miss)
2225 http fetch GET 200 https://registry.npmjs.org/find-root/-/find-root-1.1.0.tgz 1779ms (cache miss)
2226 http fetch GET 200 https://registry.npmjs.org/file-entry-cache/-/file-entry-cache-6.0.1.tgz 1791ms (cache miss)
2227 http fetch GET 200 https://registry.npmjs.org/fastq/-/fastq-1.20.1.tgz 1791ms (cache miss)
2228 http fetch GET 200 https://registry.npmjs.org/file-type/-/file-type-5.2.0.tgz 1792ms (cache miss)
2229 http fetch GET 200 https://registry.npmjs.org/file-uri-to-path/-/file-uri-to-path-1.0.0.tgz 1793ms (cache miss)
2230 http fetch GET 200 https://registry.npmjs.org/fast-levenshtein/-/fast-levenshtein-2.0.6.tgz 1793ms (cache miss)
2231 http fetch GET 200 https://registry.npmjs.org/fd-slicer/-/fd-slicer-1.1.0.tgz 1793ms (cache miss)
2232 http fetch GET 200 https://registry.npmjs.org/filelist/-/filelist-1.0.6.tgz 1795ms (cache miss)
2233 http fetch GET 200 https://registry.npmjs.org/fast-json-stable-stringify/-/fast-json-stable-stringify-2.1.0.tgz 1795ms (cache miss)
2234 http fetch GET 200 https://registry.npmjs.org/fast-deep-equal/-/fast-deep-equal-3.1.3.tgz 1796ms (cache miss)
2235 http fetch GET 200 https://registry.npmjs.org/fast-content-type-parse/-/fast-content-type-parse-3.0.0.tgz 1798ms (cache miss)
2236 http fetch GET 200 https://registry.npmjs.org/extend/-/extend-3.0.2.tgz 1801ms (cache miss)
2237 http fetch GET 200 https://registry.npmjs.org/fast-fifo/-/fast-fifo-1.3.2.tgz 1809ms (cache miss)
2238 http fetch GET 200 https://registry.npmjs.org/media-chrome/-/media-chrome-4.19.0.tgz 1838ms (cache miss)
2239 http fetch GET 200 https://registry.npmjs.org/esutils/-/esutils-2.0.3.tgz 1819ms (cache miss)
2240 http fetch GET 200 https://registry.npmjs.org/estraverse/-/estraverse-5.3.0.tgz 1819ms (cache miss)
2241 http fetch GET 200 https://registry.npmjs.org/events-universal/-/events-universal-1.0.1.tgz 1820ms (cache miss)
2242 http fetch GET 200 https://registry.npmjs.org/glob/-/glob-10.3.10.tgz 1833ms (cache miss)
2243 http fetch GET 200 https://registry.npmjs.org/esrecurse/-/esrecurse-4.3.0.tgz 1829ms (cache miss)
2244 http fetch GET 200 https://registry.npmjs.org/espree/-/espree-9.6.1.tgz 1829ms (cache miss)
2245 http fetch GET 200 https://registry.npmjs.org/event-source-polyfill/-/event-source-polyfill-1.0.31.tgz 1834ms (cache miss)
2246 warn deprecated glob@10.3.10: Old versions of glob are not supported, and contain widely publicized security vulnerabilities, which have been fixed in the current version. Please update. Support for old versions may be purchased (at exorbitant rates) by contacting i@izs.me
2247 http fetch GET 200 https://registry.npmjs.org/eslint-visitor-keys/-/eslint-visitor-keys-3.4.3.tgz 1835ms (cache miss)
2248 http fetch GET 200 https://registry.npmjs.org/event-target-shim/-/event-target-shim-5.0.1.tgz 1835ms (cache miss)
2249 http fetch GET 200 https://registry.npmjs.org/esprima/-/esprima-4.0.1.tgz 1840ms (cache miss)
2250 http fetch GET 200 https://registry.npmjs.org/exif-component/-/exif-component-1.0.1.tgz 1845ms (cache miss)
2251 http fetch GET 200 https://registry.npmjs.org/eslint-plugin-react-hooks/-/eslint-plugin-react-hooks-5.0.0-canary-7118f5dd7-20230705.tgz 1845ms (cache miss)
2252 http fetch GET 200 https://registry.npmjs.org/file-selector/-/file-selector-0.4.0.tgz 1849ms (cache miss)
2253 http fetch GET 200 https://registry.npmjs.org/eventsource/-/eventsource-2.0.2.tgz 1852ms (cache miss)
2254 http fetch GET 200 https://registry.npmjs.org/escape-string-regexp/-/escape-string-regexp-4.0.0.tgz 1857ms (cache miss)
2255 http fetch GET 200 https://registry.npmjs.org/eslint-config-next/-/eslint-config-next-14.2.29.tgz 1857ms (cache miss)
2256 http fetch GET 200 https://registry.npmjs.org/events/-/events-3.3.0.tgz 1860ms (cache miss)
2257 http fetch GET 200 https://registry.npmjs.org/glob-parent/-/glob-parent-6.0.2.tgz 1859ms (cache miss)
2258 http fetch GET 200 https://registry.npmjs.org/execa/-/execa-2.1.0.tgz 1862ms (cache miss)
2259 http fetch GET 200 https://registry.npmjs.org/eventsource-parser/-/eventsource-parser-3.0.8.tgz 1864ms (cache miss)
2260 http fetch GET 200 https://registry.npmjs.org/eslint-import-resolver-node/-/eslint-import-resolver-node-0.3.10.tgz 1864ms (cache miss)
2261 http fetch GET 200 https://registry.npmjs.org/escalade/-/escalade-3.2.0.tgz 1870ms (cache miss)
2262 http fetch GET 200 https://registry.npmjs.org/eslint-scope/-/eslint-scope-7.2.2.tgz 1870ms (cache miss)
2263 http fetch GET 200 https://registry.npmjs.org/eslint-import-resolver-typescript/-/eslint-import-resolver-typescript-3.10.1.tgz 1882ms (cache miss)
2264 http fetch GET 200 https://registry.npmjs.org/es-set-tostringtag/-/es-set-tostringtag-2.1.0.tgz 1884ms (cache miss)
2265 http fetch GET 200 https://registry.npmjs.org/end-of-stream/-/end-of-stream-1.4.5.tgz 1885ms (cache miss)
2266 http fetch GET 200 https://registry.npmjs.org/es-errors/-/es-errors-1.3.0.tgz 1889ms (cache miss)
2267 http fetch GET 200 https://registry.npmjs.org/error-ex/-/error-ex-1.3.4.tgz 1896ms (cache miss)
2268 http fetch GET 200 https://registry.npmjs.org/es-define-property/-/es-define-property-1.0.1.tgz 1898ms (cache miss)
2269 http fetch GET 200 https://registry.npmjs.org/esbuild/-/esbuild-0.25.6.tgz 1899ms (cache miss)
2270 http fetch GET 200 https://registry.npmjs.org/es-object-atoms/-/es-object-atoms-1.1.1.tgz 1904ms (cache miss)
2271 http fetch GET 200 https://registry.npmjs.org/esbuild-register/-/esbuild-register-3.6.0.tgz 1907ms (cache miss)
2272 http fetch GET 200 https://registry.npmjs.org/es-shim-unscopables/-/es-shim-unscopables-1.1.0.tgz 1913ms (cache miss)
2273 http fetch GET 200 https://registry.npmjs.org/fast-glob/-/fast-glob-3.3.3.tgz 1928ms (cache miss)
2274 http fetch GET 200 https://registry.npmjs.org/eastasianwidth/-/eastasianwidth-0.2.0.tgz 1926ms (cache miss)
2275 http fetch GET 200 https://registry.npmjs.org/eslint-module-utils/-/eslint-module-utils-2.12.1.tgz 1928ms (cache miss)
2276 http fetch GET 200 https://registry.npmjs.org/duplexify/-/duplexify-4.1.3.tgz 1927ms (cache miss)
2277 http fetch GET 200 https://registry.npmjs.org/dot-prop/-/dot-prop-5.3.0.tgz 1929ms (cache miss)
2278 http fetch GET 200 https://registry.npmjs.org/domelementtype/-/domelementtype-2.3.0.tgz 1932ms (cache miss)
2279 http fetch GET 200 https://registry.npmjs.org/dom-serializer/-/dom-serializer-2.0.0.tgz 1933ms (cache miss)
2280 http fetch GET 200 https://registry.npmjs.org/dom-walk/-/dom-walk-0.1.2.tgz 1934ms (cache miss)
2281 http fetch GET 200 https://registry.npmjs.org/doc-path/-/doc-path-4.1.1.tgz 1937ms (cache miss)
2282 http fetch GET 200 https://registry.npmjs.org/ejs/-/ejs-3.1.10.tgz 1940ms (cache miss)
2283 http fetch GET 200 https://registry.npmjs.org/dlv/-/dlv-1.1.3.tgz 1942ms (cache miss)
2284 http fetch GET 200 https://registry.npmjs.org/direction/-/direction-1.0.4.tgz 1942ms (cache miss)
2285 http fetch GET 200 https://registry.npmjs.org/didyoumean/-/didyoumean-1.2.2.tgz 1945ms (cache miss)
2286 http fetch GET 200 https://registry.npmjs.org/dequal/-/dequal-2.0.3.tgz 1945ms (cache miss)
2287 http fetch GET 200 https://registry.npmjs.org/define-data-property/-/define-data-property-1.1.4.tgz 1944ms (cache miss)
2288 http fetch GET 200 https://registry.npmjs.org/detect-node-es/-/detect-node-es-1.1.0.tgz 1944ms (cache miss)
2289 http fetch GET 200 https://registry.npmjs.org/delayed-stream/-/delayed-stream-1.0.0.tgz 1946ms (cache miss)
2290 http fetch GET 200 https://registry.npmjs.org/electron-to-chromium/-/electron-to-chromium-1.5.359.tgz 1947ms (cache miss)
2291 http fetch GET 200 https://registry.npmjs.org/es-to-primitive/-/es-to-primitive-1.3.0.tgz 1948ms (cache miss)
2292 http fetch GET 200 https://registry.npmjs.org/defaults/-/defaults-1.0.4.tgz 1947ms (cache miss)
2293 http fetch GET 200 https://registry.npmjs.org/define-lazy-prop/-/define-lazy-prop-2.0.0.tgz 1947ms (cache miss)
2294 http fetch GET 200 https://registry.npmjs.org/emoji-regex/-/emoji-regex-9.2.2.tgz 1949ms (cache miss)
2295 http fetch GET 200 https://registry.npmjs.org/doctrine/-/doctrine-3.0.0.tgz 1948ms (cache miss)
2296 http fetch GET 200 https://registry.npmjs.org/dir-glob/-/dir-glob-3.0.1.tgz 1949ms (cache miss)
2297 http fetch GET 200 https://registry.npmjs.org/domhandler/-/domhandler-5.0.3.tgz 1951ms (cache miss)
2298 http fetch GET 200 https://registry.npmjs.org/groq-js/-/groq-js-1.30.1.tgz 1959ms (cache miss)
2299 http fetch GET 200 https://registry.npmjs.org/esquery/-/esquery-1.7.0.tgz 1967ms (cache miss)
2300 http fetch GET 200 https://registry.npmjs.org/get-it/-/get-it-8.7.2.tgz 1977ms (cache miss)
2301 http fetch GET 200 https://registry.npmjs.org/dompurify/-/dompurify-3.4.5.tgz 1983ms (cache miss)
2302 http fetch GET 200 https://registry.npmjs.org/domutils/-/domutils-3.2.2.tgz 1990ms (cache miss)
2303 http fetch GET 200 https://registry.npmjs.org/focus-lock/-/focus-lock-1.3.6.tgz 2021ms (cache miss)
2304 http fetch GET 200 https://registry.npmjs.org/define-properties/-/define-properties-1.2.1.tgz 2040ms (cache miss)
2305 http fetch GET 200 https://registry.npmjs.org/deepmerge/-/deepmerge-4.3.1.tgz 2040ms (cache miss)
2306 http fetch GET 200 https://registry.npmjs.org/deeks/-/deeks-3.1.0.tgz 2042ms (cache miss)
2307 http fetch GET 200 https://registry.npmjs.org/deep-is/-/deep-is-0.1.4.tgz 2042ms (cache miss)
2308 http fetch GET 200 https://registry.npmjs.org/decompress-unzip/-/decompress-unzip-4.0.1.tgz 2042ms (cache miss)
2309 http fetch GET 200 https://registry.npmjs.org/decompress-targz/-/decompress-targz-4.1.1.tgz 2042ms (cache miss)
2310 http fetch GET 200 https://registry.npmjs.org/decode-named-character-reference/-/decode-named-character-reference-1.3.0.tgz 2043ms (cache miss)
2311 http fetch GET 200 https://registry.npmjs.org/decompress-tarbz2/-/decompress-tarbz2-4.1.1.tgz 2047ms (cache miss)
2312 http fetch GET 200 https://registry.npmjs.org/decompress-response/-/decompress-response-7.0.0.tgz 2056ms (cache miss)
2313 http fetch GET 200 https://registry.npmjs.org/decamelize/-/decamelize-1.2.0.tgz 2052ms (cache miss)
2314 http fetch GET 200 https://registry.npmjs.org/decompress-tar/-/decompress-tar-4.1.1.tgz 2056ms (cache miss)
2315 http fetch GET 200 https://registry.npmjs.org/decamelize-keys/-/decamelize-keys-1.1.1.tgz 2055ms (cache miss)
2316 http fetch GET 200 https://registry.npmjs.org/debounce/-/debounce-1.2.1.tgz 2057ms (cache miss)
2317 http fetch GET 200 https://registry.npmjs.org/debug/-/debug-4.4.3.tgz 2058ms (cache miss)
2318 http fetch GET 200 https://registry.npmjs.org/decompress/-/decompress-4.2.1.tgz 2059ms (cache miss)
2319 http fetch GET 200 https://registry.npmjs.org/data-view-byte-offset/-/data-view-byte-offset-1.0.1.tgz 2059ms (cache miss)
2320 http fetch GET 200 https://registry.npmjs.org/damerau-levenshtein/-/damerau-levenshtein-1.0.8.tgz 2058ms (cache miss)
2321 http fetch GET 200 https://registry.npmjs.org/data-view-byte-length/-/data-view-byte-length-1.0.2.tgz 2060ms (cache miss)
2322 http fetch GET 200 https://registry.npmjs.org/data-view-buffer/-/data-view-buffer-1.0.2.tgz 2060ms (cache miss)
2323 http fetch GET 200 https://registry.npmjs.org/data-urls/-/data-urls-5.0.0.tgz 2060ms (cache miss)
2324 http fetch GET 200 https://registry.npmjs.org/dataloader/-/dataloader-2.2.3.tgz 2070ms (cache miss)
2325 http fetch GET 200 https://registry.npmjs.org/data-uri-to-buffer/-/data-uri-to-buffer-1.2.0.tgz 2069ms (cache miss)
2326 http fetch GET 200 https://registry.npmjs.org/cssesc/-/cssesc-3.0.0.tgz 2072ms (cache miss)
2327 http fetch GET 200 https://registry.npmjs.org/cross-spawn/-/cross-spawn-7.0.6.tgz 2073ms (cache miss)
2328 http fetch GET 200 https://registry.npmjs.org/cyclist/-/cyclist-1.0.2.tgz 2075ms (cache miss)
2329 http fetch GET 200 https://registry.npmjs.org/decimal.js/-/decimal.js-10.6.0.tgz 2078ms (cache miss)
2330 http fetch GET 200 https://registry.npmjs.org/css-what/-/css-what-6.2.2.tgz 2078ms (cache miss)
2331 http fetch GET 200 https://registry.npmjs.org/crypto-random-string/-/crypto-random-string-2.0.0.tgz 2078ms (cache miss)
2332 http fetch GET 200 https://registry.npmjs.org/crelt/-/crelt-1.0.6.tgz 2079ms (cache miss)
2333 http fetch GET 200 https://registry.npmjs.org/css-color-keywords/-/css-color-keywords-1.0.0.tgz 2081ms (cache miss)
2334 http fetch GET 200 https://registry.npmjs.org/custom-media-element/-/custom-media-element-1.4.6.tgz 2084ms (cache miss)
2335 http fetch GET 200 https://registry.npmjs.org/core-util-is/-/core-util-is-1.0.3.tgz 2084ms (cache miss)
2336 http fetch GET 200 https://registry.npmjs.org/crc-32/-/crc-32-1.2.2.tgz 2084ms (cache miss)
2337 http fetch GET 200 https://registry.npmjs.org/crc32-stream/-/crc32-stream-6.0.0.tgz 2084ms (cache miss)
2338 http fetch GET 200 https://registry.npmjs.org/convert-source-map/-/convert-source-map-2.0.0.tgz 2089ms (cache miss)
2339 http fetch GET 200 https://registry.npmjs.org/copy-to-clipboard/-/copy-to-clipboard-3.3.3.tgz 2092ms (cache miss)
2340 http fetch GET 200 https://registry.npmjs.org/content-type/-/content-type-2.0.0.tgz 2092ms (cache miss)
2341 http fetch GET 200 https://registry.npmjs.org/jsdom/-/jsdom-23.2.0.tgz 2127ms (cache miss)
2342 http fetch GET 200 https://registry.npmjs.org/concat-stream/-/concat-stream-2.0.0.tgz 2101ms (cache miss)
2343 http fetch GET 200 https://registry.npmjs.org/compute-scroll-into-view/-/compute-scroll-into-view-3.1.1.tgz 2104ms (cache miss)
2344 http fetch GET 200 https://registry.npmjs.org/concat-map/-/concat-map-0.0.1.tgz 2106ms (cache miss)
2345 http fetch GET 200 https://registry.npmjs.org/commondir/-/commondir-1.0.1.tgz 2107ms (cache miss)
2346 http fetch GET 200 https://registry.npmjs.org/commander/-/commander-2.20.3.tgz 2107ms (cache miss)
2347 http fetch GET 200 https://registry.npmjs.org/color-name/-/color-name-1.1.4.tgz 2108ms (cache miss)
2348 http fetch GET 200 https://registry.npmjs.org/configstore/-/configstore-5.0.1.tgz 2110ms (cache miss)
2349 http fetch GET 200 https://registry.npmjs.org/combined-stream/-/combined-stream-1.0.8.tgz 2114ms (cache miss)
2350 http fetch GET 200 https://registry.npmjs.org/compress-commons/-/compress-commons-6.0.2.tgz 2115ms (cache miss)
2351 http fetch GET 200 https://registry.npmjs.org/comma-separated-tokens/-/comma-separated-tokens-1.0.8.tgz 2116ms (cache miss)
2352 http fetch GET 200 https://registry.npmjs.org/color-convert/-/color-convert-2.0.1.tgz 2119ms (cache miss)
2353 http fetch GET 200 https://registry.npmjs.org/cosmiconfig/-/cosmiconfig-7.1.0.tgz 2122ms (cache miss)
2354 http fetch GET 200 https://registry.npmjs.org/clone/-/clone-1.0.4.tgz 2122ms (cache miss)
2355 http fetch GET 200 https://registry.npmjs.org/clsx/-/clsx-2.1.1.tgz 2126ms (cache miss)
2356 http fetch GET 200 https://registry.npmjs.org/css-to-react-native/-/css-to-react-native-3.2.0.tgz 2129ms (cache miss)
2357 http fetch GET 200 https://registry.npmjs.org/clone-deep/-/clone-deep-4.0.1.tgz 2127ms (cache miss)
2358 http fetch GET 200 https://registry.npmjs.org/cliui/-/cliui-8.0.1.tgz 2126ms (cache miss)
2359 http fetch GET 200 https://registry.npmjs.org/cli-cursor/-/cli-cursor-3.1.0.tgz 2128ms (cache miss)
2360 http fetch GET 200 https://registry.npmjs.org/es-iterator-helpers/-/es-iterator-helpers-1.3.2.tgz 2140ms (cache miss)
2361 http fetch GET 200 https://registry.npmjs.org/cli-width/-/cli-width-4.1.0.tgz 2130ms (cache miss)
2362 http fetch GET 200 https://registry.npmjs.org/entities/-/entities-4.5.0.tgz 2141ms (cache miss)
2363 http fetch GET 200 https://registry.npmjs.org/client-only/-/client-only-0.0.1.tgz 2131ms (cache miss)
2364 http fetch GET 200 https://registry.npmjs.org/cli-spinners/-/cli-spinners-2.9.2.tgz 2132ms (cache miss)
2365 http fetch GET 200 https://registry.npmjs.org/classnames/-/classnames-2.5.1.tgz 2142ms (cache miss)
2366 http fetch GET 200 https://registry.npmjs.org/dunder-proto/-/dunder-proto-1.0.1.tgz 2152ms (cache miss)
2367 http fetch GET 200 https://registry.npmjs.org/codemirror/-/codemirror-6.0.2.tgz 2153ms (cache miss)
2368 http fetch GET 200 https://registry.npmjs.org/character-reference-invalid/-/character-reference-invalid-1.1.4.tgz 2154ms (cache miss)
2369 http fetch GET 200 https://registry.npmjs.org/csstype/-/csstype-3.2.3.tgz 2159ms (cache miss)
2370 http fetch GET 200 https://registry.npmjs.org/chokidar/-/chokidar-3.6.0.tgz 2157ms (cache miss)
2371 http fetch GET 200 https://registry.npmjs.org/console-table-printer/-/console-table-printer-2.15.0.tgz 2161ms (cache miss)
2372 http fetch GET 200 https://registry.npmjs.org/core-js-compat/-/core-js-compat-3.49.0.tgz 2166ms (cache miss)
2373 http fetch GET 200 https://registry.npmjs.org/chownr/-/chownr-3.0.0.tgz 2165ms (cache miss)
2374 http fetch GET 200 https://registry.npmjs.org/character-entities/-/character-entities-1.2.4.tgz 2164ms (cache miss)
2375 http fetch GET 200 https://registry.npmjs.org/clean-stack/-/clean-stack-3.0.1.tgz 2164ms (cache miss)
2376 http fetch GET 200 https://registry.npmjs.org/camelcase-keys/-/camelcase-keys-6.2.2.tgz 2165ms (cache miss)
2377 http fetch GET 200 https://registry.npmjs.org/camelize/-/camelize-1.0.1.tgz 2165ms (cache miss)
2378 http fetch GET 200 https://registry.npmjs.org/camelcase/-/camelcase-5.3.1.tgz 2165ms (cache miss)
2379 http fetch GET 200 https://registry.npmjs.org/character-entities-legacy/-/character-entities-legacy-1.1.4.tgz 2167ms (cache miss)
2380 http fetch GET 200 https://registry.npmjs.org/ce-la-react/-/ce-la-react-0.3.2.tgz 2168ms (cache miss)
2381 http fetch GET 200 https://registry.npmjs.org/castable-video/-/castable-video-1.1.16.tgz 2168ms (cache miss)
2382 http fetch GET 200 https://registry.npmjs.org/chalk/-/chalk-4.1.2.tgz 2169ms (cache miss)
2383 http fetch GET 200 https://registry.npmjs.org/call-bound/-/call-bound-1.0.4.tgz 2170ms (cache miss)
2384 http fetch GET 200 https://registry.npmjs.org/callsites/-/callsites-3.1.0.tgz 2171ms (cache miss)
2385 http fetch GET 200 https://registry.npmjs.org/colord/-/colord-2.9.3.tgz 2174ms (cache miss)
2386 http fetch GET 200 https://registry.npmjs.org/call-bind/-/call-bind-1.0.9.tgz 2177ms (cache miss)
2387 http fetch GET 200 https://registry.npmjs.org/color2k/-/color2k-2.0.3.tgz 2184ms (cache miss)
2388 http fetch GET 200 https://registry.npmjs.org/call-bind-apply-helpers/-/call-bind-apply-helpers-1.0.2.tgz 2182ms (cache miss)
2389 http fetch GET 200 https://registry.npmjs.org/cssstyle/-/cssstyle-4.6.0.tgz 2189ms (cache miss)
2390 http fetch GET 200 https://registry.npmjs.org/buffer-fill/-/buffer-fill-1.0.0.tgz 2188ms (cache miss)
2391 http fetch GET 200 https://registry.npmjs.org/brace-expansion/-/brace-expansion-1.1.14.tgz 2188ms (cache miss)
2392 http fetch GET 200 https://registry.npmjs.org/camelcase-css/-/camelcase-css-2.0.1.tgz 2188ms (cache miss)
2393 http fetch GET 200 https://registry.npmjs.org/buffer/-/buffer-5.7.1.tgz 2189ms (cache miss)
2394 http fetch GET 200 https://registry.npmjs.org/buffer-from/-/buffer-from-1.1.2.tgz 2189ms (cache miss)
2395 http fetch GET 200 https://registry.npmjs.org/buffer-alloc/-/buffer-alloc-1.2.0.tgz 2189ms (cache miss)
2396 http fetch GET 200 https://registry.npmjs.org/browserslist/-/browserslist-4.28.2.tgz 2190ms (cache miss)
2397 http fetch GET 200 https://registry.npmjs.org/buffer-crc32/-/buffer-crc32-1.0.0.tgz 2191ms (cache miss)
2398 http fetch GET 200 https://registry.npmjs.org/lodash/-/lodash-4.18.1.tgz 2228ms (cache miss)
2399 http fetch GET 200 https://registry.npmjs.org/builtins/-/builtins-1.0.3.tgz 2197ms (cache miss)
2400 http fetch GET 200 https://registry.npmjs.org/bl/-/bl-4.1.0.tgz 2206ms (cache miss)
2401 http fetch GET 200 https://registry.npmjs.org/cardinal/-/cardinal-2.1.1.tgz 2213ms (cache miss)
2402 http fetch GET 200 https://registry.npmjs.org/busboy/-/busboy-1.6.0.tgz 2212ms (cache miss)
2403 http fetch GET 200 https://registry.npmjs.org/chardet/-/chardet-2.1.1.tgz 2214ms (cache miss)
2404 http fetch GET 200 https://registry.npmjs.org/base64-js/-/base64-js-1.5.1.tgz 2213ms (cache miss)
2405 http fetch GET 200 https://registry.npmjs.org/binary-extensions/-/binary-extensions-2.3.0.tgz 2213ms (cache miss)
2406 http fetch GET 200 https://registry.npmjs.org/boolbase/-/boolbase-1.0.0.tgz 2216ms (cache miss)
2407 http fetch GET 200 https://registry.npmjs.org/braces/-/braces-3.0.3.tgz 2217ms (cache miss)
2408 http fetch GET 200 https://registry.npmjs.org/eslint-plugin-import/-/eslint-plugin-import-2.32.0.tgz 2233ms (cache miss)
2409 http fetch GET 200 https://registry.npmjs.org/balanced-match/-/balanced-match-1.0.2.tgz 2219ms (cache miss)
2410 http fetch GET 200 https://registry.npmjs.org/before-after-hook/-/before-after-hook-4.0.0.tgz 2220ms (cache miss)
2411 http fetch GET 200 https://registry.npmjs.org/bare-stream/-/bare-stream-2.13.1.tgz 2220ms (cache miss)
2412 http fetch GET 200 https://registry.npmjs.org/bare-path/-/bare-path-3.0.0.tgz 2220ms (cache miss)
2413 http fetch GET 200 https://registry.npmjs.org/bare-events/-/bare-events-2.8.3.tgz 2220ms (cache miss)
2414 http fetch GET 200 https://registry.npmjs.org/buffer-alloc-unsafe/-/buffer-alloc-unsafe-1.1.0.tgz 2221ms (cache miss)
2415 http fetch GET 200 https://registry.npmjs.org/baseline-browser-mapping/-/baseline-browser-mapping-2.10.31.tgz 2233ms (cache miss)
2416 http fetch GET 200 https://registry.npmjs.org/browserify-zlib/-/browserify-zlib-0.1.4.tgz 2236ms (cache miss)
2417 http fetch GET 200 https://registry.npmjs.org/babel-plugin-polyfill-regenerator/-/babel-plugin-polyfill-regenerator-0.6.8.tgz 2235ms (cache miss)
2418 http fetch GET 200 https://registry.npmjs.org/bidi-js/-/bidi-js-1.0.3.tgz 2237ms (cache miss)
2419 http fetch GET 200 https://registry.npmjs.org/aws4/-/aws4-1.13.2.tgz 2243ms (cache miss)
2420 http fetch GET 200 https://registry.npmjs.org/attr-accept/-/attr-accept-2.2.5.tgz 2243ms (cache miss)
2421 http fetch GET 200 https://registry.npmjs.org/available-typed-arrays/-/available-typed-arrays-1.0.7.tgz 2244ms (cache miss)
2422 http fetch GET 200 https://registry.npmjs.org/babel-plugin-macros/-/babel-plugin-macros-3.1.0.tgz 2244ms (cache miss)
2423 http fetch GET 200 https://registry.npmjs.org/async-function/-/async-function-1.0.0.tgz 2245ms (cache miss)
2424 http fetch GET 200 https://registry.npmjs.org/async-mutex/-/async-mutex-0.4.1.tgz 2245ms (cache miss)
2425 http fetch GET 200 https://registry.npmjs.org/babel-plugin-polyfill-corejs2/-/babel-plugin-polyfill-corejs2-0.4.17.tgz 2247ms (cache miss)
2426 http fetch GET 200 https://registry.npmjs.org/ast-types-flow/-/ast-types-flow-0.0.8.tgz 2258ms (cache miss)
2427 http fetch GET 200 https://registry.npmjs.org/css-select/-/css-select-5.2.2.tgz 2268ms (cache miss)
2428 http fetch GET 200 https://registry.npmjs.org/array.prototype.tosorted/-/array.prototype.tosorted-1.1.4.tgz 2262ms (cache miss)
2429 http fetch GET 200 https://registry.npmjs.org/arraybuffer.prototype.slice/-/arraybuffer.prototype.slice-1.0.4.tgz 2263ms (cache miss)
2430 http fetch GET 200 https://registry.npmjs.org/arrify/-/arrify-2.0.1.tgz 2264ms (cache miss)
2431 http fetch GET 200 https://registry.npmjs.org/array.prototype.flat/-/array.prototype.flat-1.3.3.tgz 2269ms (cache miss)
2432 http fetch GET 200 https://registry.npmjs.org/array-includes/-/array-includes-3.1.9.tgz 2270ms (cache miss)
2433 http fetch GET 200 https://registry.npmjs.org/array-union/-/array-union-2.1.0.tgz 2270ms (cache miss)
2434 http fetch GET 200 https://registry.npmjs.org/array.prototype.flatmap/-/array.prototype.flatmap-1.3.3.tgz 2275ms (cache miss)
2435 http fetch GET 200 https://registry.npmjs.org/array.prototype.findlastindex/-/array.prototype.findlastindex-1.2.6.tgz 2275ms (cache miss)
2436 http fetch GET 200 https://registry.npmjs.org/array-treeify/-/array-treeify-0.1.5.tgz 2275ms (cache miss)
2437 http fetch GET 200 https://registry.npmjs.org/asynckit/-/asynckit-0.4.0.tgz 2281ms (cache miss)
2438 http fetch GET 200 https://registry.npmjs.org/array.prototype.findlast/-/array.prototype.findlast-1.2.5.tgz 2281ms (cache miss)
2439 http fetch GET 200 https://registry.npmjs.org/arg/-/arg-5.0.2.tgz 2289ms (cache miss)
2440 http fetch GET 200 https://registry.npmjs.org/archiver-utils/-/archiver-utils-5.0.2.tgz 2291ms (cache miss)
2441 http fetch GET 200 https://registry.npmjs.org/ansi-styles/-/ansi-styles-4.3.0.tgz 2291ms (cache miss)
2442 http fetch GET 200 https://registry.npmjs.org/argparse/-/argparse-2.0.1.tgz 2295ms (cache miss)
2443 http fetch GET 200 https://registry.npmjs.org/ansicolors/-/ansicolors-0.3.2.tgz 2294ms (cache miss)
2444 http fetch GET 200 https://registry.npmjs.org/array-buffer-byte-length/-/array-buffer-byte-length-1.0.2.tgz 2295ms (cache miss)
2445 http fetch GET 200 https://registry.npmjs.org/babel-plugin-polyfill-corejs3/-/babel-plugin-polyfill-corejs3-0.14.2.tgz 2299ms (cache miss)
2446 http fetch GET 200 https://registry.npmjs.org/ansis/-/ansis-3.17.0.tgz 2298ms (cache miss)
2447 http fetch GET 200 https://registry.npmjs.org/ansi-regex/-/ansi-regex-5.0.1.tgz 2298ms (cache miss)
2448 http fetch GET 200 https://registry.npmjs.org/ansi-escapes/-/ansi-escapes-4.3.2.tgz 2298ms (cache miss)
2449 http fetch GET 200 https://registry.npmjs.org/archiver/-/archiver-7.0.1.tgz 2298ms (cache miss)
2450 http fetch GET 200 https://registry.npmjs.org/eslint-plugin-jsx-a11y/-/eslint-plugin-jsx-a11y-6.10.2.tgz 2318ms (cache miss)
2451 http fetch GET 200 https://registry.npmjs.org/agent-base/-/agent-base-7.1.4.tgz 2302ms (cache miss)
2452 http fetch GET 200 https://registry.npmjs.org/acorn-loose/-/acorn-loose-8.4.0.tgz 2327ms (cache miss)
2453 http fetch GET 200 https://registry.npmjs.org/acorn-jsx/-/acorn-jsx-5.3.2.tgz 2327ms (cache miss)
2454 http fetch GET 200 https://registry.npmjs.org/abort-controller/-/abort-controller-3.0.0.tgz 2330ms (cache miss)
2455 http fetch GET 200 https://registry.npmjs.org/any-promise/-/any-promise-1.3.0.tgz 2331ms (cache miss)
2456 http fetch GET 200 https://registry.npmjs.org/dom-helpers/-/dom-helpers-5.2.1.tgz 2352ms (cache miss)
2457 http fetch GET 200 https://registry.npmjs.org/anymatch/-/anymatch-3.1.3.tgz 2337ms (cache miss)
2458 http fetch GET 200 https://registry.npmjs.org/@vercel/edge/-/edge-1.3.1.tgz 2342ms (cache miss)
2459 http fetch GET 200 https://registry.npmjs.org/@xstate/react/-/react-6.1.0.tgz 2347ms (cache miss)
2460 http fetch GET 200 https://registry.npmjs.org/@ungap/structured-clone/-/structured-clone-1.3.1.tgz 2347ms (cache miss)
2461 http fetch GET 200 https://registry.npmjs.org/@typescript-eslint/visitor-keys/-/visitor-keys-8.59.4.tgz 2347ms (cache miss)
2462 http fetch GET 200 https://registry.npmjs.org/@vitejs/plugin-react/-/plugin-react-4.7.0.tgz 2348ms (cache miss)
2463 http fetch GET 200 https://registry.npmjs.org/@vercel/stega/-/stega-0.1.2.tgz 2349ms (cache miss)
2464 http fetch GET 200 https://registry.npmjs.org/adm-zip/-/adm-zip-0.5.17.tgz 2352ms (cache miss)
2465 http fetch GET 200 https://registry.npmjs.org/@typescript-eslint/project-service/-/project-service-8.59.4.tgz 2357ms (cache miss)
2466 http fetch GET 200 https://registry.npmjs.org/@types/use-sync-external-store/-/use-sync-external-store-1.5.0.tgz 2356ms (cache miss)
2467 http fetch GET 200 https://registry.npmjs.org/@typescript-eslint/types/-/types-8.59.4.tgz 2372ms (cache miss)
2468 http fetch GET 200 https://registry.npmjs.org/@typescript-eslint/tsconfig-utils/-/tsconfig-utils-8.59.4.tgz 2367ms (cache miss)
2469 http fetch GET 200 https://registry.npmjs.org/autoprefixer/-/autoprefixer-10.5.0.tgz 2380ms (cache miss)
2470 http fetch GET 200 https://registry.npmjs.org/@typescript-eslint/parser/-/parser-8.59.4.tgz 2373ms (cache miss)
2471 http fetch GET 200 https://registry.npmjs.org/@types/unist/-/unist-2.0.11.tgz 2373ms (cache miss)
2472 http fetch GET 200 https://registry.npmjs.org/@types/uuid/-/uuid-8.3.4.tgz 2373ms (cache miss)
2473 http fetch GET 200 https://registry.npmjs.org/@types/speakingurl/-/speakingurl-13.0.6.tgz 2375ms (cache miss)
2474 http fetch GET 200 https://registry.npmjs.org/acorn/-/acorn-8.16.0.tgz 2383ms (cache miss)
2475 http fetch GET 200 https://registry.npmjs.org/@types/trusted-types/-/trusted-types-2.0.7.tgz 2377ms (cache miss)
2476 http fetch GET 200 https://registry.npmjs.org/@types/react-transition-group/-/react-transition-group-4.4.12.tgz 2377ms (cache miss)
2477 http fetch GET 200 https://registry.npmjs.org/bare-os/-/bare-os-3.9.1.tgz 2388ms (cache miss)
2478 http fetch GET 200 https://registry.npmjs.org/@types/react-dom/-/react-dom-18.3.7.tgz 2383ms (cache miss)
2479 http fetch GET 200 https://registry.npmjs.org/@types/prop-types/-/prop-types-15.7.15.tgz 2384ms (cache miss)
2480 http fetch GET 200 https://registry.npmjs.org/@types/shallow-equals/-/shallow-equals-1.0.3.tgz 2386ms (cache miss)
2481 http fetch GET 200 https://registry.npmjs.org/@typescript-eslint/type-utils/-/type-utils-8.59.4.tgz 2408ms (cache miss)
2482 http fetch GET 200 https://registry.npmjs.org/@types/parse-json/-/parse-json-4.0.2.tgz 2402ms (cache miss)
2483 http fetch GET 200 https://registry.npmjs.org/@types/normalize-package-data/-/normalize-package-data-2.4.4.tgz 2405ms (cache miss)
2484 http fetch GET 200 https://registry.npmjs.org/@types/tar-stream/-/tar-stream-3.1.4.tgz 2406ms (cache miss)
2485 http fetch GET 200 https://registry.npmjs.org/@types/eventsource/-/eventsource-1.1.15.tgz 2410ms (cache miss)
2486 http fetch GET 200 https://registry.npmjs.org/bare-fs/-/bare-fs-4.7.1.tgz 2422ms (cache miss)
2487 http fetch GET 200 https://registry.npmjs.org/axobject-query/-/axobject-query-4.1.0.tgz 2421ms (cache miss)
2488 http fetch GET 200 https://registry.npmjs.org/@types/minimist/-/minimist-1.2.5.tgz 2413ms (cache miss)
2489 http fetch GET 200 https://registry.npmjs.org/@types/prismjs/-/prismjs-1.26.6.tgz 2414ms (cache miss)
2490 http fetch GET 200 https://registry.npmjs.org/@types/json5/-/json5-0.0.29.tgz 2418ms (cache miss)
2491 http fetch GET 200 https://registry.npmjs.org/@types/hast/-/hast-2.3.10.tgz 2418ms (cache miss)
2492 http fetch GET 200 https://registry.npmjs.org/@types/estree/-/estree-1.0.8.tgz 2424ms (cache miss)
2493 http fetch GET 200 https://registry.npmjs.org/@types/event-source-polyfill/-/event-source-polyfill-1.0.5.tgz 2426ms (cache miss)
2494 http fetch GET 200 https://registry.npmjs.org/@uiw/codemirror-extensions-basic-setup/-/codemirror-extensions-basic-setup-4.25.9.tgz 2437ms (cache miss)
2495 http fetch GET 200 https://registry.npmjs.org/@types/react/-/react-18.3.29.tgz 2435ms (cache miss)
2496 http fetch GET 200 https://registry.npmjs.org/@types/babel__generator/-/babel__generator-7.27.0.tgz 2435ms (cache miss)
2497 http fetch GET 200 https://registry.npmjs.org/bare-url/-/bare-url-2.4.3.tgz 2466ms (cache miss)
2498 http fetch GET 200 https://registry.npmjs.org/@typescript-eslint/utils/-/utils-8.59.4.tgz 2474ms (cache miss)
2499 http fetch GET 200 https://registry.npmjs.org/@unrs/resolver-binding-darwin-arm64/-/resolver-binding-darwin-arm64-1.12.2.tgz 2481ms (cache miss)
2500 http fetch GET 200 https://registry.npmjs.org/@typescript-eslint/typescript-estree/-/typescript-estree-8.59.4.tgz 2485ms (cache miss)
2501 http fetch GET 200 https://registry.npmjs.org/eslint-plugin-react/-/eslint-plugin-react-7.37.5.tgz 2511ms (cache miss)
2502 http fetch GET 200 https://registry.npmjs.org/aria-query/-/aria-query-5.3.2.tgz 2496ms (cache miss)
2503 http fetch GET 200 https://registry.npmjs.org/async/-/async-3.2.6.tgz 2498ms (cache miss)
2504 http fetch GET 200 https://registry.npmjs.org/ajv/-/ajv-6.15.0.tgz 2497ms (cache miss)
2505 http fetch GET 200 https://registry.npmjs.org/axe-core/-/axe-core-4.11.4.tgz 2504ms (cache miss)
2506 http fetch GET 200 https://registry.npmjs.org/@types/babel__core/-/babel__core-7.20.5.tgz 2532ms (cache miss)
2507 http fetch GET 200 https://registry.npmjs.org/@types/babel__template/-/babel__template-7.4.4.tgz 2533ms (cache miss)
2508 http fetch GET 200 https://registry.npmjs.org/@tanstack/react-virtual/-/react-virtual-3.13.24.tgz 2534ms (cache miss)
2509 http fetch GET 200 https://registry.npmjs.org/@swc/counter/-/counter-0.1.3.tgz 2535ms (cache miss)
2510 http fetch GET 200 https://registry.npmjs.org/@types/babel__traverse/-/babel__traverse-7.28.0.tgz 2536ms (cache miss)
2511 http fetch GET 200 https://registry.npmjs.org/@standard-schema/spec/-/spec-1.1.0.tgz 2537ms (cache miss)
2512 http fetch GET 200 https://registry.npmjs.org/@types/which/-/which-3.0.4.tgz 2541ms (cache miss)
2513 http fetch GET 200 https://registry.npmjs.org/@types/react-is/-/react-is-19.2.0.tgz 2540ms (cache miss)
2514 http fetch GET 200 https://registry.npmjs.org/@standard-schema/utils/-/utils-0.3.0.tgz 2557ms (cache miss)
2515 http fetch GET 200 https://registry.npmjs.org/@tanstack/virtual-core/-/virtual-core-3.14.0.tgz 2570ms (cache miss)
2516 http fetch GET 200 https://registry.npmjs.org/@tanem/react-nprogress/-/react-nprogress-5.0.63.tgz 2570ms (cache miss)
2517 http fetch GET 200 https://registry.npmjs.org/@selderee/plugin-htmlparser2/-/plugin-htmlparser2-0.11.0.tgz 2574ms (cache miss)
2518 http fetch GET 200 https://registry.npmjs.org/css-tree/-/css-tree-2.3.1.tgz 2598ms (cache miss)
2519 http fetch GET 200 https://registry.npmjs.org/@sanity/template-validator/-/template-validator-2.4.6.tgz 2604ms (cache miss)
2520 http fetch GET 200 https://registry.npmjs.org/@sanity/presentation-comlink/-/presentation-comlink-1.0.33.tgz 2615ms (cache miss)
2521 http fetch GET 200 https://registry.npmjs.org/@sentry-internal/replay-canvas/-/replay-canvas-8.55.2.tgz 2617ms (cache miss)
2522 http fetch GET 200 https://registry.npmjs.org/@tanstack/react-table/-/react-table-8.21.3.tgz 2624ms (cache miss)
2523 http fetch GET 200 https://registry.npmjs.org/@sanity/types/-/types-3.99.0.tgz 2633ms (cache miss)
2524 http fetch GET 200 https://registry.npmjs.org/@sanity/util/-/util-3.99.0.tgz 2638ms (cache miss)
2525 http fetch GET 200 https://registry.npmjs.org/@tybys/wasm-util/-/wasm-util-0.10.2.tgz 2640ms (cache miss)
2526 http fetch GET 200 https://registry.npmjs.org/@sanity/logos/-/logos-2.2.2.tgz 2645ms (cache miss)
2527 http fetch GET 200 https://registry.npmjs.org/@sanity/insert-menu/-/insert-menu-1.1.13.tgz 2659ms (cache miss)
2528 http fetch GET 200 https://registry.npmjs.org/@sanity/media-library-types/-/media-library-types-1.4.0.tgz 2663ms (cache miss)
2529 http fetch GET 200 https://registry.npmjs.org/@sanity/preview-kit/-/preview-kit-6.2.0.tgz 2671ms (cache miss)
2530 http fetch GET 200 https://registry.npmjs.org/@sanity/message-protocol/-/message-protocol-0.13.3.tgz 2671ms (cache miss)
2531 http fetch GET 200 https://registry.npmjs.org/@sanity/mutator/-/mutator-3.99.0.tgz 2681ms (cache miss)
2532 http fetch GET 200 https://registry.npmjs.org/@sanity/generate-help-url/-/generate-help-url-3.0.1.tgz 2682ms (cache miss)
2533 http fetch GET 200 https://registry.npmjs.org/@types/node/-/node-22.19.19.tgz 2688ms (cache miss)
2534 http fetch GET 200 https://registry.npmjs.org/@sanity/incompatible-plugin/-/incompatible-plugin-1.0.5.tgz 2687ms (cache miss)
2535 http fetch GET 200 https://registry.npmjs.org/@sanity/import/-/import-3.38.3.tgz 2696ms (cache miss)
2536 http fetch GET 200 https://registry.npmjs.org/@sanity/eventsource/-/eventsource-5.0.2.tgz 2696ms (cache miss)
2537 http fetch GET 200 https://registry.npmjs.org/@sanity/schema/-/schema-3.99.0.tgz 2701ms (cache miss)
2538 http fetch GET 200 https://registry.npmjs.org/@sanity/diff-patch/-/diff-patch-5.0.0.tgz 2704ms (cache miss)
2539 http fetch GET 200 https://registry.npmjs.org/@sanity/vision/-/vision-3.99.0.tgz 2720ms (cache miss)
2540 http fetch GET 200 https://registry.npmjs.org/@sanity/id-utils/-/id-utils-1.0.0.tgz 2719ms (cache miss)
2541 http fetch GET 200 https://registry.npmjs.org/@sanity/uuid/-/uuid-3.0.2.tgz 2736ms (cache miss)
2542 http fetch GET 200 https://registry.npmjs.org/@sanity/bifur-client/-/bifur-client-0.4.1.tgz 2734ms (cache miss)
2543 http fetch GET 200 https://registry.npmjs.org/@sanity/export/-/export-3.45.3.tgz 2736ms (cache miss)
2544 http fetch GET 200 https://registry.npmjs.org/@sentry/react/-/react-8.55.2.tgz 2742ms (cache miss)
2545 http fetch GET 200 https://registry.npmjs.org/@sanity/diff/-/diff-3.99.0.tgz 2744ms (cache miss)
2546 http fetch GET 200 https://registry.npmjs.org/@types/lodash-es/-/lodash-es-4.17.12.tgz 2750ms (cache miss)
2547 http fetch GET 200 https://registry.npmjs.org/@sanity/image-url/-/image-url-1.2.0.tgz 2748ms (cache miss)
2548 http fetch GET 200 https://registry.npmjs.org/@rtsao/scc/-/scc-1.1.0.tgz 2747ms (cache miss)
2549 http fetch GET 200 https://registry.npmjs.org/eslint/-/eslint-8.57.1.tgz 2788ms (cache miss)
2550 http fetch GET 200 https://registry.npmjs.org/@sanity/descriptors/-/descriptors-1.3.0.tgz 2760ms (cache miss)
2551 warn deprecated eslint@8.57.1: This version is no longer supported. Please see https://eslint.org/version-support for other options.
2552 http fetch GET 200 https://registry.npmjs.org/@sanity/next-loader/-/next-loader-1.7.5.tgz 2767ms (cache miss)
2553 warn deprecated @sanity/next-loader@1.7.5: This package is deprecated. Please use 'next-sanity/live' instead.
2554 http fetch GET 200 https://registry.npmjs.org/@sanity/asset-utils/-/asset-utils-2.3.0.tgz 2773ms (cache miss)
2555 http fetch GET 200 https://registry.npmjs.org/@react-email/render/-/render-1.1.2.tgz 2781ms (cache miss)
2556 http fetch GET 200 https://registry.npmjs.org/@typescript-eslint/scope-manager/-/scope-manager-8.59.4.tgz 2788ms (cache miss)
2557 http fetch GET 200 https://registry.npmjs.org/@sanity/diff-match-patch/-/diff-match-patch-3.2.0.tgz 2789ms (cache miss)
2558 http fetch GET 200 https://registry.npmjs.org/@sanity/icons/-/icons-3.7.4.tgz 2792ms (cache miss)
2559 http fetch GET 200 https://registry.npmjs.org/@portabletext/react/-/react-3.2.4.tgz 2802ms (cache miss)
2560 http fetch GET 200 https://registry.npmjs.org/@sanity/codegen/-/codegen-3.99.0.tgz 2806ms (cache miss)
2561 http fetch GET 200 https://registry.npmjs.org/@sanity/mutate/-/mutate-0.12.6.tgz 2811ms (cache miss)
2562 http fetch GET 200 https://registry.npmjs.org/@portabletext/types/-/types-2.0.15.tgz 2816ms (cache miss)
2563 http fetch GET 200 https://registry.npmjs.org/@portabletext/to-html/-/to-html-2.0.17.tgz 2821ms (cache miss)
2564 http fetch GET 200 https://registry.npmjs.org/@rexxars/react-json-inspector/-/react-json-inspector-9.0.1.tgz 2825ms (cache miss)
2565 http fetch GET 200 https://registry.npmjs.org/@portabletext/patches/-/patches-1.1.5.tgz 2827ms (cache miss)
2566 http fetch GET 200 https://registry.npmjs.org/@portabletext/toolkit/-/toolkit-2.0.18.tgz 2827ms (cache miss)
2567 http fetch GET 200 https://registry.npmjs.org/@sanity/migrate/-/migrate-3.99.0.tgz 2830ms (cache miss)
2568 http fetch GET 200 https://registry.npmjs.org/@portabletext/keyboard-shortcuts/-/keyboard-shortcuts-1.1.0.tgz 2837ms (cache miss)
2569 http fetch GET 200 https://registry.npmjs.org/framer-motion/-/framer-motion-12.39.0.tgz 2872ms (cache miss)
2570 http fetch GET 200 https://registry.npmjs.org/@sanity/telemetry/-/telemetry-0.8.1.tgz 2843ms (cache miss)
2571 http fetch GET 200 https://registry.npmjs.org/@octokit/endpoint/-/endpoint-11.0.3.tgz 2849ms (cache miss)
2572 http fetch GET 200 https://registry.npmjs.org/@octokit/graphql/-/graphql-9.0.3.tgz 2851ms (cache miss)
2573 http fetch GET 200 https://registry.npmjs.org/@pkgjs/parseargs/-/parseargs-0.11.0.tgz 2856ms (cache miss)
2574 http fetch GET 200 https://registry.npmjs.org/@octokit/request/-/request-10.0.9.tgz 2857ms (cache miss)
2575 http fetch GET 200 https://registry.npmjs.org/@octokit/request-error/-/request-error-7.1.0.tgz 2860ms (cache miss)
2576 http fetch GET 200 https://registry.npmjs.org/@octokit/types/-/types-16.0.0.tgz 2865ms (cache miss)
2577 http fetch GET 200 https://registry.npmjs.org/@octokit/auth-token/-/auth-token-6.0.0.tgz 2869ms (cache miss)
2578 http fetch GET 200 https://registry.npmjs.org/@octokit/plugin-paginate-rest/-/plugin-paginate-rest-14.0.0.tgz 2869ms (cache miss)
2579 http fetch GET 200 https://registry.npmjs.org/@nodelib/fs.stat/-/fs.stat-2.0.5.tgz 2871ms (cache miss)
2580 http fetch GET 200 https://registry.npmjs.org/@octokit/core/-/core-7.0.6.tgz 2890ms (cache miss)
2581 http fetch GET 200 https://registry.npmjs.org/@rolldown/pluginutils/-/pluginutils-1.0.0-beta.27.tgz 2891ms (cache miss)
2582 http fetch GET 200 https://registry.npmjs.org/@sentry-internal/feedback/-/feedback-8.55.2.tgz 2897ms (cache miss)
2583 http fetch GET 200 https://registry.npmjs.org/@nodelib/fs.walk/-/fs.walk-1.2.8.tgz 2899ms (cache miss)
2584 http fetch GET 200 https://registry.npmjs.org/@nolyfill/is-core-module/-/is-core-module-1.0.39.tgz 2901ms (cache miss)
2585 http fetch GET 200 https://registry.npmjs.org/@nodelib/fs.scandir/-/fs.scandir-2.1.5.tgz 2908ms (cache miss)
2586 http fetch GET 200 https://registry.npmjs.org/@next/env/-/env-14.2.29.tgz 2911ms (cache miss)
2587 http fetch GET 200 https://registry.npmjs.org/@portabletext/block-tools/-/block-tools-1.1.38.tgz 2918ms (cache miss)
2588 http fetch GET 200 https://registry.npmjs.org/@rollup/rollup-darwin-arm64/-/rollup-darwin-arm64-4.60.4.tgz 2931ms (cache miss)
2589 http fetch GET 200 https://registry.npmjs.org/@sanity/comlink/-/comlink-3.1.1.tgz 2993ms (cache miss)
2590 http fetch GET 200 https://registry.npmjs.org/@sanity/sdk/-/sdk-0.0.0-alpha.25.tgz 3005ms (cache miss)
2591 http fetch GET 200 https://registry.npmjs.org/@octokit/plugin-rest-endpoint-methods/-/plugin-rest-endpoint-methods-17.0.0.tgz 3022ms (cache miss)
2592 http fetch GET 200 https://registry.npmjs.org/@jridgewell/resolve-uri/-/resolve-uri-3.1.2.tgz 3051ms (cache miss)
2593 http fetch GET 200 https://registry.npmjs.org/@rushstack/eslint-patch/-/eslint-patch-1.16.1.tgz 3064ms (cache miss)
2594 http fetch GET 200 https://registry.npmjs.org/@marijn/find-cluster-break/-/find-cluster-break-1.0.2.tgz 3067ms (cache miss)
2595 http fetch GET 200 https://registry.npmjs.org/@oclif/plugin-help/-/plugin-help-6.2.49.tgz 3077ms (cache miss)
2596 http fetch GET 200 https://registry.npmjs.org/@sanity/color/-/color-3.0.6.tgz 3098ms (cache miss)
2597 http fetch GET 200 https://registry.npmjs.org/@lezer/common/-/common-1.5.2.tgz 3116ms (cache miss)
2598 http fetch GET 200 https://registry.npmjs.org/@mux/mux-player-react/-/mux-player-react-3.13.0.tgz 3142ms (cache miss)
2599 http fetch GET 200 https://registry.npmjs.org/@isaacs/cliui/-/cliui-8.0.2.tgz 3143ms (cache miss)
2600 http fetch GET 200 https://registry.npmjs.org/@lezer/highlight/-/highlight-1.2.3.tgz 3144ms (cache miss)
2601 http fetch GET 200 https://registry.npmjs.org/@mux/mux-data-google-ima/-/mux-data-google-ima-0.3.17.tgz 3145ms (cache miss)
2602 http fetch GET 200 https://registry.npmjs.org/@inquirer/search/-/search-3.2.2.tgz 3145ms (cache miss)
2603 http fetch GET 200 https://registry.npmjs.org/@lezer/lr/-/lr-1.4.10.tgz 3153ms (cache miss)
2604 http fetch GET 200 https://registry.npmjs.org/@inquirer/type/-/type-3.0.10.tgz 3152ms (cache miss)
2605 http fetch GET 200 https://registry.npmjs.org/@inquirer/select/-/select-4.4.2.tgz 3160ms (cache miss)
2606 http fetch GET 200 https://registry.npmjs.org/@inquirer/password/-/password-4.0.23.tgz 3171ms (cache miss)
2607 http fetch GET 200 https://registry.npmjs.org/@inquirer/input/-/input-4.3.1.tgz 3185ms (cache miss)
2608 http fetch GET 200 https://registry.npmjs.org/@isaacs/fs-minipass/-/fs-minipass-4.0.1.tgz 3186ms (cache miss)
2609 http fetch GET 200 https://registry.npmjs.org/@jridgewell/sourcemap-codec/-/sourcemap-codec-1.5.5.tgz 3194ms (cache miss)
2610 http fetch GET 200 https://registry.npmjs.org/@inquirer/expand/-/expand-4.0.23.tgz 3194ms (cache miss)
2611 http fetch GET 200 https://registry.npmjs.org/@inquirer/prompts/-/prompts-7.10.1.tgz 3195ms (cache miss)
2612 http fetch GET 200 https://registry.npmjs.org/@jridgewell/remapping/-/remapping-2.3.5.tgz 3197ms (cache miss)
2613 http fetch GET 200 https://registry.npmjs.org/@lezer/javascript/-/javascript-1.5.4.tgz 3198ms (cache miss)
2614 http fetch GET 200 https://registry.npmjs.org/@inquirer/number/-/number-3.0.23.tgz 3198ms (cache miss)
2615 http fetch GET 200 https://registry.npmjs.org/@inquirer/figures/-/figures-1.0.15.tgz 3204ms (cache miss)
2616 http fetch GET 200 https://registry.npmjs.org/@inquirer/editor/-/editor-4.2.23.tgz 3204ms (cache miss)
2617 http fetch GET 200 https://registry.npmjs.org/@inquirer/rawlist/-/rawlist-4.1.11.tgz 3205ms (cache miss)
2618 http fetch GET 200 https://registry.npmjs.org/@inquirer/confirm/-/confirm-5.1.21.tgz 3213ms (cache miss)
2619 http fetch GET 200 https://registry.npmjs.org/@inquirer/ansi/-/ansi-1.0.2.tgz 3213ms (cache miss)
2620 http fetch GET 200 https://registry.npmjs.org/@next/eslint-plugin-next/-/eslint-plugin-next-14.2.29.tgz 3218ms (cache miss)
2621 http fetch GET 200 https://registry.npmjs.org/@tanstack/table-core/-/table-core-8.21.3.tgz 3224ms (cache miss)
2622 http fetch GET 200 https://registry.npmjs.org/@jridgewell/gen-mapping/-/gen-mapping-0.3.13.tgz 3217ms (cache miss)
2623 http fetch GET 200 https://registry.npmjs.org/@inquirer/checkbox/-/checkbox-4.3.2.tgz 3241ms (cache miss)
2624 http fetch GET 200 https://registry.npmjs.org/@humanwhocodes/module-importer/-/module-importer-1.0.1.tgz 3245ms (cache miss)
2625 http fetch GET 200 https://registry.npmjs.org/@floating-ui/react-dom/-/react-dom-2.1.8.tgz 3249ms (cache miss)
2626 http fetch GET 200 https://registry.npmjs.org/@humanwhocodes/config-array/-/config-array-0.13.0.tgz 3265ms (cache miss)
2627 warn deprecated @humanwhocodes/config-array@0.13.0: Use @eslint/config-array instead
2628 http fetch GET 200 https://registry.npmjs.org/@humanwhocodes/object-schema/-/object-schema-2.0.3.tgz 3296ms (cache miss)
2629 warn deprecated @humanwhocodes/object-schema@2.0.3: Use @eslint/object-schema instead
2630 http fetch GET 200 https://registry.npmjs.org/@sentry-internal/browser-utils/-/browser-utils-8.55.2.tgz 3306ms (cache miss)
2631 http fetch GET 200 https://registry.npmjs.org/@inquirer/external-editor/-/external-editor-1.0.3.tgz 3306ms (cache miss)
2632 http fetch GET 200 https://registry.npmjs.org/@floating-ui/utils/-/utils-0.2.11.tgz 3305ms (cache miss)
2633 http fetch GET 200 https://registry.npmjs.org/@jridgewell/trace-mapping/-/trace-mapping-0.3.31.tgz 3310ms (cache miss)
2634 http fetch GET 200 https://registry.npmjs.org/@eslint/js/-/js-8.57.1.tgz 3311ms (cache miss)
2635 http fetch GET 200 https://registry.npmjs.org/@juggle/resize-observer/-/resize-observer-3.4.0.tgz 3321ms (cache miss)
2636 http fetch GET 200 https://registry.npmjs.org/@floating-ui/dom/-/dom-1.7.6.tgz 3321ms (cache miss)
2637 http fetch GET 200 https://registry.npmjs.org/@emotion/weak-memoize/-/weak-memoize-0.4.0.tgz 3325ms (cache miss)
2638 http fetch GET 200 https://registry.npmjs.org/@emotion/utils/-/utils-1.4.2.tgz 3326ms (cache miss)
2639 http fetch GET 200 https://registry.npmjs.org/@emotion/sheet/-/sheet-1.4.0.tgz 3327ms (cache miss)
2640 http fetch GET 200 https://registry.npmjs.org/@emotion/unitless/-/unitless-0.10.0.tgz 3329ms (cache miss)
2641 http fetch GET 200 https://registry.npmjs.org/@emotion/use-insertion-effect-with-fallbacks/-/use-insertion-effect-with-fallbacks-1.2.0.tgz 3333ms (cache miss)
2642 http fetch GET 200 https://registry.npmjs.org/@emotion/serialize/-/serialize-1.3.3.tgz 3337ms (cache miss)
2643 http fetch GET 200 https://registry.npmjs.org/@floating-ui/core/-/core-1.7.5.tgz 3338ms (cache miss)
2644 http fetch GET 200 https://registry.npmjs.org/@emotion/hash/-/hash-0.9.2.tgz 3345ms (cache miss)
2645 http fetch GET 200 https://registry.npmjs.org/@emotion/memoize/-/memoize-0.9.0.tgz 3352ms (cache miss)
2646 http fetch GET 200 https://registry.npmjs.org/@sanity/runtime-cli/-/runtime-cli-9.2.0.tgz 3380ms (cache miss)
2647 http fetch GET 200 https://registry.npmjs.org/@emotion/is-prop-valid/-/is-prop-valid-1.4.0.tgz 3379ms (cache miss)
2648 http fetch GET 200 https://registry.npmjs.org/@eslint-community/regexpp/-/regexpp-4.12.2.tgz 3391ms (cache miss)
2649 http fetch GET 200 https://registry.npmjs.org/@csstools/css-tokenizer/-/css-tokenizer-3.0.4.tgz 3405ms (cache miss)
2650 http fetch GET 200 https://registry.npmjs.org/@date-fns/utc/-/utc-2.1.1.tgz 3428ms (cache miss)
2651 http fetch GET 200 https://registry.npmjs.org/@emnapi/wasi-threads/-/wasi-threads-1.2.1.tgz 3431ms (cache miss)
2652 http fetch GET 200 https://registry.npmjs.org/@eslint-community/eslint-utils/-/eslint-utils-4.9.1.tgz 3439ms (cache miss)
2653 http fetch GET 200 https://registry.npmjs.org/@csstools/color-helpers/-/color-helpers-5.1.0.tgz 3438ms (cache miss)
2654 http fetch GET 200 https://registry.npmjs.org/@dnd-kit/modifiers/-/modifiers-6.0.1.tgz 3444ms (cache miss)
2655 http fetch GET 200 https://registry.npmjs.org/@csstools/css-color-parser/-/css-color-parser-3.1.0.tgz 3445ms (cache miss)
2656 http fetch GET 200 https://registry.npmjs.org/@dnd-kit/accessibility/-/accessibility-3.1.1.tgz 3452ms (cache miss)
2657 http fetch GET 200 https://registry.npmjs.org/@csstools/css-calc/-/css-calc-2.1.4.tgz 3452ms (cache miss)
2658 http fetch GET 200 https://registry.npmjs.org/@codemirror/theme-one-dark/-/theme-one-dark-6.1.3.tgz 3459ms (cache miss)
2659 http fetch GET 200 https://registry.npmjs.org/@codemirror/lint/-/lint-6.9.6.tgz 3463ms (cache miss)
2660 http fetch GET 200 https://registry.npmjs.org/@csstools/css-parser-algorithms/-/css-parser-algorithms-3.0.5.tgz 3463ms (cache miss)
2661 http fetch GET 200 https://registry.npmjs.org/@oclif/core/-/core-4.11.3.tgz 3474ms (cache miss)
2662 http fetch GET 200 https://registry.npmjs.org/@emnapi/runtime/-/runtime-1.10.0.tgz 3480ms (cache miss)
2663 http fetch GET 200 https://registry.npmjs.org/@codemirror/search/-/search-6.7.0.tgz 3478ms (cache miss)
2664 http fetch GET 200 https://registry.npmjs.org/@emotion/babel-plugin/-/babel-plugin-11.13.5.tgz 3480ms (cache miss)
2665 http fetch GET 200 https://registry.npmjs.org/@codemirror/commands/-/commands-6.10.3.tgz 3486ms (cache miss)
2666 http fetch GET 200 https://registry.npmjs.org/@typescript-eslint/eslint-plugin/-/eslint-plugin-8.59.4.tgz 3503ms (cache miss)
2667 http fetch GET 200 https://registry.npmjs.org/@codemirror/autocomplete/-/autocomplete-6.20.2.tgz 3490ms (cache miss)
2668 http fetch GET 200 https://registry.npmjs.org/@emotion/cache/-/cache-11.14.0.tgz 3496ms (cache miss)
2669 http fetch GET 200 https://registry.npmjs.org/@dnd-kit/utilities/-/utilities-3.2.2.tgz 3498ms (cache miss)
2670 http fetch GET 200 https://registry.npmjs.org/@codemirror/language/-/language-6.12.3.tgz 3496ms (cache miss)
2671 http fetch GET 200 https://registry.npmjs.org/@inquirer/core/-/core-10.3.2.tgz 3501ms (cache miss)
2672 http fetch GET 200 https://registry.npmjs.org/@date-fns/tz/-/tz-1.4.1.tgz 3503ms (cache miss)
2673 http fetch GET 200 https://registry.npmjs.org/@eslint/eslintrc/-/eslintrc-2.1.4.tgz 3504ms (cache miss)
2674 http fetch GET 200 https://registry.npmjs.org/@codemirror/state/-/state-6.6.0.tgz 3503ms (cache miss)
2675 http fetch GET 200 https://registry.npmjs.org/@sanity/client/-/client-6.29.1.tgz 3513ms (cache miss)
2676 http fetch GET 200 https://registry.npmjs.org/@dnd-kit/sortable/-/sortable-7.0.2.tgz 3516ms (cache miss)
2677 http fetch GET 200 https://registry.npmjs.org/@babel/register/-/register-7.29.3.tgz 3514ms (cache miss)
2678 http fetch GET 200 https://registry.npmjs.org/rxjs/-/rxjs-7.8.2.tgz 3599ms (cache miss)
2679 http fetch GET 200 https://registry.npmjs.org/sanity/-/sanity-3.99.0.tgz 3601ms (cache miss)
2680 http fetch GET 200 https://registry.npmjs.org/@octokit/openapi-types/-/openapi-types-27.0.0.tgz 3532ms (cache miss)
2681 http fetch GET 200 https://registry.npmjs.org/@bramus/specificity/-/specificity-2.4.2.tgz 3557ms (cache miss)
2682 http fetch GET 200 https://registry.npmjs.org/@babel/plugin-transform-unicode-property-regex/-/plugin-transform-unicode-property-regex-7.28.6.tgz 3559ms (cache miss)
2683 http fetch GET 200 https://registry.npmjs.org/@babel/plugin-transform-unicode-sets-regex/-/plugin-transform-unicode-sets-regex-7.28.6.tgz 3558ms (cache miss)
2684 http fetch GET 200 https://registry.npmjs.org/@babel/plugin-transform-unicode-regex/-/plugin-transform-unicode-regex-7.27.1.tgz 3558ms (cache miss)
2685 http fetch GET 200 https://registry.npmjs.org/@babel/plugin-transform-typeof-symbol/-/plugin-transform-typeof-symbol-7.27.1.tgz 3558ms (cache miss)
2686 http fetch GET 200 https://registry.npmjs.org/@babel/plugin-transform-spread/-/plugin-transform-spread-7.28.6.tgz 3559ms (cache miss)
2687 http fetch GET 200 https://registry.npmjs.org/@babel/preset-react/-/preset-react-7.28.5.tgz 3560ms (cache miss)
2688 http fetch GET 200 https://registry.npmjs.org/@babel/preset-typescript/-/preset-typescript-7.28.5.tgz 3560ms (cache miss)
2689 http fetch GET 200 https://registry.npmjs.org/@babel/plugin-transform-typescript/-/plugin-transform-typescript-7.28.6.tgz 3575ms (cache miss)
2690 http fetch GET 200 https://registry.npmjs.org/@codemirror/view/-/view-6.43.0.tgz 3581ms (cache miss)
2691 http fetch GET 200 https://registry.npmjs.org/@babel/template/-/template-7.28.6.tgz 3580ms (cache miss)
2692 http fetch GET 200 https://registry.npmjs.org/@babel/plugin-transform-unicode-escapes/-/plugin-transform-unicode-escapes-7.27.1.tgz 3582ms (cache miss)
2693 http fetch GET 200 https://registry.npmjs.org/@babel/plugin-transform-shorthand-properties/-/plugin-transform-shorthand-properties-7.27.1.tgz 3586ms (cache miss)
2694 http fetch GET 200 https://registry.npmjs.org/@sentry-internal/replay/-/replay-8.55.2.tgz 3602ms (cache miss)
2695 http fetch GET 200 https://registry.npmjs.org/@babel/plugin-transform-regexp-modifiers/-/plugin-transform-regexp-modifiers-7.28.6.tgz 3587ms (cache miss)
2696 http fetch GET 200 https://registry.npmjs.org/@babel/plugin-transform-react-jsx-development/-/plugin-transform-react-jsx-development-7.27.1.tgz 3593ms (cache miss)
2697 http fetch GET 200 https://registry.npmjs.org/@babel/plugin-transform-reserved-words/-/plugin-transform-reserved-words-7.27.1.tgz 3593ms (cache miss)
2698 http fetch GET 200 https://registry.npmjs.org/@babel/plugin-transform-react-pure-annotations/-/plugin-transform-react-pure-annotations-7.27.1.tgz 3593ms (cache miss)
2699 http fetch GET 200 https://registry.npmjs.org/@babel/plugin-transform-sticky-regex/-/plugin-transform-sticky-regex-7.27.1.tgz 3599ms (cache miss)
2700 http fetch GET 200 https://registry.npmjs.org/@babel/plugin-transform-template-literals/-/plugin-transform-template-literals-7.27.1.tgz 3600ms (cache miss)
2701 http fetch GET 200 https://registry.npmjs.org/@babel/plugin-transform-property-literals/-/plugin-transform-property-literals-7.27.1.tgz 3600ms (cache miss)
2702 http fetch GET 200 https://registry.npmjs.org/@codemirror/lang-javascript/-/lang-javascript-6.2.5.tgz 3614ms (cache miss)
2703 http fetch GET 200 https://registry.npmjs.org/@emnapi/core/-/core-1.10.0.tgz 3667ms (cache miss)
2704 http fetch GET 200 https://registry.npmjs.org/@babel/plugin-transform-react-jsx-self/-/plugin-transform-react-jsx-self-7.27.1.tgz 3662ms (cache miss)
2705 http fetch GET 200 https://registry.npmjs.org/@babel/plugin-transform-private-property-in-object/-/plugin-transform-private-property-in-object-7.28.6.tgz 3665ms (cache miss)
2706 http fetch GET 200 https://registry.npmjs.org/@babel/plugin-transform-react-jsx-source/-/plugin-transform-react-jsx-source-7.27.1.tgz 3689ms (cache miss)
2707 http fetch GET 200 https://registry.npmjs.org/@babel/preset-env/-/preset-env-7.29.5.tgz 3692ms (cache miss)
2708 http fetch GET 200 https://registry.npmjs.org/@babel/plugin-transform-react-display-name/-/plugin-transform-react-display-name-7.28.0.tgz 3692ms (cache miss)
2709 http fetch GET 200 https://registry.npmjs.org/@babel/plugin-transform-private-methods/-/plugin-transform-private-methods-7.28.6.tgz 3691ms (cache miss)
2710 http fetch GET 200 https://registry.npmjs.org/@babel/plugin-transform-optional-catch-binding/-/plugin-transform-optional-catch-binding-7.28.6.tgz 3696ms (cache miss)
2711 http fetch GET 200 https://registry.npmjs.org/@babel/plugin-transform-react-jsx/-/plugin-transform-react-jsx-7.28.6.tgz 3698ms (cache miss)
2712 http fetch GET 200 https://registry.npmjs.org/@babel/plugin-transform-object-rest-spread/-/plugin-transform-object-rest-spread-7.28.6.tgz 3698ms (cache miss)
2713 http fetch GET 200 https://registry.npmjs.org/@babel/plugin-transform-optional-chaining/-/plugin-transform-optional-chaining-7.28.6.tgz 3698ms (cache miss)
2714 http fetch GET 200 https://registry.npmjs.org/@babel/plugin-transform-new-target/-/plugin-transform-new-target-7.27.1.tgz 3699ms (cache miss)
2715 http fetch GET 200 https://registry.npmjs.org/@babel/plugin-transform-nullish-coalescing-operator/-/plugin-transform-nullish-coalescing-operator-7.28.6.tgz 3699ms (cache miss)
2716 http fetch GET 200 https://registry.npmjs.org/@babel/plugin-transform-named-capturing-groups-regex/-/plugin-transform-named-capturing-groups-regex-7.29.0.tgz 3700ms (cache miss)
2717 http fetch GET 200 https://registry.npmjs.org/@babel/traverse/-/traverse-7.29.0.tgz 3704ms (cache miss)
2718 http fetch GET 200 https://registry.npmjs.org/@babel/plugin-transform-modules-umd/-/plugin-transform-modules-umd-7.27.1.tgz 3700ms (cache miss)
2719 http fetch GET 200 https://registry.npmjs.org/@babel/preset-modules/-/preset-modules-0.1.6-no-external-plugins.tgz 3702ms (cache miss)
2720 http fetch GET 200 https://registry.npmjs.org/@babel/plugin-transform-modules-amd/-/plugin-transform-modules-amd-7.27.1.tgz 3700ms (cache miss)
2721 http fetch GET 200 https://registry.npmjs.org/@babel/plugin-transform-regenerator/-/plugin-transform-regenerator-7.29.0.tgz 3701ms (cache miss)
2722 http fetch GET 200 https://registry.npmjs.org/@babel/plugin-transform-object-super/-/plugin-transform-object-super-7.27.1.tgz 3701ms (cache miss)
2723 http fetch GET 200 https://registry.npmjs.org/@babel/plugin-transform-numeric-separator/-/plugin-transform-numeric-separator-7.28.6.tgz 3700ms (cache miss)
2724 http fetch GET 200 https://registry.npmjs.org/@babel/plugin-transform-member-expression-literals/-/plugin-transform-member-expression-literals-7.27.1.tgz 3700ms (cache miss)
2725 http fetch GET 200 https://registry.npmjs.org/@babel/plugin-transform-logical-assignment-operators/-/plugin-transform-logical-assignment-operators-7.28.6.tgz 3701ms (cache miss)
2726 http fetch GET 200 https://registry.npmjs.org/@babel/plugin-transform-for-of/-/plugin-transform-for-of-7.27.1.tgz 3701ms (cache miss)
2727 http fetch GET 200 https://registry.npmjs.org/@babel/plugin-transform-exponentiation-operator/-/plugin-transform-exponentiation-operator-7.28.6.tgz 3702ms (cache miss)
2728 http fetch GET 200 https://registry.npmjs.org/@babel/plugin-transform-literals/-/plugin-transform-literals-7.27.1.tgz 3704ms (cache miss)
2729 http fetch GET 200 https://registry.npmjs.org/@babel/plugin-transform-function-name/-/plugin-transform-function-name-7.27.1.tgz 3705ms (cache miss)
2730 http fetch GET 200 https://registry.npmjs.org/@babel/plugin-transform-modules-systemjs/-/plugin-transform-modules-systemjs-7.29.4.tgz 3705ms (cache miss)
2731 http fetch GET 200 https://registry.npmjs.org/@babel/plugin-transform-modules-commonjs/-/plugin-transform-modules-commonjs-7.28.6.tgz 3706ms (cache miss)
2732 http fetch GET 200 https://registry.npmjs.org/@babel/plugin-transform-parameters/-/plugin-transform-parameters-7.27.7.tgz 3707ms (cache miss)
2733 http fetch GET 200 https://registry.npmjs.org/@babel/plugin-transform-export-namespace-from/-/plugin-transform-export-namespace-from-7.27.1.tgz 3709ms (cache miss)
2734 http fetch GET 200 https://registry.npmjs.org/@babel/plugin-transform-dynamic-import/-/plugin-transform-dynamic-import-7.27.1.tgz 3709ms (cache miss)
2735 http fetch GET 200 https://registry.npmjs.org/@babel/plugin-transform-json-strings/-/plugin-transform-json-strings-7.28.6.tgz 3709ms (cache miss)
2736 http fetch GET 200 https://registry.npmjs.org/@babel/plugin-transform-computed-properties/-/plugin-transform-computed-properties-7.28.6.tgz 3712ms (cache miss)
2737 http fetch GET 200 https://registry.npmjs.org/@babel/plugin-transform-explicit-resource-management/-/plugin-transform-explicit-resource-management-7.28.6.tgz 3713ms (cache miss)
2738 http fetch GET 200 https://registry.npmjs.org/@babel/plugin-transform-destructuring/-/plugin-transform-destructuring-7.28.5.tgz 3714ms (cache miss)
2739 http fetch GET 200 https://registry.npmjs.org/@babel/plugin-transform-duplicate-named-capturing-groups-regex/-/plugin-transform-duplicate-named-capturing-groups-regex-7.29.0.tgz 3719ms (cache miss)
2740 http fetch GET 200 https://registry.npmjs.org/@babel/plugin-transform-block-scoped-functions/-/plugin-transform-block-scoped-functions-7.27.1.tgz 3719ms (cache miss)
2741 http fetch GET 200 https://registry.npmjs.org/@babel/plugin-transform-async-to-generator/-/plugin-transform-async-to-generator-7.28.6.tgz 3719ms (cache miss)
2742 http fetch GET 200 https://registry.npmjs.org/@babel/plugin-transform-dotall-regex/-/plugin-transform-dotall-regex-7.28.6.tgz 3719ms (cache miss)
2743 http fetch GET 200 https://registry.npmjs.org/@babel/plugin-transform-duplicate-keys/-/plugin-transform-duplicate-keys-7.27.1.tgz 3722ms (cache miss)
2744 http fetch GET 200 https://registry.npmjs.org/@babel/plugin-transform-async-generator-functions/-/plugin-transform-async-generator-functions-7.29.0.tgz 3723ms (cache miss)
2745 http fetch GET 200 https://registry.npmjs.org/@exodus/bytes/-/bytes-1.15.0.tgz 3734ms (cache miss)
2746 http fetch GET 200 https://registry.npmjs.org/@babel/plugin-transform-class-static-block/-/plugin-transform-class-static-block-7.28.6.tgz 3724ms (cache miss)
2747 http fetch GET 200 https://registry.npmjs.org/@babel/plugin-syntax-unicode-sets-regex/-/plugin-syntax-unicode-sets-regex-7.18.6.tgz 3725ms (cache miss)
2748 http fetch GET 200 https://registry.npmjs.org/@babel/plugin-transform-classes/-/plugin-transform-classes-7.28.6.tgz 3726ms (cache miss)
2749 http fetch GET 200 https://registry.npmjs.org/@babel/plugin-transform-class-properties/-/plugin-transform-class-properties-7.28.6.tgz 3728ms (cache miss)
2750 http fetch GET 200 https://registry.npmjs.org/@babel/plugin-transform-arrow-functions/-/plugin-transform-arrow-functions-7.27.1.tgz 3729ms (cache miss)
2751 http fetch GET 200 https://registry.npmjs.org/@babel/plugin-syntax-typescript/-/plugin-syntax-typescript-7.28.6.tgz 3739ms (cache miss)
2752 http fetch GET 200 https://registry.npmjs.org/@babel/plugin-bugfix-v8-spread-parameters-in-optional-chaining/-/plugin-bugfix-v8-spread-parameters-in-optional-chaining-7.27.1.tgz 3745ms (cache miss)
2753 http fetch GET 200 https://registry.npmjs.org/@babel/plugin-syntax-jsx/-/plugin-syntax-jsx-7.28.6.tgz 3746ms (cache miss)
2754 http fetch GET 200 https://registry.npmjs.org/@babel/plugin-syntax-import-assertions/-/plugin-syntax-import-assertions-7.28.6.tgz 3749ms (cache miss)
2755 http fetch GET 200 https://registry.npmjs.org/@babel/plugin-transform-block-scoping/-/plugin-transform-block-scoping-7.28.6.tgz 3752ms (cache miss)
2756 http fetch GET 200 https://registry.npmjs.org/@babel/plugin-bugfix-v8-static-class-fields-redefine-readonly/-/plugin-bugfix-v8-static-class-fields-redefine-readonly-7.28.6.tgz 3752ms (cache miss)
2757 http fetch GET 200 https://registry.npmjs.org/@babel/helper-wrap-function/-/helper-wrap-function-7.28.6.tgz 3761ms (cache miss)
2758 http fetch GET 200 https://registry.npmjs.org/@babel/plugin-bugfix-safari-class-field-initializer-scope/-/plugin-bugfix-safari-class-field-initializer-scope-7.27.1.tgz 3761ms (cache miss)
2759 http fetch GET 200 https://registry.npmjs.org/@babel/plugin-bugfix-firefox-class-in-computed-class-key/-/plugin-bugfix-firefox-class-in-computed-class-key-7.28.5.tgz 3761ms (cache miss)
2760 http fetch GET 200 https://registry.npmjs.org/@babel/plugin-bugfix-safari-id-destructuring-collision-in-function-expression/-/plugin-bugfix-safari-id-destructuring-collision-in-function-expression-7.27.1.tgz 3762ms (cache miss)
2761 http fetch GET 200 https://registry.npmjs.org/@babel/plugin-bugfix-safari-rest-destructuring-rhs-array/-/plugin-bugfix-safari-rest-destructuring-rhs-array-7.29.3.tgz 3762ms (cache miss)
2762 http fetch GET 200 https://registry.npmjs.org/@babel/plugin-syntax-import-attributes/-/plugin-syntax-import-attributes-7.28.6.tgz 3764ms (cache miss)
2763 http fetch GET 200 https://registry.npmjs.org/@babel/plugin-proposal-private-property-in-object/-/plugin-proposal-private-property-in-object-7.21.0-placeholder-for-preset-env.2.tgz 3767ms (cache miss)
2764 http fetch GET 200 https://registry.npmjs.org/@emotion/react/-/react-11.14.0.tgz 3804ms (cache miss)
2765 http fetch GET 200 https://registry.npmjs.org/@babel/helper-validator-option/-/helper-validator-option-7.27.1.tgz 3806ms (cache miss)
2766 http fetch GET 200 https://registry.npmjs.org/@babel/helper-skip-transparent-expression-wrappers/-/helper-skip-transparent-expression-wrappers-7.27.1.tgz 3806ms (cache miss)
2767 http fetch GET 200 https://registry.npmjs.org/@babel/helper-replace-supers/-/helper-replace-supers-7.28.6.tgz 3812ms (cache miss)
2768 http fetch GET 200 https://registry.npmjs.org/@babel/helper-remap-async-to-generator/-/helper-remap-async-to-generator-7.27.1.tgz 3827ms (cache miss)
2769 http fetch GET 200 https://registry.npmjs.org/@babel/helper-string-parser/-/helper-string-parser-7.27.1.tgz 3829ms (cache miss)
2770 http fetch GET 200 https://registry.npmjs.org/@babel/helper-validator-identifier/-/helper-validator-identifier-7.28.5.tgz 3835ms (cache miss)
2771 http fetch GET 200 https://registry.npmjs.org/@babel/helper-plugin-utils/-/helper-plugin-utils-7.28.6.tgz 3843ms (cache miss)
2772 http fetch GET 200 https://registry.npmjs.org/@babel/helper-globals/-/helper-globals-7.28.0.tgz 3847ms (cache miss)
2773 http fetch GET 200 https://registry.npmjs.org/@babel/helper-optimise-call-expression/-/helper-optimise-call-expression-7.27.1.tgz 3848ms (cache miss)
2774 http fetch GET 200 https://registry.npmjs.org/@babel/helper-member-expression-to-functions/-/helper-member-expression-to-functions-7.28.5.tgz 3854ms (cache miss)
2775 http fetch GET 200 https://registry.npmjs.org/@babel/helper-create-regexp-features-plugin/-/helper-create-regexp-features-plugin-7.28.5.tgz 3859ms (cache miss)
2776 http fetch GET 200 https://registry.npmjs.org/@babel/helper-compilation-targets/-/helper-compilation-targets-7.28.6.tgz 3847ms (cache miss)
2777 http fetch GET 200 https://registry.npmjs.org/@babel/helper-annotate-as-pure/-/helper-annotate-as-pure-7.27.3.tgz 3847ms (cache miss)
2778 http fetch GET 200 https://registry.npmjs.org/@babel/helper-module-imports/-/helper-module-imports-7.28.6.tgz 3863ms (cache miss)
2779 http fetch GET 200 https://registry.npmjs.org/@aws-lite/ssm/-/ssm-0.2.5.tgz 3864ms (cache miss)
2780 http fetch GET 200 https://registry.npmjs.org/@swc/helpers/-/helpers-0.5.5.tgz 3907ms (cache miss)
2781 http fetch GET 200 https://registry.npmjs.org/@asamuzakjp/generational-cache/-/generational-cache-1.0.1.tgz 3872ms (cache miss)
2782 http fetch GET 200 https://registry.npmjs.org/@babel/compat-data/-/compat-data-7.29.3.tgz 3872ms (cache miss)
2783 http fetch GET 200 https://registry.npmjs.org/@babel/code-frame/-/code-frame-7.29.0.tgz 3874ms (cache miss)
2784 http fetch GET 200 https://registry.npmjs.org/@napi-rs/wasm-runtime/-/wasm-runtime-1.1.4.tgz 3910ms (cache miss)
2785 http fetch GET 200 https://registry.npmjs.org/@sentry/browser/-/browser-8.55.2.tgz 3925ms (cache miss)
2786 http fetch GET 200 https://registry.npmjs.org/@alloc/quick-lru/-/quick-lru-5.2.0.tgz 3893ms (cache miss)
2787 http fetch GET 200 https://registry.npmjs.org/@babel/helper-module-transforms/-/helper-module-transforms-7.28.6.tgz 3912ms (cache miss)
2788 http fetch GET 200 https://registry.npmjs.org/@actions/io/-/io-3.0.2.tgz 3899ms (cache miss)
2789 http fetch GET 200 https://registry.npmjs.org/buffer-crc32/-/buffer-crc32-0.2.13.tgz 3901ms (cache miss)
2790 http fetch GET 200 https://registry.npmjs.org/@aws-lite/s3/-/s3-0.1.22.tgz 3914ms (cache miss)
2791 http fetch GET 200 https://registry.npmjs.org/@asamuzakjp/nwsapi/-/nwsapi-2.3.9.tgz 3924ms (cache miss)
2792 http fetch GET 200 https://registry.npmjs.org/string-width/-/string-width-4.2.3.tgz 3926ms (cache miss)
2793 http fetch GET 200 https://registry.npmjs.org/emoji-regex/-/emoji-regex-8.0.0.tgz 3931ms (cache miss)
2794 http fetch GET 200 https://registry.npmjs.org/ansi-regex/-/ansi-regex-6.2.2.tgz 3936ms (cache miss)
2795 http fetch GET 200 https://registry.npmjs.org/@actions/github/-/github-9.1.1.tgz 3937ms (cache miss)
2796 http fetch GET 200 https://registry.npmjs.org/signal-exit/-/signal-exit-3.0.7.tgz 3941ms (cache miss)
2797 http fetch GET 200 https://registry.npmjs.org/yargs-parser/-/yargs-parser-21.1.1.tgz 3945ms (cache miss)
2798 http fetch GET 200 https://registry.npmjs.org/string-width/-/string-width-4.2.3.tgz 3943ms (cache miss)
2799 http fetch GET 200 https://registry.npmjs.org/strip-ansi/-/strip-ansi-7.2.0.tgz 3943ms (cache miss)
2800 http fetch GET 200 https://registry.npmjs.org/emoji-regex/-/emoji-regex-8.0.0.tgz 3944ms (cache miss)
2801 http fetch GET 200 https://registry.npmjs.org/emoji-regex/-/emoji-regex-8.0.0.tgz 3944ms (cache miss)
2802 http fetch GET 200 https://registry.npmjs.org/ansi-styles/-/ansi-styles-6.2.3.tgz 3947ms (cache miss)
2803 http fetch GET 200 https://registry.npmjs.org/@aws-lite/client/-/client-0.21.10.tgz 3954ms (cache miss)
2804 http fetch GET 200 https://registry.npmjs.org/fdir/-/fdir-6.5.0.tgz 3950ms (cache miss)
2805 http fetch GET 200 https://registry.npmjs.org/string-width/-/string-width-4.2.3.tgz 3952ms (cache miss)
2806 http fetch GET 200 https://registry.npmjs.org/@architect/asap/-/asap-7.0.10.tgz 3957ms (cache miss)
2807 http fetch GET 200 https://registry.npmjs.org/@architect/utils/-/utils-4.0.6.tgz 3962ms (cache miss)
2808 http fetch GET 200 https://registry.npmjs.org/fdir/-/fdir-6.5.0.tgz 3958ms (cache miss)
2809 http fetch GET 200 https://registry.npmjs.org/strip-ansi/-/strip-ansi-7.2.0.tgz 3960ms (cache miss)
2810 http fetch GET 200 https://registry.npmjs.org/tar-stream/-/tar-stream-2.2.0.tgz 3961ms (cache miss)
2811 http fetch GET 200 https://registry.npmjs.org/json5/-/json5-1.0.2.tgz 3965ms (cache miss)
2812 http fetch GET 200 https://registry.npmjs.org/emoji-regex/-/emoji-regex-8.0.0.tgz 3964ms (cache miss)
2813 http fetch GET 200 https://registry.npmjs.org/ansi-regex/-/ansi-regex-6.2.2.tgz 3965ms (cache miss)
2814 http fetch GET 200 https://registry.npmjs.org/picomatch/-/picomatch-4.0.4.tgz 3966ms (cache miss)
2815 http fetch GET 200 https://registry.npmjs.org/b4a/-/b4a-1.8.1.tgz 3966ms (cache miss)
2816 http fetch GET 200 https://registry.npmjs.org/picomatch/-/picomatch-4.0.4.tgz 3966ms (cache miss)
2817 http fetch GET 200 https://registry.npmjs.org/b4a/-/b4a-1.8.1.tgz 3966ms (cache miss)
2818 http fetch GET 200 https://registry.npmjs.org/@actions/exec/-/exec-3.0.0.tgz 3968ms (cache miss)
2819 http fetch GET 200 https://registry.npmjs.org/chownr/-/chownr-1.1.4.tgz 3966ms (cache miss)
2820 http fetch GET 200 https://registry.npmjs.org/caniuse-lite/-/caniuse-lite-1.0.30001793.tgz 4021ms (cache miss)
2821 http fetch GET 200 https://registry.npmjs.org/unist-util-is/-/unist-util-is-6.0.1.tgz 3966ms (cache miss)
2822 http fetch GET 200 https://registry.npmjs.org/@babel/helper-define-polyfill-provider/-/helper-define-polyfill-provider-0.6.8.tgz 3987ms (cache miss)
2823 http fetch GET 200 https://registry.npmjs.org/commander/-/commander-4.1.1.tgz 3968ms (cache miss)
2824 http fetch GET 200 https://registry.npmjs.org/@babel/helper-create-class-features-plugin/-/helper-create-class-features-plugin-7.29.3.tgz 3990ms (cache miss)
2825 http fetch GET 200 https://registry.npmjs.org/@actions/core/-/core-3.0.1.tgz 3976ms (cache miss)
2826 http fetch GET 200 https://registry.npmjs.org/is-plain-object/-/is-plain-object-5.0.0.tgz 3972ms (cache miss)
2827 http fetch GET 200 https://registry.npmjs.org/space-separated-tokens/-/space-separated-tokens-2.0.2.tgz 3972ms (cache miss)
2828 http fetch GET 200 https://registry.npmjs.org/react-refractor/-/react-refractor-4.0.0.tgz 3973ms (cache miss)
2829 http fetch GET 200 https://registry.npmjs.org/@types/unist/-/unist-3.0.3.tgz 3973ms (cache miss)
2830 http fetch GET 200 https://registry.npmjs.org/unist-util-filter/-/unist-util-filter-5.0.1.tgz 3974ms (cache miss)
2831 http fetch GET 200 https://registry.npmjs.org/@types/lodash/-/lodash-4.17.24.tgz 4017ms (cache miss)
2832 http fetch GET 200 https://registry.npmjs.org/@types/unist/-/unist-3.0.3.tgz 3978ms (cache miss)
2833 http fetch GET 200 https://registry.npmjs.org/unist-util-visit-parents/-/unist-util-visit-parents-6.0.2.tgz 3981ms (cache miss)
2834 http fetch GET 200 https://registry.npmjs.org/readable-stream/-/readable-stream-3.6.2.tgz 3992ms (cache miss)
2835 http fetch GET 200 https://registry.npmjs.org/@asamuzakjp/dom-selector/-/dom-selector-2.0.2.tgz 3997ms (cache miss)
2836 http fetch GET 200 https://registry.npmjs.org/@dnd-kit/core/-/core-6.3.1.tgz 4022ms (cache miss)
2837 http fetch GET 200 https://registry.npmjs.org/readable-stream/-/readable-stream-3.6.2.tgz 3995ms (cache miss)
2838 http fetch GET 200 https://registry.npmjs.org/@babel/runtime/-/runtime-7.29.2.tgz 4033ms (cache miss)
2839 http fetch GET 200 https://registry.npmjs.org/@architect/parser/-/parser-7.0.1.tgz 4011ms (cache miss)
2840 http fetch GET 200 https://registry.npmjs.org/@architect/hydrate/-/hydrate-4.0.10.tgz 4033ms (cache miss)
2841 http fetch GET 200 https://registry.npmjs.org/@babel/generator/-/generator-7.29.1.tgz 4035ms (cache miss)
2842 http fetch GET 200 https://registry.npmjs.org/property-information/-/property-information-7.1.0.tgz 4029ms (cache miss)
2843 http fetch GET 200 https://registry.npmjs.org/@acemir/cssom/-/cssom-0.9.31.tgz 4046ms (cache miss)
2844 http fetch GET 200 https://registry.npmjs.org/@babel/parser/-/parser-7.29.3.tgz 4074ms (cache miss)
2845 http fetch GET 200 https://registry.npmjs.org/is-hexadecimal/-/is-hexadecimal-2.0.1.tgz 4068ms (cache miss)
2846 http fetch GET 200 https://registry.npmjs.org/@types/unist/-/unist-3.0.3.tgz 4070ms (cache miss)
2847 http fetch GET 200 https://registry.npmjs.org/is-alphabetical/-/is-alphabetical-2.0.1.tgz 4071ms (cache miss)
2848 http fetch GET 200 https://registry.npmjs.org/is-alphanumerical/-/is-alphanumerical-2.0.1.tgz 4071ms (cache miss)
2849 http fetch GET 200 https://registry.npmjs.org/hast-util-parse-selector/-/hast-util-parse-selector-4.0.0.tgz 4098ms (cache miss)
2850 http fetch GET 200 https://registry.npmjs.org/is-decimal/-/is-decimal-2.0.1.tgz 4098ms (cache miss)
2851 http fetch GET 200 https://registry.npmjs.org/which/-/which-5.0.0.tgz 4097ms (cache miss)
2852 http fetch GET 200 https://registry.npmjs.org/character-reference-invalid/-/character-reference-invalid-2.0.1.tgz 4097ms (cache miss)
2853 http fetch GET 200 https://registry.npmjs.org/@actions/http-client/-/http-client-4.0.1.tgz 4106ms (cache miss)
2854 http fetch GET 200 https://registry.npmjs.org/character-entities-legacy/-/character-entities-legacy-3.0.0.tgz 4099ms (cache miss)
2855 http fetch GET 200 https://registry.npmjs.org/react-is/-/react-is-18.3.1.tgz 4103ms (cache miss)
2856 http fetch GET 200 https://registry.npmjs.org/iconv-lite/-/iconv-lite-0.6.3.tgz 4111ms (cache miss)
2857 http fetch GET 200 https://registry.npmjs.org/isexe/-/isexe-3.1.5.tgz 4110ms (cache miss)
2858 http fetch GET 200 https://registry.npmjs.org/resolve-from/-/resolve-from-5.0.0.tgz 4110ms (cache miss)
2859 http fetch GET 200 https://registry.npmjs.org/minimatch/-/minimatch-5.1.9.tgz 4111ms (cache miss)
2860 http fetch GET 200 https://registry.npmjs.org/react-compiler-runtime/-/react-compiler-runtime-19.1.0-rc.2.tgz 4112ms (cache miss)
2861 http fetch GET 200 https://registry.npmjs.org/hastscript/-/hastscript-9.0.1.tgz 4122ms (cache miss)
2862 http fetch GET 200 https://registry.npmjs.org/signal-exit/-/signal-exit-3.0.7.tgz 4122ms (cache miss)
2863 http fetch GET 200 https://registry.npmjs.org/p-limit/-/p-limit-2.3.0.tgz 4122ms (cache miss)
2864 http fetch GET 200 https://registry.npmjs.org/brace-expansion/-/brace-expansion-2.1.0.tgz 4128ms (cache miss)
2865 http fetch GET 200 https://registry.npmjs.org/@architect/inventory/-/inventory-4.0.9.tgz 4135ms (cache miss)
2866 http fetch GET 200 https://registry.npmjs.org/p-locate/-/p-locate-4.1.0.tgz 4129ms (cache miss)
2867 http fetch GET 200 https://registry.npmjs.org/comma-separated-tokens/-/comma-separated-tokens-2.0.3.tgz 4129ms (cache miss)
2868 http fetch GET 200 https://registry.npmjs.org/glob/-/glob-7.2.3.tgz 4131ms (cache miss)
2869 warn deprecated glob@7.2.3: Old versions of glob are not supported, and contain widely publicized security vulnerabilities, which have been fixed in the current version. Please update. Support for old versions may be purchased (at exorbitant rates) by contacting i@izs.me
2870 http fetch GET 200 https://registry.npmjs.org/locate-path/-/locate-path-5.0.0.tgz 4148ms (cache miss)
2871 http fetch GET 200 https://registry.npmjs.org/buffer/-/buffer-6.0.3.tgz 4151ms (cache miss)
2872 http fetch GET 200 https://registry.npmjs.org/@types/hast/-/hast-3.0.4.tgz 4154ms (cache miss)
2873 http fetch GET 200 https://registry.npmjs.org/parse-entities/-/parse-entities-4.0.2.tgz 4155ms (cache miss)
2874 http fetch GET 200 https://registry.npmjs.org/type-fest/-/type-fest-0.6.0.tgz 4160ms (cache miss)
2875 http fetch GET 200 https://registry.npmjs.org/@mux/playback-core/-/playback-core-0.35.0.tgz 4198ms (cache miss)
2876 http fetch GET 200 https://registry.npmjs.org/hosted-git-info/-/hosted-git-info-2.8.9.tgz 4163ms (cache miss)
2877 http fetch GET 200 https://registry.npmjs.org/find-up/-/find-up-4.1.0.tgz 4167ms (cache miss)
2878 http fetch GET 200 https://registry.npmjs.org/pump/-/pump-2.0.1.tgz 4165ms (cache miss)
2879 http fetch GET 200 https://registry.npmjs.org/@types/use-sync-external-store/-/use-sync-external-store-0.0.6.tgz 4166ms (cache miss)
2880 http fetch GET 200 https://registry.npmjs.org/fast-deep-equal/-/fast-deep-equal-2.0.1.tgz 4165ms (cache miss)
2881 http fetch GET 200 https://registry.npmjs.org/normalize-package-data/-/normalize-package-data-2.5.0.tgz 4170ms (cache miss)
2882 http fetch GET 200 https://registry.npmjs.org/type-fest/-/type-fest-0.8.1.tgz 4172ms (cache miss)
2883 http fetch GET 200 https://registry.npmjs.org/semver/-/semver-5.7.2.tgz 4172ms (cache miss)
2884 http fetch GET 200 https://registry.npmjs.org/isarray/-/isarray-1.0.0.tgz 4171ms (cache miss)
2885 http fetch GET 200 https://registry.npmjs.org/jiti/-/jiti-1.21.7.tgz 4187ms (cache miss)
2886 http fetch GET 200 https://registry.npmjs.org/duplexify/-/duplexify-3.7.1.tgz 4182ms (cache miss)
2887 http fetch GET 200 https://registry.npmjs.org/string_decoder/-/string_decoder-1.1.1.tgz 4182ms (cache miss)
2888 http fetch GET 200 https://registry.npmjs.org/string_decoder/-/string_decoder-1.1.1.tgz 4187ms (cache miss)
2889 http fetch GET 200 https://registry.npmjs.org/isarray/-/isarray-1.0.0.tgz 4189ms (cache miss)
2890 http fetch GET 200 https://registry.npmjs.org/react-is/-/react-is-16.13.1.tgz 4189ms (cache miss)
2891 http fetch GET 200 https://registry.npmjs.org/safe-buffer/-/safe-buffer-5.1.2.tgz 4190ms (cache miss)
2892 http fetch GET 200 https://registry.npmjs.org/through2/-/through2-2.0.5.tgz 4190ms (cache miss)
2893 http fetch GET 200 https://registry.npmjs.org/isarray/-/isarray-1.0.0.tgz 4195ms (cache miss)
2894 http fetch GET 200 https://registry.npmjs.org/duplexify/-/duplexify-3.7.1.tgz 4196ms (cache miss)
2895 http fetch GET 200 https://registry.npmjs.org/log-symbols/-/log-symbols-4.1.0.tgz 4195ms (cache miss)
2896 http fetch GET 200 https://registry.npmjs.org/readable-stream/-/readable-stream-2.3.8.tgz 4199ms (cache miss)
2897 http fetch GET 200 https://registry.npmjs.org/safe-buffer/-/safe-buffer-5.1.2.tgz 4204ms (cache miss)
2898 http fetch GET 200 https://registry.npmjs.org/react-compiler-runtime/-/react-compiler-runtime-19.1.0-rc.2.tgz 4212ms (cache miss)
2899 http fetch GET 200 https://registry.npmjs.org/string_decoder/-/string_decoder-1.1.1.tgz 4219ms (cache miss)
2900 http fetch GET 200 https://registry.npmjs.org/readable-stream/-/readable-stream-2.3.8.tgz 4220ms (cache miss)
2901 http fetch GET 200 https://registry.npmjs.org/semver/-/semver-6.3.1.tgz 4224ms (cache miss)
2902 http fetch GET 200 https://registry.npmjs.org/safe-buffer/-/safe-buffer-5.1.2.tgz 4227ms (cache miss)
2903 http fetch GET 200 https://registry.npmjs.org/through2/-/through2-3.0.2.tgz 4237ms (cache miss)
2904 http fetch GET 200 https://registry.npmjs.org/@reduxjs/toolkit/-/toolkit-2.12.0.tgz 4284ms (cache miss)
2905 http fetch GET 200 https://registry.npmjs.org/@sanity/visual-editing-types/-/visual-editing-types-1.1.8.tgz 4241ms (cache miss)
2906 http fetch GET 200 https://registry.npmjs.org/readable-stream/-/readable-stream-2.3.8.tgz 4241ms (cache miss)
2907 http fetch GET 200 https://registry.npmjs.org/semver/-/semver-5.7.2.tgz 4241ms (cache miss)
2908 http fetch GET 200 https://registry.npmjs.org/@babel/core/-/core-7.29.0.tgz 4265ms (cache miss)
2909 http fetch GET 200 https://registry.npmjs.org/pify/-/pify-4.0.1.tgz 4252ms (cache miss)
2910 http fetch GET 200 https://registry.npmjs.org/supports-color/-/supports-color-5.5.0.tgz 4253ms (cache miss)
2911 http fetch GET 200 https://registry.npmjs.org/arrify/-/arrify-1.0.1.tgz 4255ms (cache miss)
2912 http fetch GET 200 https://registry.npmjs.org/escape-string-regexp/-/escape-string-regexp-1.0.5.tgz 4262ms (cache miss)
2913 http fetch GET 200 https://registry.npmjs.org/chalk/-/chalk-2.4.2.tgz 4262ms (cache miss)
2914 http fetch GET 200 https://registry.npmjs.org/@asamuzakjp/css-color/-/css-color-3.2.0.tgz 4278ms (cache miss)
2915 http fetch GET 200 https://registry.npmjs.org/color-name/-/color-name-1.1.3.tgz 4264ms (cache miss)
2916 http fetch GET 200 https://registry.npmjs.org/has-flag/-/has-flag-3.0.0.tgz 4265ms (cache miss)
2917 http fetch GET 200 https://registry.npmjs.org/@mux/mux-video/-/mux-video-0.31.0.tgz 4313ms (cache miss)
2918 http fetch GET 200 https://registry.npmjs.org/@babel/types/-/types-7.29.0.tgz 4307ms (cache miss)
2919 http fetch GET 200 https://registry.npmjs.org/color-convert/-/color-convert-1.9.3.tgz 4275ms (cache miss)
2920 http fetch GET 200 https://registry.npmjs.org/@sanity/visual-editing-csm/-/visual-editing-csm-2.0.26.tgz 4279ms (cache miss)
2921 http fetch GET 200 https://registry.npmjs.org/resolve/-/resolve-1.22.12.tgz 4287ms (cache miss)
2922 http fetch GET 200 https://registry.npmjs.org/string_decoder/-/string_decoder-1.1.1.tgz 4283ms (cache miss)
2923 http fetch GET 200 https://registry.npmjs.org/ansi-styles/-/ansi-styles-3.2.1.tgz 4285ms (cache miss)
2924 http fetch GET 200 https://registry.npmjs.org/isarray/-/isarray-1.0.0.tgz 4290ms (cache miss)
2925 http fetch GET 200 https://registry.npmjs.org/safe-buffer/-/safe-buffer-5.1.2.tgz 4290ms (cache miss)
2926 http fetch GET 200 https://registry.npmjs.org/@sanity/preview-url-secret/-/preview-url-secret-2.1.16.tgz 4299ms (cache miss)
2927 http fetch GET 200 https://registry.npmjs.org/type-fest/-/type-fest-0.18.1.tgz 4310ms (cache miss)
2928 http fetch GET 200 https://registry.npmjs.org/pify/-/pify-4.0.1.tgz 4311ms (cache miss)
2929 http fetch GET 200 https://registry.npmjs.org/whatwg-mimetype/-/whatwg-mimetype-5.0.0.tgz 4313ms (cache miss)
2930 http fetch GET 200 https://registry.npmjs.org/webidl-conversions/-/webidl-conversions-8.0.1.tgz 4324ms (cache miss)
2931 http fetch GET 200 https://registry.npmjs.org/whatwg-url/-/whatwg-url-16.0.1.tgz 4329ms (cache miss)
2932 http fetch GET 200 https://registry.npmjs.org/html-encoding-sniffer/-/html-encoding-sniffer-6.0.0.tgz 4337ms (cache miss)
2933 http fetch GET 200 https://registry.npmjs.org/tr46/-/tr46-6.0.0.tgz 4338ms (cache miss)
2934 http fetch GET 200 https://registry.npmjs.org/data-urls/-/data-urls-7.0.0.tgz 4338ms (cache miss)
2935 http fetch GET 200 https://registry.npmjs.org/argparse/-/argparse-1.0.10.tgz 4340ms (cache miss)
2936 http fetch GET 200 https://registry.npmjs.org/@babel/helpers/-/helpers-7.29.2.tgz 4372ms (cache miss)
2937 http fetch GET 200 https://registry.npmjs.org/readable-stream/-/readable-stream-2.3.8.tgz 4344ms (cache miss)
2938 http fetch GET 200 https://registry.npmjs.org/@csstools/css-parser-algorithms/-/css-parser-algorithms-4.0.0.tgz 4349ms (cache miss)
2939 http fetch GET 200 https://registry.npmjs.org/@csstools/css-tokenizer/-/css-tokenizer-4.0.0.tgz 4350ms (cache miss)
2940 http fetch GET 200 https://registry.npmjs.org/@csstools/color-helpers/-/color-helpers-6.0.2.tgz 4354ms (cache miss)
2941 http fetch GET 200 https://registry.npmjs.org/lru-cache/-/lru-cache-6.0.0.tgz 4356ms (cache miss)
2942 http fetch GET 200 https://registry.npmjs.org/@csstools/css-calc/-/css-calc-3.2.1.tgz 4359ms (cache miss)
2943 http fetch GET 200 https://registry.npmjs.org/rimraf/-/rimraf-5.0.10.tgz 4369ms (cache miss)
2944 http fetch GET 200 https://registry.npmjs.org/yallist/-/yallist-4.0.0.tgz 4364ms (cache miss)
2945 http fetch GET 200 https://registry.npmjs.org/@csstools/css-color-parser/-/css-color-parser-4.1.1.tgz 4373ms (cache miss)
2946 http fetch GET 200 https://registry.npmjs.org/through2/-/through2-2.0.5.tgz 4371ms (cache miss)
2947 http fetch GET 200 https://registry.npmjs.org/isarray/-/isarray-1.0.0.tgz 4372ms (cache miss)
2948 http fetch GET 200 https://registry.npmjs.org/brace-expansion/-/brace-expansion-2.1.0.tgz 4376ms (cache miss)
2949 http fetch GET 200 https://registry.npmjs.org/string_decoder/-/string_decoder-1.1.1.tgz 4379ms (cache miss)
2950 http fetch GET 200 https://registry.npmjs.org/postcss/-/postcss-8.4.31.tgz 4384ms (cache miss)
2951 http fetch GET 200 https://registry.npmjs.org/safe-buffer/-/safe-buffer-5.1.2.tgz 4380ms (cache miss)
2952 http fetch GET 200 https://registry.npmjs.org/@csstools/css-syntax-patches-for-csstree/-/css-syntax-patches-for-csstree-1.1.4.tgz 4385ms (cache miss)
2953 http fetch GET 200 https://registry.npmjs.org/readable-stream/-/readable-stream-3.6.2.tgz 4395ms (cache miss)
2954 http fetch GET 200 https://registry.npmjs.org/react-is/-/react-is-16.13.1.tgz 4396ms (cache miss)
2955 http fetch GET 200 https://registry.npmjs.org/string_decoder/-/string_decoder-1.1.1.tgz 4401ms (cache miss)
2956 http fetch GET 200 https://registry.npmjs.org/isarray/-/isarray-1.0.0.tgz 4403ms (cache miss)
2957 http fetch GET 200 https://registry.npmjs.org/safe-buffer/-/safe-buffer-5.1.2.tgz 4403ms (cache miss)
2958 http fetch GET 200 https://registry.npmjs.org/string_decoder/-/string_decoder-0.10.31.tgz 4403ms (cache miss)
2959 http fetch GET 200 https://registry.npmjs.org/js-yaml/-/js-yaml-3.14.2.tgz 4409ms (cache miss)
2960 http fetch GET 200 https://registry.npmjs.org/isarray/-/isarray-0.0.1.tgz 4405ms (cache miss)
2961 http fetch GET 200 https://registry.npmjs.org/isarray/-/isarray-1.0.0.tgz 4408ms (cache miss)
2962 http fetch GET 200 https://registry.npmjs.org/ms/-/ms-2.0.0.tgz 4409ms (cache miss)
2963 http fetch GET 200 https://registry.npmjs.org/mime-types/-/mime-types-2.1.35.tgz 4410ms (cache miss)
2964 http fetch GET 200 https://registry.npmjs.org/@mux/mux-player/-/mux-player-3.13.0.tgz 4458ms (cache miss)
2965 http fetch GET 200 https://registry.npmjs.org/debug/-/debug-2.6.9.tgz 4413ms (cache miss)
2966 http fetch GET 200 https://registry.npmjs.org/safe-buffer/-/safe-buffer-5.1.2.tgz 4412ms (cache miss)
2967 http fetch GET 200 https://registry.npmjs.org/readable-stream/-/readable-stream-2.3.8.tgz 4413ms (cache miss)
2968 http fetch GET 200 https://registry.npmjs.org/string_decoder/-/string_decoder-1.1.1.tgz 4418ms (cache miss)
2969 http fetch GET 200 https://registry.npmjs.org/@sanity/preview-url-secret/-/preview-url-secret-2.1.16.tgz 4424ms (cache miss)
2970 http fetch GET 200 https://registry.npmjs.org/p-limit/-/p-limit-2.3.0.tgz 4421ms (cache miss)
2971 http fetch GET 200 https://registry.npmjs.org/p-locate/-/p-locate-4.1.0.tgz 4421ms (cache miss)
2972 http fetch GET 200 https://registry.npmjs.org/pkg-dir/-/pkg-dir-4.2.0.tgz 4421ms (cache miss)
2973 http fetch GET 200 https://registry.npmjs.org/readable-stream/-/readable-stream-1.1.14.tgz 4422ms (cache miss)
2974 http fetch GET 200 https://registry.npmjs.org/path-exists/-/path-exists-3.0.0.tgz 4426ms (cache miss)
2975 http fetch GET 200 https://registry.npmjs.org/readable-stream/-/readable-stream-2.3.8.tgz 4428ms (cache miss)
2976 http fetch GET 200 https://registry.npmjs.org/mime-db/-/mime-db-1.52.0.tgz 4427ms (cache miss)
2977 http fetch GET 200 https://registry.npmjs.org/locate-path/-/locate-path-5.0.0.tgz 4427ms (cache miss)
2978 http fetch GET 200 https://registry.npmjs.org/locate-path/-/locate-path-3.0.0.tgz 4426ms (cache miss)
2979 http fetch GET 200 https://registry.npmjs.org/uuid/-/uuid-11.1.1.tgz 4441ms (cache miss)
2980 http fetch GET 200 https://registry.npmjs.org/p-limit/-/p-limit-2.3.0.tgz 4430ms (cache miss)
2981 http fetch GET 200 https://registry.npmjs.org/p-locate/-/p-locate-3.0.0.tgz 4436ms (cache miss)
2982 http fetch GET 200 https://registry.npmjs.org/parse5/-/parse5-8.0.1.tgz 4442ms (cache miss)
2983 http fetch GET 200 https://registry.npmjs.org/entities/-/entities-6.0.1.tgz 4446ms (cache miss)
2984 http fetch GET 200 https://registry.npmjs.org/pkg-dir/-/pkg-dir-3.0.0.tgz 4443ms (cache miss)
2985 http fetch GET 200 https://registry.npmjs.org/find-up/-/find-up-3.0.0.tgz 4443ms (cache miss)
2986 http fetch GET 200 https://registry.npmjs.org/glob-parent/-/glob-parent-5.1.2.tgz 4443ms (cache miss)
2987 http fetch GET 200 https://registry.npmjs.org/find-up/-/find-up-4.1.0.tgz 4447ms (cache miss)
2988 http fetch GET 200 https://registry.npmjs.org/readable-stream/-/readable-stream-2.3.8.tgz 4450ms (cache miss)
2989 http fetch GET 200 https://registry.npmjs.org/mdn-data/-/mdn-data-2.27.1.tgz 4454ms (cache miss)
2990 http fetch GET 200 https://registry.npmjs.org/signal-exit/-/signal-exit-3.0.7.tgz 4465ms (cache miss)
2991 http fetch GET 200 https://registry.npmjs.org/minimatch/-/minimatch-5.1.9.tgz 4465ms (cache miss)
2992 http fetch GET 200 https://registry.npmjs.org/brace-expansion/-/brace-expansion-2.1.0.tgz 4466ms (cache miss)
2993 http fetch GET 200 https://registry.npmjs.org/get-stream/-/get-stream-5.2.0.tgz 4466ms (cache miss)
2994 http fetch GET 200 https://registry.npmjs.org/@asamuzakjp/dom-selector/-/dom-selector-6.8.1.tgz 4473ms (cache miss)
2995 http fetch GET 200 https://registry.npmjs.org/debug/-/debug-3.2.7.tgz 4469ms (cache miss)
2996 http fetch GET 200 https://registry.npmjs.org/tough-cookie/-/tough-cookie-6.0.1.tgz 4477ms (cache miss)
2997 http fetch GET 200 https://registry.npmjs.org/semver/-/semver-6.3.1.tgz 4473ms (cache miss)
2998 http fetch GET 200 https://registry.npmjs.org/doctrine/-/doctrine-2.1.0.tgz 4474ms (cache miss)
2999 http fetch GET 200 https://registry.npmjs.org/readable-stream/-/readable-stream-3.6.2.tgz 4477ms (cache miss)
3000 http fetch GET 200 https://registry.npmjs.org/debug/-/debug-3.2.7.tgz 4475ms (cache miss)
3001 http fetch GET 200 https://registry.npmjs.org/debug/-/debug-3.2.7.tgz 4476ms (cache miss)
3002 http fetch GET 200 https://registry.npmjs.org/semver/-/semver-6.3.1.tgz 4477ms (cache miss)
3003 http fetch GET 200 https://registry.npmjs.org/file-type/-/file-type-3.9.0.tgz 4479ms (cache miss)
3004 http fetch GET 200 https://registry.npmjs.org/string_decoder/-/string_decoder-1.1.1.tgz 4482ms (cache miss)
3005 http fetch GET 200 https://registry.npmjs.org/is-stream/-/is-stream-1.1.0.tgz 4482ms (cache miss)
3006 http fetch GET 200 https://registry.npmjs.org/entities/-/entities-8.0.0.tgz 4489ms (cache miss)
3007 http fetch GET 200 https://registry.npmjs.org/safe-buffer/-/safe-buffer-5.1.2.tgz 4483ms (cache miss)
3008 http fetch GET 200 https://registry.npmjs.org/is-stream/-/is-stream-1.1.0.tgz 4486ms (cache miss)
3009 http fetch GET 200 https://registry.npmjs.org/resolve/-/resolve-1.22.12.tgz 4502ms (cache miss)
3010 http fetch GET 200 https://registry.npmjs.org/@portabletext/editor/-/editor-1.58.1.tgz 4548ms (cache miss)
3011 http fetch GET 200 https://registry.npmjs.org/readable-stream/-/readable-stream-3.6.2.tgz 4504ms (cache miss)
3012 http fetch GET 200 https://registry.npmjs.org/readable-stream/-/readable-stream-2.3.8.tgz 4512ms (cache miss)
3013 http fetch GET 200 https://registry.npmjs.org/resolve/-/resolve-1.22.12.tgz 4529ms (cache miss)
3014 http fetch GET 200 https://registry.npmjs.org/minimatch/-/minimatch-9.0.9.tgz 4525ms (cache miss)
3015 http fetch GET 200 https://registry.npmjs.org/@sanity/mutate/-/mutate-0.11.0-canary.4.tgz 4541ms (cache miss)
3016 http fetch GET 200 https://registry.npmjs.org/@asamuzakjp/css-color/-/css-color-5.1.11.tgz 4544ms (cache miss)
3017 http fetch GET 200 https://registry.npmjs.org/cssstyle/-/cssstyle-6.2.0.tgz 4564ms (cache miss)
3018 http fetch GET 200 https://registry.npmjs.org/isarray/-/isarray-1.0.0.tgz 4558ms (cache miss)
3019 http fetch GET 200 https://registry.npmjs.org/file-type/-/file-type-6.2.0.tgz 4558ms (cache miss)
3020 http fetch GET 200 https://registry.npmjs.org/make-dir/-/make-dir-1.3.0.tgz 4558ms (cache miss)
3021 http fetch GET 200 https://registry.npmjs.org/tar-stream/-/tar-stream-1.6.2.tgz 4558ms (cache miss)
3022 http fetch GET 200 https://registry.npmjs.org/bl/-/bl-1.2.3.tgz 4559ms (cache miss)
3023 http fetch GET 200 https://registry.npmjs.org/pify/-/pify-3.0.0.tgz 4559ms (cache miss)
3024 http fetch GET 200 https://registry.npmjs.org/map-obj/-/map-obj-1.0.1.tgz 4558ms (cache miss)
3025 http fetch GET 200 https://registry.npmjs.org/character-entities/-/character-entities-2.0.2.tgz 4558ms (cache miss)
3026 http fetch GET 200 https://registry.npmjs.org/doctrine/-/doctrine-2.1.0.tgz 4563ms (cache miss)
3027 http fetch GET 200 https://registry.npmjs.org/is-stream/-/is-stream-1.1.0.tgz 4579ms (cache miss)
3028 http fetch GET 200 https://registry.npmjs.org/semver/-/semver-6.3.1.tgz 4582ms (cache miss)
3029 http fetch GET 200 https://registry.npmjs.org/quick-lru/-/quick-lru-4.0.1.tgz 4583ms (cache miss)
3030 http fetch GET 200 https://registry.npmjs.org/wrap-ansi/-/wrap-ansi-7.0.0.tgz 4595ms (cache miss)
3031 http fetch GET 200 https://registry.npmjs.org/glob-parent/-/glob-parent-5.1.2.tgz 4602ms (cache miss)
3032 http fetch GET 200 https://registry.npmjs.org/emoji-regex/-/emoji-regex-8.0.0.tgz 4602ms (cache miss)
3033 http fetch GET 200 https://registry.npmjs.org/semver/-/semver-6.3.1.tgz 4608ms (cache miss)
3034 http fetch GET 200 https://registry.npmjs.org/string-width/-/string-width-4.2.3.tgz 4608ms (cache miss)
3035 http fetch GET 200 https://registry.npmjs.org/xdg-basedir/-/xdg-basedir-4.0.0.tgz 4609ms (cache miss)
3036 http fetch GET 200 https://registry.npmjs.org/make-dir/-/make-dir-3.1.0.tgz 4613ms (cache miss)
3037 http fetch GET 200 https://registry.npmjs.org/hls.js/-/hls.js-1.6.16.tgz 4703ms (cache miss)
3038 http fetch GET 200 https://registry.npmjs.org/eslint-visitor-keys/-/eslint-visitor-keys-5.0.1.tgz 4618ms (cache miss)
3039 http fetch GET 200 https://registry.npmjs.org/react-compiler-runtime/-/react-compiler-runtime-19.1.0-rc.2.tgz 4618ms (cache miss)
3040 http fetch GET 200 https://registry.npmjs.org/balanced-match/-/balanced-match-4.0.4.tgz 4618ms (cache miss)
3041 http fetch GET 200 https://registry.npmjs.org/ignore/-/ignore-7.0.5.tgz 4619ms (cache miss)
3042 http fetch GET 200 https://registry.npmjs.org/brace-expansion/-/brace-expansion-5.0.6.tgz 4629ms (cache miss)
3043 http fetch GET 200 https://registry.npmjs.org/readable-stream/-/readable-stream-3.6.2.tgz 4630ms (cache miss)
3044 http fetch GET 200 https://registry.npmjs.org/yocto-queue/-/yocto-queue-1.2.2.tgz 4631ms (cache miss)
3045 http fetch GET 200 https://registry.npmjs.org/rrweb-cssom/-/rrweb-cssom-0.8.0.tgz 4635ms (cache miss)
3046 http fetch GET 200 https://registry.npmjs.org/@esbuild/darwin-arm64/-/darwin-arm64-0.25.6.tgz 4693ms (cache miss)
3047 http fetch GET 200 https://registry.npmjs.org/path-exists/-/path-exists-5.0.0.tgz 4649ms (cache miss)
3048 http fetch GET 200 https://registry.npmjs.org/@hookform/resolvers/-/resolvers-3.10.0.tgz 4700ms (cache miss)
3049 http fetch GET 200 https://registry.npmjs.org/restore-cursor/-/restore-cursor-5.1.0.tgz 4653ms (cache miss)
3050 http fetch GET 200 https://registry.npmjs.org/strip-ansi/-/strip-ansi-7.2.0.tgz 4654ms (cache miss)
3051 http fetch GET 200 https://registry.npmjs.org/onetime/-/onetime-7.0.0.tgz 4654ms (cache miss)
3052 http fetch GET 200 https://registry.npmjs.org/p-locate/-/p-locate-6.0.0.tgz 4654ms (cache miss)
3053 http fetch GET 200 https://registry.npmjs.org/string-width/-/string-width-7.2.0.tgz 4654ms (cache miss)
3054 http fetch GET 200 https://registry.npmjs.org/ora/-/ora-8.2.0.tgz 4655ms (cache miss)
3055 http fetch GET 200 https://registry.npmjs.org/locate-path/-/locate-path-7.2.0.tgz 4655ms (cache miss)
3056 http fetch GET 200 https://registry.npmjs.org/type-fest/-/type-fest-0.21.3.tgz 4669ms (cache miss)
3057 http fetch GET 200 https://registry.npmjs.org/@rexxars/react-split-pane/-/react-split-pane-1.0.0.tgz 4676ms (cache miss)
3058 http fetch GET 200 https://registry.npmjs.org/readable-stream/-/readable-stream-3.6.2.tgz 4683ms (cache miss)
3059 http fetch GET 200 https://registry.npmjs.org/is-unicode-supported/-/is-unicode-supported-2.1.0.tgz 4681ms (cache miss)
3060 http fetch GET 200 https://registry.npmjs.org/find-up/-/find-up-7.0.0.tgz 4682ms (cache miss)
3061 http fetch GET 200 https://registry.npmjs.org/ansi-regex/-/ansi-regex-6.2.2.tgz 4684ms (cache miss)
3062 http fetch GET 200 https://registry.npmjs.org/p-limit/-/p-limit-4.0.0.tgz 4684ms (cache miss)
3063 http fetch GET 200 https://registry.npmjs.org/is-interactive/-/is-interactive-2.0.0.tgz 4685ms (cache miss)
3064 http fetch GET 200 https://registry.npmjs.org/log-symbols/-/log-symbols-6.0.0.tgz 4685ms (cache miss)
3065 http fetch GET 200 https://registry.npmjs.org/emoji-regex/-/emoji-regex-10.6.0.tgz 4686ms (cache miss)
3066 http fetch GET 200 https://registry.npmjs.org/cli-cursor/-/cli-cursor-5.0.0.tgz 4689ms (cache miss)
3067 http fetch GET 200 https://registry.npmjs.org/is-unicode-supported/-/is-unicode-supported-1.3.0.tgz 4692ms (cache miss)
3068 http fetch GET 200 https://registry.npmjs.org/yaml/-/yaml-1.10.3.tgz 4698ms (cache miss)
3069 http fetch GET 200 https://registry.npmjs.org/chalk/-/chalk-5.6.2.tgz 4696ms (cache miss)
3070 http fetch GET 200 https://registry.npmjs.org/@sanity/visual-editing-types/-/visual-editing-types-1.1.8.tgz 4697ms (cache miss)
3071 http fetch GET 200 https://registry.npmjs.org/eventsource/-/eventsource-4.1.0.tgz 4698ms (cache miss)
3072 http fetch GET 200 https://registry.npmjs.org/nanoid/-/nanoid-5.1.11.tgz 4700ms (cache miss)
3073 http fetch GET 200 https://registry.npmjs.org/nanoid/-/nanoid-3.3.12.tgz 4702ms (cache miss)
3074 http fetch GET 200 https://registry.npmjs.org/react-compiler-runtime/-/react-compiler-runtime-19.1.0-rc.2.tgz 4707ms (cache miss)
3075 http fetch GET 200 https://registry.npmjs.org/p-map/-/p-map-1.2.0.tgz 4708ms (cache miss)
3076 http fetch GET 200 https://registry.npmjs.org/minimatch/-/minimatch-10.2.5.tgz 4719ms (cache miss)
3077 http fetch GET 200 https://registry.npmjs.org/@sanity/client/-/client-6.29.1.tgz 4752ms (cache miss)
3078 http fetch GET 200 https://registry.npmjs.org/lru-cache/-/lru-cache-11.4.0.tgz 4764ms (cache miss)
3079 http fetch GET 200 https://registry.npmjs.org/balanced-match/-/balanced-match-4.0.4.tgz 4776ms (cache miss)
3080 http fetch GET 200 https://registry.npmjs.org/balanced-match/-/balanced-match-4.0.4.tgz 4788ms (cache miss)
3081 http fetch GET 200 https://registry.npmjs.org/brace-expansion/-/brace-expansion-5.0.6.tgz 4791ms (cache miss)
3082 http fetch GET 200 https://registry.npmjs.org/path-scurry/-/path-scurry-2.0.2.tgz 4815ms (cache miss)
3083 http fetch GET 200 https://registry.npmjs.org/brace-expansion/-/brace-expansion-5.0.6.tgz 4821ms (cache miss)
3084 http fetch GET 200 https://registry.npmjs.org/use-effect-event/-/use-effect-event-1.0.2.tgz 4825ms (cache miss)
3085 http fetch GET 200 https://registry.npmjs.org/react-compiler-runtime/-/react-compiler-runtime-19.1.0-rc.2.tgz 4832ms (cache miss)
3086 http fetch GET 200 https://registry.npmjs.org/@sanity/client/-/client-7.22.0.tgz 4859ms (cache miss)
3087 http fetch GET 200 https://registry.npmjs.org/wrap-ansi/-/wrap-ansi-7.0.0.tgz 4842ms (cache miss)
3088 http fetch GET 200 https://registry.npmjs.org/emoji-regex/-/emoji-regex-8.0.0.tgz 4842ms (cache miss)
3089 http fetch GET 200 https://registry.npmjs.org/balanced-match/-/balanced-match-4.0.4.tgz 4846ms (cache miss)
3090 http fetch GET 200 https://registry.npmjs.org/supports-color/-/supports-color-8.1.1.tgz 4846ms (cache miss)
3091 http fetch GET 200 https://registry.npmjs.org/brace-expansion/-/brace-expansion-5.0.6.tgz 4848ms (cache miss)
3092 http fetch GET 200 https://registry.npmjs.org/strip-ansi/-/strip-ansi-7.2.0.tgz 4855ms (cache miss)
3093 http fetch GET 200 https://registry.npmjs.org/string-width/-/string-width-4.2.3.tgz 4855ms (cache miss)
3094 http fetch GET 200 https://registry.npmjs.org/minimatch/-/minimatch-10.2.5.tgz 4861ms (cache miss)
3095 http fetch GET 200 https://registry.npmjs.org/ansi-regex/-/ansi-regex-6.2.2.tgz 4858ms (cache miss)
3096 http fetch GET 200 https://registry.npmjs.org/@sanity/visual-editing/-/visual-editing-2.15.4.tgz 4879ms (cache miss)
3097 http fetch GET 200 https://registry.npmjs.org/emoji-regex/-/emoji-regex-8.0.0.tgz 4867ms (cache miss)
3098 http fetch GET 200 https://registry.npmjs.org/resolve/-/resolve-1.22.12.tgz 4886ms (cache miss)
3099 http fetch GET 200 https://registry.npmjs.org/wrap-ansi/-/wrap-ansi-6.2.0.tgz 4903ms (cache miss)
3100 http fetch GET 200 https://registry.npmjs.org/convert-source-map/-/convert-source-map-1.9.0.tgz 4903ms (cache miss)
3101 http fetch GET 200 https://registry.npmjs.org/@sanity/client/-/client-7.22.0.tgz 4925ms (cache miss)
3102 http fetch GET 200 https://registry.npmjs.org/semver/-/semver-6.3.1.tgz 4905ms (cache miss)
3103 http fetch GET 200 https://registry.npmjs.org/string-width/-/string-width-4.2.3.tgz 4905ms (cache miss)
3104 http fetch GET 200 https://registry.npmjs.org/semver/-/semver-6.3.1.tgz 4912ms (cache miss)
3105 http fetch GET 200 https://registry.npmjs.org/path-scurry/-/path-scurry-2.0.2.tgz 4922ms (cache miss)
3106 http fetch GET 200 https://registry.npmjs.org/semver/-/semver-6.3.1.tgz 4928ms (cache miss)
3107 http fetch GET 200 https://registry.npmjs.org/semver/-/semver-6.3.1.tgz 4929ms (cache miss)
3108 http fetch GET 200 https://registry.npmjs.org/semver/-/semver-6.3.1.tgz 4929ms (cache miss)
3109 http fetch GET 200 https://registry.npmjs.org/brace-expansion/-/brace-expansion-2.1.0.tgz 4930ms (cache miss)
3110 http fetch GET 200 https://registry.npmjs.org/yallist/-/yallist-3.1.1.tgz 4931ms (cache miss)
3111 http fetch GET 200 https://registry.npmjs.org/lru-cache/-/lru-cache-5.1.1.tgz 4930ms (cache miss)
3112 http fetch GET 200 https://registry.npmjs.org/stylis/-/stylis-4.2.0.tgz 4936ms (cache miss)
3113 http fetch GET 200 https://registry.npmjs.org/stylis/-/stylis-4.2.0.tgz 4941ms (cache miss)
3114 http fetch GET 200 https://registry.npmjs.org/brace-expansion/-/brace-expansion-2.1.0.tgz 4946ms (cache miss)
3115 http fetch GET 200 https://registry.npmjs.org/prismjs 4365ms (cache miss)
3116 silly packumentCache corgi:https://registry.npmjs.org/prismjs set size:undefined disposed:false
3117 http fetch GET 200 https://registry.npmjs.org/minimatch/-/minimatch-10.2.5.tgz 4964ms (cache miss)
3118 http fetch GET 200 https://registry.npmjs.org/undici/-/undici-7.25.0.tgz 4990ms (cache miss)
3119 http fetch GET 200 https://registry.npmjs.org/glob 4390ms (cache miss)
3120 silly packumentCache corgi:https://registry.npmjs.org/glob set size:undefined disposed:false
3121 http fetch GET 200 https://registry.npmjs.org/@actions/http-client/-/http-client-3.0.2.tgz 4978ms (cache miss)
3122 http fetch GET 200 https://registry.npmjs.org/@uiw/react-codemirror/-/react-codemirror-4.25.9.tgz 4997ms (cache miss)
3123 http fetch GET 200 https://registry.npmjs.org/@sanity/cli/-/cli-3.99.0.tgz 5052ms (cache miss)
3124 http fetch GET 200 https://registry.npmjs.org/jackspeak/-/jackspeak-3.4.3.tgz 4994ms (cache miss)
3125 http fetch GET 200 https://registry.npmjs.org/postcss 4417ms (cache miss)
3126 silly packumentCache corgi:https://registry.npmjs.org/postcss set size:undefined disposed:false
3127 http fetch GET 200 https://registry.npmjs.org/tsconfig-paths/-/tsconfig-paths-4.2.0.tgz 5011ms (cache miss)
3128 http fetch GET 200 https://registry.npmjs.org/jackspeak/-/jackspeak-3.4.3.tgz 5009ms (cache miss)
3129 http fetch GET 200 https://registry.npmjs.org/source-map/-/source-map-0.5.7.tgz 5026ms (cache miss)
3130 http fetch GET 200 https://registry.npmjs.org/minimatch/-/minimatch-10.2.5.tgz 5029ms (cache miss)
3131 http fetch GET 200 https://registry.npmjs.org/mdn-data/-/mdn-data-2.27.1.tgz 5031ms (cache miss)
3132 http fetch GET 200 https://registry.npmjs.org/immer/-/immer-11.1.8.tgz 5049ms (cache miss)
3133 http fetch GET 200 https://registry.npmjs.org/rimraf/-/rimraf-6.1.3.tgz 5068ms (cache miss)
3134 http fetch GET 200 https://registry.npmjs.org/refractor/-/refractor-5.0.0.tgz 5089ms (cache miss)
3135 http fetch GET 200 https://registry.npmjs.org/@sanity/util/-/util-3.68.3.tgz 5070ms (cache miss)
3136 http fetch GET 200 https://registry.npmjs.org/css-tree/-/css-tree-3.2.1.tgz 5083ms (cache miss)
3137 http fetch GET 200 https://registry.npmjs.org/@sanity/client/-/client-7.22.0.tgz 5089ms (cache miss)
3138 http fetch GET 200 https://registry.npmjs.org/glob/-/glob-13.0.6.tgz 5076ms (cache miss)
3139 http fetch GET 200 https://registry.npmjs.org/rimraf/-/rimraf-6.1.3.tgz 5078ms (cache miss)
3140 http fetch GET 200 https://registry.npmjs.org/esquery/-/esquery-1.6.0.tgz 5077ms (cache miss)
3141 http fetch GET 200 https://registry.npmjs.org/minimatch/-/minimatch-9.0.9.tgz 5084ms (cache miss)
3142 http fetch GET 200 https://registry.npmjs.org/minimatch/-/minimatch-9.0.9.tgz 5086ms (cache miss)
3143 http fetch GET 200 https://registry.npmjs.org/@sanity/types/-/types-3.68.3.tgz 5109ms (cache miss)
3144 http fetch GET 200 https://registry.npmjs.org/glob/-/glob-10.3.16.tgz 5108ms (cache miss)
3145 warn deprecated glob@10.3.16: Old versions of glob are not supported, and contain widely publicized security vulnerabilities, which have been fixed in the current version. Please update. Support for old versions may be purchased (at exorbitant rates) by contacting i@izs.me
3146 http fetch GET 200 https://registry.npmjs.org/glob/-/glob-10.4.5.tgz 5106ms (cache miss)
3147 warn deprecated glob@10.4.5: Old versions of glob are not supported, and contain widely publicized security vulnerabilities, which have been fixed in the current version. Please update. Support for old versions may be purchased (at exorbitant rates) by contacting i@izs.me
3148 http fetch GET 200 https://registry.npmjs.org/glob/-/glob-13.0.6.tgz 5126ms (cache miss)
3149 http fetch GET 200 https://registry.npmjs.org/uuid/-/uuid-11.1.1.tgz 5146ms (cache miss)
3150 http fetch GET 200 https://registry.npmjs.org/lru-cache/-/lru-cache-11.4.0.tgz 5170ms (cache miss)
3151 http fetch GET 200 https://registry.npmjs.org/@sanity/ui/-/ui-2.16.22.tgz 5237ms (cache miss)
3152 http fetch GET 200 https://registry.npmjs.org/resolve/-/resolve-1.22.12.tgz 5204ms (cache miss)
3153 http fetch GET 200 https://registry.npmjs.org/lru-cache/-/lru-cache-11.4.0.tgz 5218ms (cache miss)
3154 http fetch GET 200 https://registry.npmjs.org/slate-react/-/slate-react-0.117.3.tgz 5222ms (cache miss)
3155 http fetch GET 200 https://registry.npmjs.org/media-chrome/-/media-chrome-4.11.1.tgz 5284ms (cache miss)
3156 http fetch GET 200 https://registry.npmjs.org/@sanity/client/-/client-7.22.0.tgz 5284ms (cache miss)
3157 http fetch GET 200 https://registry.npmjs.org/@sanity/client/-/client-7.22.0.tgz 5307ms (cache miss)
3158 http fetch GET 200 https://registry.npmjs.org/@sanity/client/-/client-7.22.0.tgz 5322ms (cache miss)
3159 http fetch GET 200 https://registry.npmjs.org/@sanity/client/-/client-7.22.0.tgz 5329ms (cache miss)
3160 http fetch GET 200 https://registry.npmjs.org/@sanity/client/-/client-7.22.0.tgz 5330ms (cache miss)
3161 http fetch GET 200 https://registry.npmjs.org/@sanity/client/-/client-7.22.0.tgz 5330ms (cache miss)
3162 http fetch GET 200 https://registry.npmjs.org/@sanity/client/-/client-7.22.0.tgz 5335ms (cache miss)
3163 http fetch GET 200 https://registry.npmjs.org/@sentry/core/-/core-8.55.2.tgz 5423ms (cache miss)
3164 http fetch GET 200 https://registry.npmjs.org/css-tree/-/css-tree-3.2.1.tgz 5366ms (cache miss)
3165 http fetch GET 200 https://registry.npmjs.org/@sanity/client/-/client-7.22.0.tgz 5373ms (cache miss)
3166 http fetch GET 200 https://registry.npmjs.org/jsdom/-/jsdom-28.1.0.tgz 5417ms (cache miss)
3167 http fetch GET 200 https://registry.npmjs.org/player.style/-/player.style-0.3.4.tgz 5406ms (cache miss)
3168 http fetch GET 200 https://registry.npmjs.org/@sanity/client/-/client-7.22.0.tgz 5578ms (cache miss)
3169 http fetch GET 200 https://registry.npmjs.org/es-abstract/-/es-abstract-1.24.2.tgz 5677ms (cache miss)
3170 http fetch GET 200 https://registry.npmjs.org/@sanity/ui/-/ui-3.2.0.tgz 5660ms (cache miss)
3171 http fetch GET 200 https://registry.npmjs.org/next 5244ms (cache miss)
3172 silly packumentCache corgi:https://registry.npmjs.org/next set size:undefined disposed:false
3173 silly packumentCache corgi:https://registry.npmjs.org/@architect%2fhydrate cache-miss
3174 silly packumentCache corgi:https://registry.npmjs.org/@architect%2futils cache-miss
3175 silly packumentCache corgi:https://registry.npmjs.org/@next%2feslint-plugin-next cache-miss
3176 silly packumentCache corgi:https://registry.npmjs.org/archiver-utils cache-miss
3177 silly packumentCache corgi:https://registry.npmjs.org/rimraf cache-miss
3178 http fetch GET 200 https://registry.npmjs.org/rimraf 33ms (cache miss)
3179 silly packumentCache corgi:https://registry.npmjs.org/rimraf set size:undefined disposed:false
3180 http fetch GET 200 https://registry.npmjs.org/archiver-utils 41ms (cache miss)
3181 silly packumentCache corgi:https://registry.npmjs.org/archiver-utils set size:undefined disposed:false
3182 http fetch GET 200 https://registry.npmjs.org/@architect%2futils 90ms (cache miss)
3183 silly packumentCache corgi:https://registry.npmjs.org/@architect%2futils set size:undefined disposed:false
3184 http fetch GET 200 https://registry.npmjs.org/@architect%2fhydrate 128ms (cache miss)
3185 silly packumentCache corgi:https://registry.npmjs.org/@architect%2fhydrate set size:undefined disposed:false
3186 http fetch GET 200 https://registry.npmjs.org/@next%2feslint-plugin-next 226ms (cache miss)
3187 silly packumentCache corgi:https://registry.npmjs.org/@next%2feslint-plugin-next set size:undefined disposed:false
3188 silly packumentCache corgi:https://registry.npmjs.org/@sanity%2fnext-loader cache-miss
3189 silly packumentCache corgi:https://registry.npmjs.org/next-sanity cache-miss
3190 silly packumentCache corgi:https://registry.npmjs.org/@sanity%2fvisual-editing cache-miss
3191 http fetch GET 200 https://registry.npmjs.org/lucide-react/-/lucide-react-0.460.0.tgz 7247ms (cache miss)
3192 http fetch GET 200 https://registry.npmjs.org/@sanity%2fnext-loader 123ms (cache miss)
3193 silly packumentCache corgi:https://registry.npmjs.org/@sanity%2fnext-loader set size:undefined disposed:false
3194 http fetch GET 200 https://registry.npmjs.org/@sanity%2fvisual-editing 163ms (cache miss)
3195 silly packumentCache corgi:https://registry.npmjs.org/@sanity%2fvisual-editing set size:undefined disposed:false
3196 http fetch GET 200 https://registry.npmjs.org/next-sanity 249ms (cache miss)
3197 silly packumentCache corgi:https://registry.npmjs.org/next-sanity set size:undefined disposed:false
3198 silly packumentCache corgi:https://registry.npmjs.org/refractor cache-miss
3199 http fetch GET 200 https://registry.npmjs.org/refractor 30ms (cache miss)
3200 silly packumentCache corgi:https://registry.npmjs.org/refractor set size:undefined disposed:false
3201 silly packumentCache corgi:https://registry.npmjs.org/@architect%2finventory cache-miss
3202 http fetch GET 200 https://registry.npmjs.org/@architect%2finventory 64ms (cache miss)
3203 silly packumentCache corgi:https://registry.npmjs.org/@architect%2finventory set size:undefined disposed:false
3204 silly packumentCache corgi:https://registry.npmjs.org/@sanity%2fruntime-cli cache-miss
3205 http fetch GET 200 https://registry.npmjs.org/@sanity%2fruntime-cli 288ms (cache miss)
3206 silly packumentCache corgi:https://registry.npmjs.org/@sanity%2fruntime-cli set size:undefined disposed:false
3207 silly packumentCache corgi:https://registry.npmjs.org/eslint-config-next cache-miss
3208 http fetch GET 200 https://registry.npmjs.org/eslint-config-next 517ms (cache miss)
3209 silly packumentCache corgi:https://registry.npmjs.org/eslint-config-next set size:undefined disposed:false
3210 silly packumentCache corgi:https://registry.npmjs.org/react-refractor cache-miss
3211 silly packumentCache corgi:https://registry.npmjs.org/sanity cache-miss
3212 http fetch GET 200 https://registry.npmjs.org/react-refractor 110ms (cache miss)
3213 silly packumentCache corgi:https://registry.npmjs.org/react-refractor set size:undefined disposed:false
3214 http fetch GET 200 https://registry.npmjs.org/@next/swc-darwin-arm64/-/swc-darwin-arm64-14.2.29.tgz 12046ms (cache miss)
3215 http fetch GET 200 https://registry.npmjs.org/sanity 792ms (cache miss)
3216 silly packumentCache corgi:https://registry.npmjs.org/sanity set size:undefined disposed:false
3217 silly packumentCache corgi:https://registry.npmjs.org/@sanity%2fcli cache-miss
3218 http fetch GET 200 https://registry.npmjs.org/@sanity%2fcli 839ms (cache miss)
3219 silly packumentCache corgi:https://registry.npmjs.org/@sanity%2fcli set size:undefined disposed:false
3220 silly packumentCache corgi:https://registry.npmjs.org/@sanity%2fui cache-miss
3221 http fetch GET 200 https://registry.npmjs.org/@sanity%2fui 260ms (cache miss)
3222 silly packumentCache corgi:https://registry.npmjs.org/@sanity%2fui set size:undefined disposed:false
3223 silly packumentCache corgi:https://registry.npmjs.org/@sanity%2fpreview-url-secret cache-miss
3224 silly packumentCache corgi:https://registry.npmjs.org/sanity-plugin-media cache-miss
3225 http fetch GET 200 https://registry.npmjs.org/sanity-plugin-media 562ms (cache miss)
3226 silly packumentCache corgi:https://registry.npmjs.org/sanity-plugin-media set size:undefined disposed:false
3227 http fetch GET 200 https://registry.npmjs.org/date-fns/-/date-fns-4.2.1.tgz 14713ms (cache miss)
3228 http fetch GET 200 https://registry.npmjs.org/@sanity%2fpreview-url-secret 778ms (cache miss)
3229 silly packumentCache corgi:https://registry.npmjs.org/@sanity%2fpreview-url-secret set size:undefined disposed:false
3230 silly packumentCache corgi:https://registry.npmjs.org/@sanity%2finsert-menu cache-miss
3231 silly packumentCache corgi:https://registry.npmjs.org/@sanity%2fvision cache-miss
3232 http fetch GET 200 https://registry.npmjs.org/date-fns/-/date-fns-4.2.1.tgz 23348ms (cache miss)
3233 http fetch GET 200 https://registry.npmjs.org/date-fns/-/date-fns-2.30.0.tgz 23482ms (cache miss)
3234 http fetch GET 200 https://registry.npmjs.org/@sanity%2finsert-menu 400ms (cache miss)
3235 silly packumentCache corgi:https://registry.npmjs.org/@sanity%2finsert-menu set size:undefined disposed:false
3236 http fetch GET 200 https://registry.npmjs.org/@sanity%2fvision 446ms (cache miss)
3237 silly packumentCache corgi:https://registry.npmjs.org/@sanity%2fvision set size:undefined disposed:false
3238 http fetch GET 200 https://registry.npmjs.org/next/-/next-14.2.29.tgz 24018ms (cache miss)
3239 warn deprecated next@14.2.29: This version has a security vulnerability. Please upgrade to a patched version. See https://nextjs.org/blog/security-update-2025-12-11 for more details.
3240 info run esbuild@0.25.6 postinstall node_modules/esbuild node install.js
3241 info run unrs-resolver@1.12.2 postinstall node_modules/unrs-resolver node postinstall.js
3242 info run unrs-resolver@1.12.2 postinstall { code: 0, signal: null }
3243 info run esbuild@0.25.6 postinstall { code: 0, signal: null }
3244 silly ADD node_modules/zustand
3245 silly ADD node_modules/zod
3246 silly ADD node_modules/zip-stream
3247 silly ADD node_modules/yoctocolors-cjs
3248 silly ADD node_modules/yocto-queue
3249 silly ADD node_modules/yauzl
3250 silly ADD node_modules/yauzl/node_modules/buffer-crc32
3251 silly ADD node_modules/yargs-parser
3252 silly ADD node_modules/yargs
3253 silly ADD node_modules/yargs/node_modules/yargs-parser
3254 silly ADD node_modules/yargs/node_modules/string-width
3255 silly ADD node_modules/yargs/node_modules/emoji-regex
3256 silly ADD node_modules/yaml
3257 silly ADD node_modules/yallist
3258 silly ADD node_modules/y18n
3259 silly ADD node_modules/xtend
3260 silly ADD node_modules/xstate
3261 silly ADD node_modules/xregexp
3262 silly ADD node_modules/xmlchars
3263 silly ADD node_modules/xml-name-validator
3264 silly ADD node_modules/xdg-basedir
3265 silly ADD node_modules/ws
3266 silly ADD node_modules/write-file-atomic
3267 silly ADD node_modules/write-file-atomic/node_modules/signal-exit
3268 silly ADD node_modules/wrappy
3269 silly ADD node_modules/wrap-ansi-cjs
3270 silly ADD node_modules/wrap-ansi-cjs/node_modules/string-width
3271 silly ADD node_modules/wrap-ansi-cjs/node_modules/emoji-regex
3272 silly ADD node_modules/wrap-ansi
3273 silly ADD node_modules/wrap-ansi/node_modules/strip-ansi
3274 silly ADD node_modules/wrap-ansi/node_modules/ansi-styles
3275 silly ADD node_modules/wrap-ansi/node_modules/ansi-regex
3276 silly ADD node_modules/wordwrap
3277 silly ADD node_modules/word-wrap
3278 silly ADD node_modules/widest-line
3279 silly ADD node_modules/widest-line/node_modules/string-width
3280 silly ADD node_modules/widest-line/node_modules/emoji-regex
3281 silly ADD node_modules/which-typed-array
3282 silly ADD node_modules/which-pm
3283 silly ADD node_modules/which-collection
3284 silly ADD node_modules/which-builtin-type
3285 silly ADD node_modules/which-boxed-primitive
3286 silly ADD node_modules/which
3287 silly ADD node_modules/whatwg-url
3288 silly ADD node_modules/whatwg-mimetype
3289 silly ADD node_modules/whatwg-encoding
3290 silly ADD node_modules/whatwg-encoding/node_modules/iconv-lite
3291 silly ADD node_modules/webidl-conversions
3292 silly ADD node_modules/wcwidth
3293 silly ADD node_modules/w3c-xmlserializer
3294 silly ADD node_modules/w3c-keyname
3295 silly ADD node_modules/void-elements
3296 silly ADD node_modules/vite-tsconfig-paths
3297 silly ADD node_modules/vite
3298 silly ADD node_modules/vite/node_modules/picomatch
3299 silly ADD node_modules/vite/node_modules/fdir
3300 silly ADD node_modules/validate-npm-package-name
3301 silly ADD node_modules/validate-npm-package-license
3302 silly ADD node_modules/valibot
3303 silly ADD node_modules/uuidv7
3304 silly ADD node_modules/uuid
3305 silly ADD node_modules/util-deprecate
3306 silly ADD node_modules/use-sync-external-store
3307 silly ADD node_modules/use-sidecar
3308 silly ADD node_modules/use-isomorphic-layout-effect
3309 silly ADD node_modules/use-hot-module-reload
3310 silly ADD node_modules/use-effect-event
3311 silly ADD node_modules/use-device-pixel-ratio
3312 silly ADD node_modules/use-callback-ref
3313 silly ADD node_modules/urlpattern-polyfill
3314 silly ADD node_modules/url-parse
3315 silly ADD node_modules/uri-js
3316 silly ADD node_modules/update-browserslist-db
3317 silly ADD node_modules/unrs-resolver
3318 silly ADD node_modules/universalify
3319 silly ADD node_modules/universal-user-agent
3320 silly ADD node_modules/unist-util-visit-parents
3321 silly ADD node_modules/unist-util-is
3322 silly ADD node_modules/unist-util-filter
3323 silly ADD node_modules/unique-string
3324 silly ADD node_modules/unicorn-magic
3325 silly ADD node_modules/unicode-property-aliases-ecmascript
3326 silly ADD node_modules/unicode-match-property-value-ecmascript
3327 silly ADD node_modules/unicode-match-property-ecmascript
3328 silly ADD node_modules/unicode-canonical-property-names-ecmascript
3329 silly ADD node_modules/undici-types
3330 silly ADD node_modules/undici
3331 silly ADD node_modules/unbzip2-stream
3332 silly ADD node_modules/unbox-primitive
3333 silly ADD node_modules/typescript
3334 silly ADD node_modules/typeid-js
3335 silly ADD node_modules/typedarray-to-buffer
3336 silly ADD node_modules/typedarray
3337 silly ADD node_modules/typed-array-length
3338 silly ADD node_modules/typed-array-byte-offset
3339 silly ADD node_modules/typed-array-byte-length
3340 silly ADD node_modules/typed-array-buffer
3341 silly ADD node_modules/type-fest
3342 silly ADD node_modules/type-check
3343 silly ADD node_modules/tunnel-agent
3344 silly ADD node_modules/tunnel
3345 silly ADD node_modules/tslib
3346 silly ADD node_modules/tsconfig-paths
3347 silly ADD node_modules/tsconfig-paths/node_modules/json5
3348 silly ADD node_modules/tsconfck
3349 silly ADD node_modules/ts-interface-checker
3350 silly ADD node_modules/ts-brand
3351 silly ADD node_modules/ts-api-utils
3352 silly ADD node_modules/trim-newlines
3353 silly ADD node_modules/tr46
3354 silly ADD node_modules/tough-cookie
3355 silly ADD node_modules/toggle-selection
3356 silly ADD node_modules/to-regex-range
3357 silly ADD node_modules/to-buffer
3358 silly ADD node_modules/tldts-core
3359 silly ADD node_modules/tldts
3360 silly ADD node_modules/tinyglobby
3361 silly ADD node_modules/tinyglobby/node_modules/picomatch
3362 silly ADD node_modules/tinyglobby/node_modules/fdir
3363 silly ADD node_modules/tiny-warning
3364 silly ADD node_modules/tiny-invariant
3365 silly ADD node_modules/through2
3366 silly ADD node_modules/through2/node_modules/readable-stream
3367 silly ADD node_modules/through
3368 silly ADD node_modules/thenify-all
3369 silly ADD node_modules/thenify
3370 silly ADD node_modules/text-table
3371 silly ADD node_modules/text-decoder
3372 silly ADD node_modules/text-decoder/node_modules/b4a
3373 silly ADD node_modules/teex
3374 silly ADD node_modules/tar-stream
3375 silly ADD node_modules/tar-stream/node_modules/b4a
3376 silly ADD node_modules/tar-fs
3377 silly ADD node_modules/tar-fs/node_modules/tar-stream
3378 silly ADD node_modules/tar-fs/node_modules/readable-stream
3379 silly ADD node_modules/tar-fs/node_modules/chownr
3380 silly ADD node_modules/tar
3381 silly ADD node_modules/tailwindcss
3382 silly ADD node_modules/tailwindcss/node_modules/resolve
3383 silly ADD node_modules/tailwindcss/node_modules/jiti
3384 silly ADD node_modules/symlink-or-copy
3385 silly ADD node_modules/symbol-tree
3386 silly ADD node_modules/supports-preserve-symlinks-flag
3387 silly ADD node_modules/supports-color
3388 silly ADD node_modules/sucrase
3389 silly ADD node_modules/sucrase/node_modules/commander
3390 silly ADD node_modules/stylis
3391 silly ADD node_modules/styled-jsx
3392 silly ADD node_modules/styled-components
3393 silly ADD node_modules/style-mod
3394 silly ADD node_modules/strip-json-comments
3395 silly ADD node_modules/strip-indent
3396 silly ADD node_modules/strip-final-newline
3397 silly ADD node_modules/strip-dirs
3398 silly ADD node_modules/strip-bom
3399 silly ADD node_modules/strip-ansi-cjs
3400 silly ADD node_modules/strip-ansi
3401 silly ADD node_modules/string.prototype.trimstart
3402 silly ADD node_modules/string.prototype.trimend
3403 silly ADD node_modules/string.prototype.trim
3404 silly ADD node_modules/string.prototype.repeat
3405 silly ADD node_modules/string.prototype.matchall
3406 silly ADD node_modules/string.prototype.includes
3407 silly ADD node_modules/string-width-cjs
3408 silly ADD node_modules/string-width-cjs/node_modules/emoji-regex
3409 silly ADD node_modules/string-width
3410 silly ADD node_modules/string-width/node_modules/strip-ansi
3411 silly ADD node_modules/string-width/node_modules/ansi-regex
3412 silly ADD node_modules/string_decoder
3413 silly ADD node_modules/streamx
3414 silly ADD node_modules/streamsearch
3415 silly ADD node_modules/stream-shift
3416 silly ADD node_modules/stream-each
3417 silly ADD node_modules/stop-iteration-iterator
3418 silly ADD node_modules/stdin-discarder
3419 silly ADD node_modules/stable-hash
3420 silly ADD node_modules/sprintf-js
3421 silly ADD node_modules/split2
3422 silly ADD node_modules/speakingurl
3423 silly ADD node_modules/spdx-license-ids
3424 silly ADD node_modules/spdx-expression-parse
3425 silly ADD node_modules/spdx-exceptions
3426 silly ADD node_modules/spdx-correct
3427 silly ADD node_modules/space-separated-tokens
3428 silly ADD node_modules/source-map-support
3429 silly ADD node_modules/source-map-js
3430 silly ADD node_modules/source-map
3431 silly ADD node_modules/slate-dom
3432 silly ADD node_modules/slate-dom/node_modules/is-plain-object
3433 silly ADD node_modules/slate
3434 silly ADD node_modules/slash
3435 silly ADD node_modules/simple-wcswidth
3436 silly ADD node_modules/signal-exit
3437 silly ADD node_modules/side-channel-weakmap
3438 silly ADD node_modules/side-channel-map
3439 silly ADD node_modules/side-channel-list
3440 silly ADD node_modules/side-channel
3441 silly ADD node_modules/shebang-regex
3442 silly ADD node_modules/shebang-command
3443 silly ADD node_modules/shallow-equals
3444 silly ADD node_modules/shallow-clone
3445 silly ADD node_modules/sha256-uint8array
3446 silly ADD node_modules/sha
3447 silly ADD node_modules/set-proto
3448 silly ADD node_modules/set-function-name
3449 silly ADD node_modules/set-function-length
3450 silly ADD node_modules/semver
3451 silly ADD node_modules/selderee
3452 silly ADD node_modules/seek-bzip
3453 silly ADD node_modules/scrollmirror
3454 silly ADD node_modules/scroll-into-view-if-needed
3455 silly ADD node_modules/scheduler
3456 silly ADD node_modules/saxes
3457 silly ADD node_modules/sanity-plugin-media
3458 silly ADD node_modules/sanity-plugin-media/node_modules/unist-util-visit-parents
3459 silly ADD node_modules/sanity-plugin-media/node_modules/unist-util-visit-parents/node_modules/@types/unist
3460 silly ADD node_modules/sanity-plugin-media/node_modules/unist-util-is
3461 silly ADD node_modules/sanity-plugin-media/node_modules/unist-util-is/node_modules/@types/unist
3462 silly ADD node_modules/sanity-plugin-media/node_modules/unist-util-filter
3463 silly ADD node_modules/sanity-plugin-media/node_modules/unist-util-filter/node_modules/@types/unist
3464 silly ADD node_modules/sanity-plugin-media/node_modules/space-separated-tokens
3465 silly ADD node_modules/sanity-plugin-media/node_modules/refractor
3466 silly ADD node_modules/sanity-plugin-media/node_modules/react-refractor
3467 silly ADD node_modules/sanity-plugin-media/node_modules/property-information
3468 silly ADD node_modules/sanity-plugin-media/node_modules/parse-entities
3469 silly ADD node_modules/sanity-plugin-media/node_modules/is-hexadecimal
3470 silly ADD node_modules/sanity-plugin-media/node_modules/is-decimal
3471 silly ADD node_modules/sanity-plugin-media/node_modules/is-alphanumerical
3472 silly ADD node_modules/sanity-plugin-media/node_modules/is-alphabetical
3473 silly ADD node_modules/sanity-plugin-media/node_modules/hastscript
3474 silly ADD node_modules/sanity-plugin-media/node_modules/hast-util-parse-selector
3475 silly ADD node_modules/sanity-plugin-media/node_modules/date-fns
3476 silly ADD node_modules/sanity-plugin-media/node_modules/comma-separated-tokens
3477 silly ADD node_modules/sanity-plugin-media/node_modules/character-reference-invalid
3478 silly ADD node_modules/sanity-plugin-media/node_modules/character-entities-legacy
3479 silly ADD node_modules/sanity-plugin-media/node_modules/@types/hast
3480 silly ADD node_modules/sanity-plugin-media/node_modules/@sanity/ui
3481 silly ADD node_modules/sanity-plugin-media/node_modules/@sanity/client
3482 silly ADD node_modules/sanity
3483 silly ADD node_modules/sanity/node_modules/which
3484 silly ADD node_modules/sanity/node_modules/uuid
3485 silly ADD node_modules/sanity/node_modules/rimraf
3486 silly ADD node_modules/sanity/node_modules/resolve-from
3487 silly ADD node_modules/sanity/node_modules/react-is
3488 silly ADD node_modules/sanity/node_modules/react-compiler-runtime
3489 silly ADD node_modules/sanity/node_modules/isexe
3490 silly ADD node_modules/sanity/node_modules/@sanity/preview-url-secret
3491 silly ADD node_modules/sanity/node_modules/@sanity/client
3492 silly ADD node_modules/safer-buffer
3493 silly ADD node_modules/safe-regex-test
3494 silly ADD node_modules/safe-push-apply
3495 silly ADD node_modules/safe-buffer
3496 silly ADD node_modules/safe-array-concat
3497 silly ADD node_modules/rxjs-mergemap-array
3498 silly ADD node_modules/rxjs-exhaustmap-with-trailing
3499 silly ADD node_modules/rxjs
3500 silly ADD node_modules/run-waterfall
3501 silly ADD node_modules/run-series
3502 silly ADD node_modules/run-parallel
3503 silly ADD node_modules/run-async
3504 silly ADD node_modules/rrweb-cssom
3505 silly ADD node_modules/rollup
3506 silly ADD node_modules/rimraf
3507 silly ADD node_modules/rimraf/node_modules/glob
3508 silly ADD node_modules/reusify
3509 silly ADD node_modules/restore-cursor
3510 silly ADD node_modules/restore-cursor/node_modules/signal-exit
3511 silly ADD node_modules/resolve.exports
3512 silly ADD node_modules/resolve-pkg-maps
3513 silly ADD node_modules/resolve-from
3514 silly ADD node_modules/resolve
3515 silly ADD node_modules/resend
3516 silly ADD node_modules/reselect
3517 silly ADD node_modules/requires-port
3518 silly ADD node_modules/require-from-string
3519 silly ADD node_modules/require-directory
3520 silly ADD node_modules/regjsparser
3521 silly ADD node_modules/regjsgen
3522 silly ADD node_modules/regexpu-core
3523 silly ADD node_modules/regexp.prototype.flags
3524 silly ADD node_modules/regenerate-unicode-properties
3525 silly ADD node_modules/regenerate
3526 silly ADD node_modules/refractor
3527 silly ADD node_modules/reflect.getprototypeof
3528 silly ADD node_modules/redux-thunk
3529 silly ADD node_modules/redux-observable
3530 silly ADD node_modules/redux
3531 silly ADD node_modules/redeyed
3532 silly ADD node_modules/redent
3533 silly ADD node_modules/readdirp
3534 silly ADD node_modules/readdir-glob
3535 silly ADD node_modules/readdir-glob/node_modules/minimatch
3536 silly ADD node_modules/readdir-glob/node_modules/brace-expansion
3537 silly ADD node_modules/readable-stream
3538 silly ADD node_modules/readable-stream/node_modules/buffer
3539 silly ADD node_modules/read-pkg-up
3540 silly ADD node_modules/read-pkg-up/node_modules/type-fest
3541 silly ADD node_modules/read-pkg-up/node_modules/p-locate
3542 silly ADD node_modules/read-pkg-up/node_modules/p-limit
3543 silly ADD node_modules/read-pkg-up/node_modules/locate-path
3544 silly ADD node_modules/read-pkg-up/node_modules/find-up
3545 silly ADD node_modules/read-pkg
3546 silly ADD node_modules/read-pkg/node_modules/type-fest
3547 silly ADD node_modules/read-pkg/node_modules/semver
3548 silly ADD node_modules/read-pkg/node_modules/resolve
3549 silly ADD node_modules/read-pkg/node_modules/normalize-package-data
3550 silly ADD node_modules/read-pkg/node_modules/hosted-git-info
3551 silly ADD node_modules/read-cache
3552 silly ADD node_modules/react-virtuoso
3553 silly ADD node_modules/react-transition-group
3554 silly ADD node_modules/react-select
3555 silly ADD node_modules/react-rx
3556 silly ADD node_modules/react-refresh
3557 silly ADD node_modules/react-refractor
3558 silly ADD node_modules/react-redux
3559 silly ADD node_modules/react-redux/node_modules/@types/use-sync-external-store
3560 silly ADD node_modules/react-promise-suspense
3561 silly ADD node_modules/react-promise-suspense/node_modules/fast-deep-equal
3562 silly ADD node_modules/react-is
3563 silly ADD node_modules/react-i18next
3564 silly ADD node_modules/react-hook-form
3565 silly ADD node_modules/react-focus-lock
3566 silly ADD node_modules/react-file-icon
3567 silly ADD node_modules/react-fast-compare
3568 silly ADD node_modules/react-dropzone
3569 silly ADD node_modules/react-dom
3570 silly ADD node_modules/react-compiler-runtime
3571 silly ADD node_modules/react-clientside-effect
3572 silly ADD node_modules/react
3573 silly ADD node_modules/raf
3574 silly ADD node_modules/quick-lru
3575 silly ADD node_modules/queue-microtask
3576 silly ADD node_modules/querystringify
3577 silly ADD node_modules/punycode
3578 silly ADD node_modules/pumpify
3579 silly ADD node_modules/pumpify/node_modules/string_decoder
3580 silly ADD node_modules/pumpify/node_modules/safe-buffer
3581 silly ADD node_modules/pumpify/node_modules/readable-stream
3582 silly ADD node_modules/pumpify/node_modules/pump
3583 silly ADD node_modules/pumpify/node_modules/isarray
3584 silly ADD node_modules/pumpify/node_modules/duplexify
3585 silly ADD node_modules/pump
3586 silly ADD node_modules/psl
3587 silly ADD node_modules/property-information
3588 silly ADD node_modules/prop-types
3589 silly ADD node_modules/prop-types/node_modules/react-is
3590 silly ADD node_modules/process-nextick-args
3591 silly ADD node_modules/process
3592 silly ADD node_modules/prismjs
3593 silly ADD node_modules/pretty-ms
3594 silly ADD node_modules/prettier
3595 silly ADD node_modules/prelude-ls
3596 silly ADD node_modules/preferred-pm
3597 silly ADD node_modules/postcss-value-parser
3598 silly ADD node_modules/postcss-selector-parser
3599 silly ADD node_modules/postcss-nested
3600 silly ADD node_modules/postcss-load-config
3601 silly ADD node_modules/postcss-js
3602 silly ADD node_modules/postcss-import
3603 silly ADD node_modules/postcss-import/node_modules/resolve
3604 silly ADD node_modules/postcss
3605 silly ADD node_modules/possible-typed-array-names
3606 silly ADD node_modules/polished
3607 silly ADD node_modules/pluralize-esm
3608 silly ADD node_modules/pluralize
3609 silly ADD node_modules/player.style
3610 silly ADD node_modules/player.style/node_modules/media-chrome
3611 silly ADD node_modules/pkg-dir
3612 silly ADD node_modules/pirates
3613 silly ADD node_modules/pinkie-promise
3614 silly ADD node_modules/pinkie
3615 silly ADD node_modules/pify
3616 silly ADD node_modules/picomatch
3617 silly ADD node_modules/picocolors
3618 silly ADD node_modules/performance-now
3619 silly ADD node_modules/pend
3620 silly ADD node_modules/peek-stream
3621 silly ADD node_modules/peek-stream/node_modules/through2
3622 silly ADD node_modules/peek-stream/node_modules/string_decoder
3623 silly ADD node_modules/peek-stream/node_modules/safe-buffer
3624 silly ADD node_modules/peek-stream/node_modules/readable-stream
3625 silly ADD node_modules/peek-stream/node_modules/isarray
3626 silly ADD node_modules/peek-stream/node_modules/duplexify
3627 silly ADD node_modules/peberminta
3628 silly ADD node_modules/path-type
3629 silly ADD node_modules/path-to-regexp
3630 silly ADD node_modules/path-sort
3631 silly ADD node_modules/path-scurry
3632 silly ADD node_modules/path-parse
3633 silly ADD node_modules/path-key
3634 silly ADD node_modules/path-is-absolute
3635 silly ADD node_modules/path-exists
3636 silly ADD node_modules/parseley
3637 silly ADD node_modules/parse5
3638 silly ADD node_modules/parse5/node_modules/entities
3639 silly ADD node_modules/parse-ms
3640 silly ADD node_modules/parse-json
3641 silly ADD node_modules/parse-entities
3642 silly ADD node_modules/parent-module
3643 silly ADD node_modules/parallel-transform
3644 silly ADD node_modules/parallel-transform/node_modules/string_decoder
3645 silly ADD node_modules/parallel-transform/node_modules/safe-buffer
3646 silly ADD node_modules/parallel-transform/node_modules/readable-stream
3647 silly ADD node_modules/parallel-transform/node_modules/isarray
3648 silly ADD node_modules/pako
3649 silly ADD node_modules/package-json-from-dist
3650 silly ADD node_modules/p-try
3651 silly ADD node_modules/p-queue
3652 silly ADD node_modules/p-map
3653 silly ADD node_modules/p-locate
3654 silly ADD node_modules/p-limit
3655 silly ADD node_modules/p-finally
3656 silly ADD node_modules/own-keys
3657 silly ADD node_modules/ora
3658 silly ADD node_modules/ora/node_modules/log-symbols
3659 silly ADD node_modules/optionator
3660 silly ADD node_modules/open
3661 silly ADD node_modules/onetime
3662 silly ADD node_modules/oneline
3663 silly ADD node_modules/once
3664 silly ADD node_modules/observable-callback
3665 silly ADD node_modules/object.values
3666 silly ADD node_modules/object.groupby
3667 silly ADD node_modules/object.fromentries
3668 silly ADD node_modules/object.entries
3669 silly ADD node_modules/object.assign
3670 silly ADD node_modules/object-keys
3671 silly ADD node_modules/object-inspect
3672 silly ADD node_modules/object-hash
3673 silly ADD node_modules/object-assign
3674 silly ADD node_modules/nth-check
3675 silly ADD node_modules/npm-run-path
3676 silly ADD node_modules/normalize-path
3677 silly ADD node_modules/normalize-package-data
3678 silly ADD node_modules/node-releases
3679 silly ADD node_modules/node-html-parser
3680 silly ADD node_modules/node-exports-info
3681 silly ADD node_modules/node-exports-info/node_modules/semver
3682 silly ADD node_modules/next-sanity
3683 silly ADD node_modules/next-sanity/node_modules/react-compiler-runtime
3684 silly ADD node_modules/next-sanity/node_modules/@sanity/visual-editing-types
3685 silly ADD node_modules/next-sanity/node_modules/@sanity/visual-editing-csm
3686 silly ADD node_modules/next-sanity/node_modules/@sanity/visual-editing
3687 silly ADD node_modules/next-sanity/node_modules/@sanity/preview-url-secret
3688 silly ADD node_modules/next-sanity/node_modules/@sanity/mutate
3689 silly ADD node_modules/next-sanity/node_modules/@sanity/mutate/node_modules/@sanity/client
3690 silly ADD node_modules/next-sanity/node_modules/@sanity/client
3691 silly ADD node_modules/next
3692 silly ADD node_modules/next/node_modules/postcss
3693 silly ADD node_modules/natural-compare
3694 silly ADD node_modules/napi-postinstall
3695 silly ADD node_modules/nanoid
3696 silly ADD node_modules/nano-pubsub
3697 silly ADD node_modules/mz
3698 silly ADD node_modules/mux-embed
3699 silly ADD node_modules/mute-stream
3700 silly ADD node_modules/ms
3701 silly ADD node_modules/motion-utils
3702 silly ADD node_modules/motion-dom
3703 silly ADD node_modules/motion
3704 silly ADD node_modules/moment
3705 silly ADD node_modules/module-alias
3706 silly ADD node_modules/mkdirp-classic
3707 silly ADD node_modules/mississippi
3708 silly ADD node_modules/mississippi/node_modules/through2
3709 silly ADD node_modules/mississippi/node_modules/readable-stream
3710 silly ADD node_modules/minizlib
3711 silly ADD node_modules/minipass
3712 silly ADD node_modules/minimist-options
3713 silly ADD node_modules/minimist-options/node_modules/arrify
3714 silly ADD node_modules/minimist
3715 silly ADD node_modules/minimatch
3716 silly ADD node_modules/min-indent
3717 silly ADD node_modules/min-document
3718 silly ADD node_modules/mimic-response
3719 silly ADD node_modules/mimic-function
3720 silly ADD node_modules/mimic-fn
3721 silly ADD node_modules/mime-types
3722 silly ADD node_modules/mime-db
3723 silly ADD node_modules/micromatch
3724 silly ADD node_modules/merge2
3725 silly ADD node_modules/merge-stream
3726 silly ADD node_modules/meow
3727 silly ADD node_modules/meow/node_modules/type-fest
3728 silly ADD node_modules/mendoza
3729 silly ADD node_modules/memoize-one
3730 silly ADD node_modules/media-tracks
3731 silly ADD node_modules/media-chrome
3732 silly ADD node_modules/mdn-data
3733 silly ADD node_modules/md5-o-matic
3734 silly ADD node_modules/math-intrinsics
3735 silly ADD node_modules/map-obj
3736 silly ADD node_modules/make-dir
3737 silly ADD node_modules/make-dir/node_modules/semver
3738 silly ADD node_modules/make-dir/node_modules/pify
3739 silly ADD node_modules/lucide-react
3740 silly ADD node_modules/lru-cache
3741 silly ADD node_modules/loose-envify
3742 silly ADD node_modules/log-symbols
3743 silly ADD node_modules/log-symbols/node_modules/supports-color
3744 silly ADD node_modules/log-symbols/node_modules/has-flag
3745 silly ADD node_modules/log-symbols/node_modules/escape-string-regexp
3746 silly ADD node_modules/log-symbols/node_modules/color-name
3747 silly ADD node_modules/log-symbols/node_modules/color-convert
3748 silly ADD node_modules/log-symbols/node_modules/chalk
3749 silly ADD node_modules/log-symbols/node_modules/ansi-styles
3750 silly ADD node_modules/lodash.startcase
3751 silly ADD node_modules/lodash.merge
3752 silly ADD node_modules/lodash.debounce
3753 silly ADD node_modules/lodash-es
3754 silly ADD node_modules/lodash
3755 silly ADD node_modules/locate-path
3756 silly ADD node_modules/load-yaml-file
3757 silly ADD node_modules/load-yaml-file/node_modules/pify
3758 silly ADD node_modules/load-yaml-file/node_modules/js-yaml
3759 silly ADD node_modules/load-yaml-file/node_modules/argparse
3760 silly ADD node_modules/lines-and-columns
3761 silly ADD node_modules/lilconfig
3762 silly ADD node_modules/levn
3763 silly ADD node_modules/leven
3764 silly ADD node_modules/leac
3765 silly ADD node_modules/lazystream
3766 silly ADD node_modules/lazystream/node_modules/string_decoder
3767 silly ADD node_modules/lazystream/node_modules/safe-buffer
3768 silly ADD node_modules/lazystream/node_modules/readable-stream
3769 silly ADD node_modules/lazystream/node_modules/isarray
3770 silly ADD node_modules/language-tags
3771 silly ADD node_modules/language-subtag-registry
3772 silly ADD node_modules/lambda-runtimes
3773 silly ADD node_modules/kind-of
3774 silly ADD node_modules/keyv
3775 silly ADD node_modules/jsx-ast-utils
3776 silly ADD node_modules/json5
3777 silly ADD node_modules/json-with-bigint
3778 silly ADD node_modules/json-stream-stringify
3779 silly ADD node_modules/json-stable-stringify-without-jsonify
3780 silly ADD node_modules/json-schema-traverse
3781 silly ADD node_modules/json-reduce
3782 silly ADD node_modules/json-parse-even-better-errors
3783 silly ADD node_modules/json-lexer
3784 silly ADD node_modules/json-buffer
3785 silly ADD node_modules/json-2-csv
3786 silly ADD node_modules/jsesc
3787 silly ADD node_modules/jsdom-global
3788 silly ADD node_modules/jsdom
3789 silly ADD node_modules/js-yaml
3790 silly ADD node_modules/js-tokens
3791 silly ADD node_modules/jiti
3792 silly ADD node_modules/jake
3793 silly ADD node_modules/jackspeak
3794 silly ADD node_modules/iterator.prototype
3795 silly ADD node_modules/isomorphic-dompurify
3796 silly ADD node_modules/isomorphic-dompurify/node_modules/whatwg-url
3797 silly ADD node_modules/isomorphic-dompurify/node_modules/whatwg-mimetype
3798 silly ADD node_modules/isomorphic-dompurify/node_modules/webidl-conversions
3799 silly ADD node_modules/isomorphic-dompurify/node_modules/undici
3800 silly ADD node_modules/isomorphic-dompurify/node_modules/tr46
3801 silly ADD node_modules/isomorphic-dompurify/node_modules/tough-cookie
3802 silly ADD node_modules/isomorphic-dompurify/node_modules/parse5
3803 silly ADD node_modules/isomorphic-dompurify/node_modules/mdn-data
3804 silly ADD node_modules/isomorphic-dompurify/node_modules/lru-cache
3805 silly ADD node_modules/isomorphic-dompurify/node_modules/jsdom
3806 silly ADD node_modules/isomorphic-dompurify/node_modules/html-encoding-sniffer
3807 silly ADD node_modules/isomorphic-dompurify/node_modules/entities
3808 silly ADD node_modules/isomorphic-dompurify/node_modules/data-urls
3809 silly ADD node_modules/isomorphic-dompurify/node_modules/cssstyle
3810 silly ADD node_modules/isomorphic-dompurify/node_modules/css-tree
3811 silly ADD node_modules/isomorphic-dompurify/node_modules/@csstools/css-tokenizer
3812 silly ADD node_modules/isomorphic-dompurify/node_modules/@csstools/css-syntax-patches-for-csstree
3813 silly ADD node_modules/isomorphic-dompurify/node_modules/@csstools/css-parser-algorithms
3814 silly ADD node_modules/isomorphic-dompurify/node_modules/@csstools/css-color-parser
3815 silly ADD node_modules/isomorphic-dompurify/node_modules/@csstools/css-calc
3816 silly ADD node_modules/isomorphic-dompurify/node_modules/@csstools/color-helpers
3817 silly ADD node_modules/isomorphic-dompurify/node_modules/@asamuzakjp/dom-selector
3818 silly ADD node_modules/isomorphic-dompurify/node_modules/@asamuzakjp/css-color
3819 silly ADD node_modules/isobject
3820 silly ADD node_modules/isexe
3821 silly ADD node_modules/isarray
3822 silly ADD node_modules/is-wsl
3823 silly ADD node_modules/is-weakset
3824 silly ADD node_modules/is-weakref
3825 silly ADD node_modules/is-weakmap
3826 silly ADD node_modules/is-unicode-supported
3827 silly ADD node_modules/is-typedarray
3828 silly ADD node_modules/is-typed-array
3829 silly ADD node_modules/is-tar
3830 silly ADD node_modules/is-symbol
3831 silly ADD node_modules/is-string
3832 silly ADD node_modules/is-stream
3833 silly ADD node_modules/is-shared-array-buffer
3834 silly ADD node_modules/is-set
3835 silly ADD node_modules/is-retry-allowed
3836 silly ADD node_modules/is-regex
3837 silly ADD node_modules/is-potential-custom-element-name
3838 silly ADD node_modules/is-plain-object
3839 silly ADD node_modules/is-plain-obj
3840 silly ADD node_modules/is-path-inside
3841 silly ADD node_modules/is-obj
3842 silly ADD node_modules/is-number-object
3843 silly ADD node_modules/is-number
3844 silly ADD node_modules/is-negative-zero
3845 silly ADD node_modules/is-natural-number
3846 silly ADD node_modules/is-map
3847 silly ADD node_modules/is-interactive
3848 silly ADD node_modules/is-hotkey-esm
3849 silly ADD node_modules/is-hotkey
3850 silly ADD node_modules/is-hexadecimal
3851 silly ADD node_modules/is-gzip
3852 silly ADD node_modules/is-glob
3853 silly ADD node_modules/is-generator-function
3854 silly ADD node_modules/is-fullwidth-code-point
3855 silly ADD node_modules/is-finalizationregistry
3856 silly ADD node_modules/is-extglob
3857 silly ADD node_modules/is-docker
3858 silly ADD node_modules/is-deflate
3859 silly ADD node_modules/is-decimal
3860 silly ADD node_modules/is-date-object
3861 silly ADD node_modules/is-data-view
3862 silly ADD node_modules/is-core-module
3863 silly ADD node_modules/is-callable
3864 silly ADD node_modules/is-bun-module
3865 silly ADD node_modules/is-boolean-object
3866 silly ADD node_modules/is-binary-path
3867 silly ADD node_modules/is-bigint
3868 silly ADD node_modules/is-async-function
3869 silly ADD node_modules/is-arrayish
3870 silly ADD node_modules/is-array-buffer
3871 silly ADD node_modules/is-alphanumerical
3872 silly ADD node_modules/is-alphabetical
3873 silly ADD node_modules/internal-slot
3874 silly ADD node_modules/inquirer
3875 silly ADD node_modules/inherits
3876 silly ADD node_modules/inflight
3877 silly ADD node_modules/indent-string
3878 silly ADD node_modules/imurmurhash
3879 silly ADD node_modules/import-fresh
3880 silly ADD node_modules/immer
3881 silly ADD node_modules/ignore
3882 silly ADD node_modules/ieee754
3883 silly ADD node_modules/iconv-lite
3884 silly ADD node_modules/i18next
3885 silly ADD node_modules/humanize-list
3886 silly ADD node_modules/https-proxy-agent
3887 silly ADD node_modules/http-proxy-agent
3888 silly ADD node_modules/htmlparser2
3889 silly ADD node_modules/html-to-text
3890 silly ADD node_modules/html-parse-stringify
3891 silly ADD node_modules/html-encoding-sniffer
3892 silly ADD node_modules/hotscript
3893 silly ADD node_modules/hosted-git-info
3894 silly ADD node_modules/hosted-git-info/node_modules/yallist
3895 silly ADD node_modules/hosted-git-info/node_modules/lru-cache
3896 silly ADD node_modules/hoist-non-react-statics
3897 silly ADD node_modules/hoist-non-react-statics/node_modules/react-is
3898 silly ADD node_modules/hls.js
3899 silly ADD node_modules/history
3900 silly ADD node_modules/he
3901 silly ADD node_modules/hastscript
3902 silly ADD node_modules/hast-util-parse-selector
3903 silly ADD node_modules/hasown
3904 silly ADD node_modules/has-tostringtag
3905 silly ADD node_modules/has-symbols
3906 silly ADD node_modules/has-proto
3907 silly ADD node_modules/has-property-descriptors
3908 silly ADD node_modules/has-flag
3909 silly ADD node_modules/has-bigints
3910 silly ADD node_modules/hard-rejection
3911 silly ADD node_modules/gunzip-maybe
3912 silly ADD node_modules/gunzip-maybe/node_modules/through2
3913 silly ADD node_modules/gunzip-maybe/node_modules/string_decoder
3914 silly ADD node_modules/gunzip-maybe/node_modules/safe-buffer
3915 silly ADD node_modules/gunzip-maybe/node_modules/readable-stream
3916 silly ADD node_modules/gunzip-maybe/node_modules/isarray
3917 silly ADD node_modules/groq-js
3918 silly ADD node_modules/groq
3919 silly ADD node_modules/graphemer
3920 silly ADD node_modules/graceful-fs
3921 silly ADD node_modules/gopd
3922 silly ADD node_modules/globrex
3923 silly ADD node_modules/globby
3924 silly ADD node_modules/globalthis
3925 silly ADD node_modules/globals
3926 silly ADD node_modules/global
3927 silly ADD node_modules/glob-parent
3928 silly ADD node_modules/glob
3929 silly ADD node_modules/glob/node_modules/minimatch
3930 silly ADD node_modules/glob/node_modules/brace-expansion
3931 silly ADD node_modules/get-uri
3932 silly ADD node_modules/get-uri/node_modules/string_decoder
3933 silly ADD node_modules/get-uri/node_modules/safe-buffer
3934 silly ADD node_modules/get-uri/node_modules/readable-stream
3935 silly ADD node_modules/get-uri/node_modules/ms
3936 silly ADD node_modules/get-uri/node_modules/isarray
3937 silly ADD node_modules/get-uri/node_modules/debug
3938 silly ADD node_modules/get-tsconfig
3939 silly ADD node_modules/get-symbol-description
3940 silly ADD node_modules/get-stream
3941 silly ADD node_modules/get-random-values-esm
3942 silly ADD node_modules/get-random-values
3943 silly ADD node_modules/get-proto
3944 silly ADD node_modules/get-package-type
3945 silly ADD node_modules/get-it
3946 silly ADD node_modules/get-intrinsic
3947 silly ADD node_modules/get-east-asian-width
3948 silly ADD node_modules/get-caller-file
3949 silly ADD node_modules/gensync
3950 silly ADD node_modules/generator-function
3951 silly ADD node_modules/functions-have-names
3952 silly ADD node_modules/function.prototype.name
3953 silly ADD node_modules/function-bind
3954 silly ADD node_modules/ftp
3955 silly ADD node_modules/ftp/node_modules/string_decoder
3956 silly ADD node_modules/ftp/node_modules/readable-stream
3957 silly ADD node_modules/ftp/node_modules/isarray
3958 silly ADD node_modules/fsevents
3959 silly ADD node_modules/fs.realpath
3960 silly ADD node_modules/fs-constants
3961 silly ADD node_modules/from2
3962 silly ADD node_modules/from2/node_modules/string_decoder
3963 silly ADD node_modules/from2/node_modules/safe-buffer
3964 silly ADD node_modules/from2/node_modules/readable-stream
3965 silly ADD node_modules/from2/node_modules/isarray
3966 silly ADD node_modules/framer-motion
3967 silly ADD node_modules/fraction.js
3968 silly ADD node_modules/form-data
3969 silly ADD node_modules/form-data/node_modules/mime-types
3970 silly ADD node_modules/form-data/node_modules/mime-db
3971 silly ADD node_modules/foreground-child
3972 silly ADD node_modules/for-each
3973 silly ADD node_modules/focus-lock
3974 silly ADD node_modules/flush-write-stream
3975 silly ADD node_modules/flush-write-stream/node_modules/readable-stream
3976 silly ADD node_modules/flatted
3977 silly ADD node_modules/flat-cache
3978 silly ADD node_modules/find-yarn-workspace-root2
3979 silly ADD node_modules/find-yarn-workspace-root2/node_modules/pkg-dir
3980 silly ADD node_modules/find-yarn-workspace-root2/node_modules/p-locate
3981 silly ADD node_modules/find-yarn-workspace-root2/node_modules/p-limit
3982 silly ADD node_modules/find-yarn-workspace-root2/node_modules/locate-path
3983 silly ADD node_modules/find-yarn-workspace-root2/node_modules/find-up
3984 silly ADD node_modules/find-up-simple
3985 silly ADD node_modules/find-up
3986 silly ADD node_modules/find-root
3987 silly ADD node_modules/find-cache-dir
3988 silly ADD node_modules/find-cache-dir/node_modules/pkg-dir
3989 silly ADD node_modules/find-cache-dir/node_modules/path-exists
3990 silly ADD node_modules/find-cache-dir/node_modules/p-locate
3991 silly ADD node_modules/find-cache-dir/node_modules/p-limit
3992 silly ADD node_modules/find-cache-dir/node_modules/locate-path
3993 silly ADD node_modules/find-cache-dir/node_modules/find-up
3994 silly ADD node_modules/fill-range
3995 silly ADD node_modules/filesize
3996 silly ADD node_modules/filelist
3997 silly ADD node_modules/filelist/node_modules/minimatch
3998 silly ADD node_modules/filelist/node_modules/brace-expansion
3999 silly ADD node_modules/file-url
4000 silly ADD node_modules/file-uri-to-path
4001 silly ADD node_modules/file-type
4002 silly ADD node_modules/file-selector
4003 silly ADD node_modules/file-entry-cache
4004 silly ADD node_modules/fd-slicer
4005 silly ADD node_modules/fastq
4006 silly ADD node_modules/fast-levenshtein
4007 silly ADD node_modules/fast-json-stable-stringify
4008 silly ADD node_modules/fast-glob
4009 silly ADD node_modules/fast-glob/node_modules/glob-parent
4010 silly ADD node_modules/fast-fifo
4011 silly ADD node_modules/fast-deep-equal
4012 silly ADD node_modules/fast-content-type-parse
4013 silly ADD node_modules/extend
4014 silly ADD node_modules/exif-component
4015 silly ADD node_modules/execa
4016 silly ADD node_modules/execa/node_modules/signal-exit
4017 silly ADD node_modules/execa/node_modules/get-stream
4018 silly ADD node_modules/eventsource-parser
4019 silly ADD node_modules/eventsource
4020 silly ADD node_modules/events-universal
4021 silly ADD node_modules/events
4022 silly ADD node_modules/event-target-shim
4023 silly ADD node_modules/event-source-polyfill
4024 silly ADD node_modules/esutils
4025 silly ADD node_modules/estraverse
4026 silly ADD node_modules/esrecurse
4027 silly ADD node_modules/esquery
4028 silly ADD node_modules/esprima
4029 silly ADD node_modules/espree
4030 silly ADD node_modules/eslint-visitor-keys
4031 silly ADD node_modules/eslint-scope
4032 silly ADD node_modules/eslint-plugin-react-hooks
4033 silly ADD node_modules/eslint-plugin-react
4034 silly ADD node_modules/eslint-plugin-react/node_modules/semver
4035 silly ADD node_modules/eslint-plugin-react/node_modules/doctrine
4036 silly ADD node_modules/eslint-plugin-jsx-a11y
4037 silly ADD node_modules/eslint-plugin-import
4038 silly ADD node_modules/eslint-plugin-import/node_modules/semver
4039 silly ADD node_modules/eslint-plugin-import/node_modules/doctrine
4040 silly ADD node_modules/eslint-plugin-import/node_modules/debug
4041 silly ADD node_modules/eslint-module-utils
4042 silly ADD node_modules/eslint-module-utils/node_modules/debug
4043 silly ADD node_modules/eslint-import-resolver-typescript
4044 silly ADD node_modules/eslint-import-resolver-node
4045 silly ADD node_modules/eslint-import-resolver-node/node_modules/debug
4046 silly ADD node_modules/eslint-config-next
4047 silly ADD node_modules/eslint
4048 silly ADD node_modules/escape-string-regexp
4049 silly ADD node_modules/escalade
4050 silly ADD node_modules/esbuild-register
4051 silly ADD node_modules/esbuild
4052 silly ADD node_modules/es-to-primitive
4053 silly ADD node_modules/es-shim-unscopables
4054 silly ADD node_modules/es-set-tostringtag
4055 silly ADD node_modules/es-object-atoms
4056 silly ADD node_modules/es-iterator-helpers
4057 silly ADD node_modules/es-errors
4058 silly ADD node_modules/es-define-property
4059 silly ADD node_modules/es-abstract
4060 silly ADD node_modules/error-ex
4061 silly ADD node_modules/entities
4062 silly ADD node_modules/end-of-stream
4063 silly ADD node_modules/emoji-regex
4064 silly ADD node_modules/electron-to-chromium
4065 silly ADD node_modules/ejs
4066 silly ADD node_modules/eastasianwidth
4067 silly ADD node_modules/duplexify
4068 silly ADD node_modules/duplexify/node_modules/readable-stream
4069 silly ADD node_modules/dunder-proto
4070 silly ADD node_modules/dot-prop
4071 silly ADD node_modules/domutils
4072 silly ADD node_modules/dompurify
4073 silly ADD node_modules/domhandler
4074 silly ADD node_modules/domelementtype
4075 silly ADD node_modules/dom-walk
4076 silly ADD node_modules/dom-serializer
4077 silly ADD node_modules/dom-helpers
4078 silly ADD node_modules/doctrine
4079 silly ADD node_modules/doc-path
4080 silly ADD node_modules/dlv
4081 silly ADD node_modules/direction
4082 silly ADD node_modules/dir-glob
4083 silly ADD node_modules/didyoumean
4084 silly ADD node_modules/detect-node-es
4085 silly ADD node_modules/dequal
4086 silly ADD node_modules/delayed-stream
4087 silly ADD node_modules/define-properties
4088 silly ADD node_modules/define-lazy-prop
4089 silly ADD node_modules/define-data-property
4090 silly ADD node_modules/defaults
4091 silly ADD node_modules/deepmerge
4092 silly ADD node_modules/deep-is
4093 silly ADD node_modules/deeks
4094 silly ADD node_modules/decompress-unzip
4095 silly ADD node_modules/decompress-unzip/node_modules/file-type
4096 silly ADD node_modules/decompress-targz
4097 silly ADD node_modules/decompress-targz/node_modules/is-stream
4098 silly ADD node_modules/decompress-tarbz2
4099 silly ADD node_modules/decompress-tarbz2/node_modules/is-stream
4100 silly ADD node_modules/decompress-tarbz2/node_modules/file-type
4101 silly ADD node_modules/decompress-tar
4102 silly ADD node_modules/decompress-tar/node_modules/tar-stream
4103 silly ADD node_modules/decompress-tar/node_modules/string_decoder
4104 silly ADD node_modules/decompress-tar/node_modules/safe-buffer
4105 silly ADD node_modules/decompress-tar/node_modules/readable-stream
4106 silly ADD node_modules/decompress-tar/node_modules/isarray
4107 silly ADD node_modules/decompress-tar/node_modules/is-stream
4108 silly ADD node_modules/decompress-tar/node_modules/bl
4109 silly ADD node_modules/decompress-response
4110 silly ADD node_modules/decompress
4111 silly ADD node_modules/decompress/node_modules/make-dir
4112 silly ADD node_modules/decompress/node_modules/make-dir/node_modules/pify
4113 silly ADD node_modules/decode-named-character-reference
4114 silly ADD node_modules/decode-named-character-reference/node_modules/character-entities
4115 silly ADD node_modules/decimal.js
4116 silly ADD node_modules/decamelize-keys
4117 silly ADD node_modules/decamelize-keys/node_modules/map-obj
4118 silly ADD node_modules/decamelize
4119 silly ADD node_modules/debug
4120 silly ADD node_modules/debounce
4121 silly ADD node_modules/date-fns
4122 silly ADD node_modules/dataloader
4123 silly ADD node_modules/data-view-byte-offset
4124 silly ADD node_modules/data-view-byte-length
4125 silly ADD node_modules/data-view-buffer
4126 silly ADD node_modules/data-urls
4127 silly ADD node_modules/data-uri-to-buffer
4128 silly ADD node_modules/damerau-levenshtein
4129 silly ADD node_modules/cyclist
4130 silly ADD node_modules/custom-media-element
4131 silly ADD node_modules/csstype
4132 silly ADD node_modules/cssstyle
4133 silly ADD node_modules/cssstyle/node_modules/rrweb-cssom
4134 silly ADD node_modules/cssesc
4135 silly ADD node_modules/css-what
4136 silly ADD node_modules/css-tree
4137 silly ADD node_modules/css-to-react-native
4138 silly ADD node_modules/css-select
4139 silly ADD node_modules/css-color-keywords
4140 silly ADD node_modules/crypto-random-string
4141 silly ADD node_modules/cross-spawn
4142 silly ADD node_modules/crelt
4143 silly ADD node_modules/crc32-stream
4144 silly ADD node_modules/crc-32
4145 silly ADD node_modules/cosmiconfig
4146 silly ADD node_modules/cosmiconfig/node_modules/yaml
4147 silly ADD node_modules/core-util-is
4148 silly ADD node_modules/core-js-compat
4149 silly ADD node_modules/copy-to-clipboard
4150 silly ADD node_modules/convert-source-map
4151 silly ADD node_modules/content-type
4152 silly ADD node_modules/console-table-printer
4153 silly ADD node_modules/configstore
4154 silly ADD node_modules/configstore/node_modules/xdg-basedir
4155 silly ADD node_modules/configstore/node_modules/semver
4156 silly ADD node_modules/configstore/node_modules/make-dir
4157 silly ADD node_modules/concat-stream
4158 silly ADD node_modules/concat-stream/node_modules/readable-stream
4159 silly ADD node_modules/concat-map
4160 silly ADD node_modules/compute-scroll-into-view
4161 silly ADD node_modules/compress-commons
4162 silly ADD node_modules/commondir
4163 silly ADD node_modules/commander
4164 silly ADD node_modules/comma-separated-tokens
4165 silly ADD node_modules/combined-stream
4166 silly ADD node_modules/colord
4167 silly ADD node_modules/color2k
4168 silly ADD node_modules/color-name
4169 silly ADD node_modules/color-convert
4170 silly ADD node_modules/codemirror
4171 silly ADD node_modules/clsx
4172 silly ADD node_modules/clone-deep
4173 silly ADD node_modules/clone
4174 silly ADD node_modules/cliui
4175 silly ADD node_modules/cliui/node_modules/wrap-ansi
4176 silly ADD node_modules/cliui/node_modules/string-width
4177 silly ADD node_modules/cliui/node_modules/emoji-regex
4178 silly ADD node_modules/client-only
4179 silly ADD node_modules/cli-width
4180 silly ADD node_modules/cli-spinners
4181 silly ADD node_modules/cli-cursor
4182 silly ADD node_modules/clean-stack
4183 silly ADD node_modules/classnames
4184 silly ADD node_modules/chownr
4185 silly ADD node_modules/chokidar
4186 silly ADD node_modules/chokidar/node_modules/glob-parent
4187 silly ADD node_modules/chardet
4188 silly ADD node_modules/character-reference-invalid
4189 silly ADD node_modules/character-entities-legacy
4190 silly ADD node_modules/character-entities
4191 silly ADD node_modules/chalk
4192 silly ADD node_modules/ce-la-react
4193 silly ADD node_modules/castable-video
4194 silly ADD node_modules/cardinal
4195 silly ADD node_modules/caniuse-lite
4196 silly ADD node_modules/camelize
4197 silly ADD node_modules/camelcase-keys
4198 silly ADD node_modules/camelcase-keys/node_modules/quick-lru
4199 silly ADD node_modules/camelcase-css
4200 silly ADD node_modules/camelcase
4201 silly ADD node_modules/callsites
4202 silly ADD node_modules/call-bound
4203 silly ADD node_modules/call-bind-apply-helpers
4204 silly ADD node_modules/call-bind
4205 silly ADD node_modules/busboy
4206 silly ADD node_modules/builtins
4207 silly ADD node_modules/buffer-from
4208 silly ADD node_modules/buffer-fill
4209 silly ADD node_modules/buffer-crc32
4210 silly ADD node_modules/buffer-alloc-unsafe
4211 silly ADD node_modules/buffer-alloc
4212 silly ADD node_modules/buffer
4213 silly ADD node_modules/browserslist
4214 silly ADD node_modules/browserify-zlib
4215 silly ADD node_modules/braces
4216 silly ADD node_modules/brace-expansion
4217 silly ADD node_modules/boolbase
4218 silly ADD node_modules/bl
4219 silly ADD node_modules/bl/node_modules/readable-stream
4220 silly ADD node_modules/binary-extensions
4221 silly ADD node_modules/bidi-js
4222 silly ADD node_modules/before-after-hook
4223 silly ADD node_modules/baseline-browser-mapping
4224 silly ADD node_modules/base64-js
4225 silly ADD node_modules/bare-url
4226 silly ADD node_modules/bare-stream
4227 silly ADD node_modules/bare-path
4228 silly ADD node_modules/bare-os
4229 silly ADD node_modules/bare-fs
4230 silly ADD node_modules/bare-events
4231 silly ADD node_modules/balanced-match
4232 silly ADD node_modules/babel-plugin-polyfill-regenerator
4233 silly ADD node_modules/babel-plugin-polyfill-corejs3
4234 silly ADD node_modules/babel-plugin-polyfill-corejs2
4235 silly ADD node_modules/babel-plugin-polyfill-corejs2/node_modules/semver
4236 silly ADD node_modules/babel-plugin-macros
4237 silly ADD node_modules/babel-plugin-macros/node_modules/resolve
4238 silly ADD node_modules/axobject-query
4239 silly ADD node_modules/axe-core
4240 silly ADD node_modules/aws4
4241 silly ADD node_modules/available-typed-arrays
4242 silly ADD node_modules/autoprefixer
4243 silly ADD node_modules/attr-accept
4244 silly ADD node_modules/asynckit
4245 silly ADD node_modules/async-mutex
4246 silly ADD node_modules/async-function
4247 silly ADD node_modules/async
4248 silly ADD node_modules/ast-types-flow
4249 silly ADD node_modules/arrify
4250 silly ADD node_modules/arraybuffer.prototype.slice
4251 silly ADD node_modules/array.prototype.tosorted
4252 silly ADD node_modules/array.prototype.flatmap
4253 silly ADD node_modules/array.prototype.flat
4254 silly ADD node_modules/array.prototype.findlastindex
4255 silly ADD node_modules/array.prototype.findlast
4256 silly ADD node_modules/array-union
4257 silly ADD node_modules/array-treeify
4258 silly ADD node_modules/array-includes
4259 silly ADD node_modules/array-buffer-byte-length
4260 silly ADD node_modules/aria-query
4261 silly ADD node_modules/argparse
4262 silly ADD node_modules/arg
4263 silly ADD node_modules/archiver-utils
4264 silly ADD node_modules/archiver
4265 silly ADD node_modules/anymatch
4266 silly ADD node_modules/any-promise
4267 silly ADD node_modules/ansis
4268 silly ADD node_modules/ansicolors
4269 silly ADD node_modules/ansi-styles
4270 silly ADD node_modules/ansi-regex
4271 silly ADD node_modules/ansi-escapes
4272 silly ADD node_modules/ansi-escapes/node_modules/type-fest
4273 silly ADD node_modules/ajv
4274 silly ADD node_modules/agent-base
4275 silly ADD node_modules/adm-zip
4276 silly ADD node_modules/acorn-loose
4277 silly ADD node_modules/acorn-jsx
4278 silly ADD node_modules/acorn
4279 silly ADD node_modules/abort-controller
4280 silly ADD node_modules/@xstate/react
4281 silly ADD node_modules/@vitejs/plugin-react
4282 silly ADD node_modules/@vercel/stega
4283 silly ADD node_modules/@vercel/edge
4284 silly ADD
4285 silly ADD
4286 silly ADD
4287 silly ADD
4288 silly ADD
4289 silly ADD
4290 silly ADD
4291 silly ADD
4292 silly ADD
4293 silly ADD
4294 silly ADD
4295 silly ADD
4296 silly ADD
4297 silly ADD
4298 silly ADD
4299 silly ADD
4300 silly ADD
4301 silly ADD
4302 silly ADD
4303 silly ADD node_modules/@unrs/resolver-binding-darwin-arm64
4304 silly ADD
4305 silly ADD
4306 silly ADD node_modules/@ungap/structured-clone
4307 silly ADD node_modules/@uiw/codemirror-extensions-basic-setup
4308 silly ADD node_modules/@typescript-eslint/visitor-keys
4309 silly ADD node_modules/@typescript-eslint/visitor-keys/node_modules/eslint-visitor-keys
4310 silly ADD node_modules/@typescript-eslint/utils
4311 silly ADD node_modules/@typescript-eslint/typescript-estree
4312 silly ADD node_modules/@typescript-eslint/typescript-estree/node_modules/minimatch
4313 silly ADD node_modules/@typescript-eslint/typescript-estree/node_modules/brace-expansion
4314 silly ADD node_modules/@typescript-eslint/typescript-estree/node_modules/balanced-match
4315 silly ADD node_modules/@typescript-eslint/types
4316 silly ADD node_modules/@typescript-eslint/type-utils
4317 silly ADD node_modules/@typescript-eslint/tsconfig-utils
4318 silly ADD node_modules/@typescript-eslint/scope-manager
4319 silly ADD node_modules/@typescript-eslint/project-service
4320 silly ADD node_modules/@typescript-eslint/parser
4321 silly ADD node_modules/@typescript-eslint/eslint-plugin
4322 silly ADD node_modules/@typescript-eslint/eslint-plugin/node_modules/ignore
4323 silly ADD node_modules/@types/which
4324 silly ADD node_modules/@types/uuid
4325 silly ADD node_modules/@types/use-sync-external-store
4326 silly ADD node_modules/@types/unist
4327 silly ADD node_modules/@types/trusted-types
4328 silly ADD node_modules/@types/tar-stream
4329 silly ADD node_modules/@types/speakingurl
4330 silly ADD node_modules/@types/shallow-equals
4331 silly ADD node_modules/@types/react-transition-group
4332 silly ADD node_modules/@types/react-is
4333 silly ADD node_modules/@types/react-dom
4334 silly ADD node_modules/@types/react
4335 silly ADD node_modules/@types/prop-types
4336 silly ADD node_modules/@types/prismjs
4337 silly ADD node_modules/@types/parse-json
4338 silly ADD node_modules/@types/normalize-package-data
4339 silly ADD node_modules/@types/node
4340 silly ADD node_modules/@types/minimist
4341 silly ADD node_modules/@types/lodash-es
4342 silly ADD node_modules/@types/lodash
4343 silly ADD node_modules/@types/json5
4344 silly ADD node_modules/@types/hast
4345 silly ADD node_modules/@types/eventsource
4346 silly ADD node_modules/@types/event-source-polyfill
4347 silly ADD node_modules/@types/estree
4348 silly ADD node_modules/@types/babel__traverse
4349 silly ADD node_modules/@types/babel__template
4350 silly ADD node_modules/@types/babel__generator
4351 silly ADD node_modules/@types/babel__core
4352 silly ADD
4353 silly ADD node_modules/@tanstack/virtual-core
4354 silly ADD node_modules/@tanstack/table-core
4355 silly ADD node_modules/@tanstack/react-virtual
4356 silly ADD node_modules/@tanstack/react-table
4357 silly ADD node_modules/@tanem/react-nprogress
4358 silly ADD node_modules/@swc/helpers
4359 silly ADD node_modules/@swc/counter
4360 silly ADD node_modules/@standard-schema/utils
4361 silly ADD node_modules/@standard-schema/spec
4362 silly ADD node_modules/@sentry/react
4363 silly ADD node_modules/@sentry/core
4364 silly ADD node_modules/@sentry/browser
4365 silly ADD node_modules/@sentry-internal/replay-canvas
4366 silly ADD node_modules/@sentry-internal/replay
4367 silly ADD node_modules/@sentry-internal/feedback
4368 silly ADD node_modules/@sentry-internal/browser-utils
4369 silly ADD node_modules/@selderee/plugin-htmlparser2
4370 silly ADD node_modules/@sanity/vision
4371 silly ADD node_modules/@sanity/vision/node_modules/react-compiler-runtime
4372 silly ADD node_modules/@sanity/vision/node_modules/@uiw/react-codemirror
4373 silly ADD node_modules/@sanity/vision/node_modules/@rexxars/react-split-pane
4374 silly ADD node_modules/@sanity/uuid
4375 silly ADD node_modules/@sanity/util
4376 silly ADD node_modules/@sanity/util/node_modules/date-fns
4377 silly ADD node_modules/@sanity/util/node_modules/@sanity/client
4378 silly ADD node_modules/@sanity/ui
4379 silly ADD node_modules/@sanity/types
4380 silly ADD node_modules/@sanity/types/node_modules/@sanity/client
4381 silly ADD node_modules/@sanity/template-validator
4382 silly ADD node_modules/@sanity/telemetry
4383 silly ADD node_modules/@sanity/sdk
4384 silly ADD node_modules/@sanity/schema
4385 silly ADD node_modules/@sanity/runtime-cli
4386 silly ADD node_modules/@sanity/runtime-cli/node_modules/yocto-queue
4387 silly ADD node_modules/@sanity/runtime-cli/node_modules/strip-ansi
4388 silly ADD node_modules/@sanity/runtime-cli/node_modules/string-width
4389 silly ADD node_modules/@sanity/runtime-cli/node_modules/restore-cursor
4390 silly ADD node_modules/@sanity/runtime-cli/node_modules/path-exists
4391 silly ADD node_modules/@sanity/runtime-cli/node_modules/p-locate
4392 silly ADD node_modules/@sanity/runtime-cli/node_modules/p-limit
4393 silly ADD node_modules/@sanity/runtime-cli/node_modules/ora
4394 silly ADD node_modules/@sanity/runtime-cli/node_modules/onetime
4395 silly ADD node_modules/@sanity/runtime-cli/node_modules/log-symbols
4396 silly ADD node_modules/@sanity/runtime-cli/node_modules/log-symbols/node_modules/is-unicode-supported
4397 silly ADD node_modules/@sanity/runtime-cli/node_modules/locate-path
4398 silly ADD node_modules/@sanity/runtime-cli/node_modules/is-unicode-supported
4399 silly ADD node_modules/@sanity/runtime-cli/node_modules/is-interactive
4400 silly ADD node_modules/@sanity/runtime-cli/node_modules/find-up
4401 silly ADD node_modules/@sanity/runtime-cli/node_modules/eventsource
4402 silly ADD node_modules/@sanity/runtime-cli/node_modules/emoji-regex
4403 silly ADD node_modules/@sanity/runtime-cli/node_modules/cli-cursor
4404 silly ADD node_modules/@sanity/runtime-cli/node_modules/chalk
4405 silly ADD node_modules/@sanity/runtime-cli/node_modules/ansi-regex
4406 silly ADD node_modules/@sanity/runtime-cli/node_modules/@sanity/client
4407 silly ADD node_modules/@sanity/preview-kit
4408 silly ADD node_modules/@sanity/preview-kit/node_modules/@sanity/client
4409 silly ADD node_modules/@sanity/presentation-comlink
4410 silly ADD node_modules/@sanity/presentation-comlink/node_modules/@sanity/visual-editing-types
4411 silly ADD node_modules/@sanity/presentation-comlink/node_modules/@sanity/client
4412 silly ADD node_modules/@sanity/next-loader
4413 silly ADD node_modules/@sanity/next-loader/node_modules/@sanity/client
4414 silly ADD node_modules/@sanity/mutator
4415 silly ADD node_modules/@sanity/mutate
4416 silly ADD node_modules/@sanity/mutate/node_modules/nanoid
4417 silly ADD node_modules/@sanity/mutate/node_modules/@sanity/client
4418 silly ADD node_modules/@sanity/mutate/node_modules/@sanity/client/node_modules/nanoid
4419 silly ADD node_modules/@sanity/migrate
4420 silly ADD node_modules/@sanity/migrate/node_modules/@sanity/client
4421 silly ADD node_modules/@sanity/message-protocol
4422 silly ADD node_modules/@sanity/media-library-types
4423 silly ADD node_modules/@sanity/logos
4424 silly ADD node_modules/@sanity/insert-menu
4425 silly ADD node_modules/@sanity/insert-menu/node_modules/react-compiler-runtime
4426 silly ADD node_modules/@sanity/incompatible-plugin
4427 silly ADD node_modules/@sanity/import
4428 silly ADD node_modules/@sanity/import/node_modules/rimraf
4429 silly ADD node_modules/@sanity/import/node_modules/path-scurry
4430 silly ADD node_modules/@sanity/import/node_modules/p-map
4431 silly ADD node_modules/@sanity/import/node_modules/minimatch
4432 silly ADD node_modules/@sanity/import/node_modules/lru-cache
4433 silly ADD node_modules/@sanity/import/node_modules/glob
4434 silly ADD node_modules/@sanity/import/node_modules/brace-expansion
4435 silly ADD node_modules/@sanity/import/node_modules/balanced-match
4436 silly ADD node_modules/@sanity/image-url
4437 silly ADD node_modules/@sanity/id-utils
4438 silly ADD node_modules/@sanity/icons
4439 silly ADD node_modules/@sanity/generate-help-url
4440 silly ADD node_modules/@sanity/export
4441 silly ADD node_modules/@sanity/export/node_modules/rimraf
4442 silly ADD node_modules/@sanity/export/node_modules/path-scurry
4443 silly ADD node_modules/@sanity/export/node_modules/minimatch
4444 silly ADD node_modules/@sanity/export/node_modules/lru-cache
4445 silly ADD node_modules/@sanity/export/node_modules/glob
4446 silly ADD node_modules/@sanity/export/node_modules/brace-expansion
4447 silly ADD node_modules/@sanity/export/node_modules/balanced-match
4448 silly ADD node_modules/@sanity/export/node_modules/@sanity/util
4449 silly ADD node_modules/@sanity/export/node_modules/@sanity/types
4450 silly ADD node_modules/@sanity/eventsource
4451 silly ADD node_modules/@sanity/diff-patch
4452 silly ADD node_modules/@sanity/diff-match-patch
4453 silly ADD node_modules/@sanity/diff
4454 silly ADD node_modules/@sanity/descriptors
4455 silly ADD node_modules/@sanity/comlink
4456 silly ADD node_modules/@sanity/comlink/node_modules/uuid
4457 silly ADD node_modules/@sanity/color
4458 silly ADD node_modules/@sanity/codegen
4459 silly ADD node_modules/@sanity/codegen/node_modules/tsconfig-paths
4460 silly ADD node_modules/@sanity/client
4461 silly ADD node_modules/@sanity/cli
4462 silly ADD node_modules/@sanity/cli/node_modules/@sanity/client
4463 silly ADD node_modules/@sanity/bifur-client
4464 silly ADD node_modules/@sanity/asset-utils
4465 silly ADD node_modules/@rushstack/eslint-patch
4466 silly ADD node_modules/@rtsao/scc
4467 silly ADD
4468 silly ADD
4469 silly ADD
4470 silly ADD
4471 silly ADD
4472 silly ADD
4473 silly ADD
4474 silly ADD
4475 silly ADD
4476 silly ADD
4477 silly ADD
4478 silly ADD
4479 silly ADD
4480 silly ADD
4481 silly ADD
4482 silly ADD
4483 silly ADD
4484 silly ADD
4485 silly ADD
4486 silly ADD
4487 silly ADD
4488 silly ADD
4489 silly ADD node_modules/@rollup/rollup-darwin-arm64
4490 silly ADD
4491 silly ADD
4492 silly ADD node_modules/@rolldown/pluginutils
4493 silly ADD node_modules/@rexxars/react-json-inspector
4494 silly ADD node_modules/@reduxjs/toolkit
4495 silly ADD node_modules/@reduxjs/toolkit/node_modules/immer
4496 silly ADD node_modules/@react-email/render
4497 silly ADD node_modules/@portabletext/types
4498 silly ADD node_modules/@portabletext/toolkit
4499 silly ADD node_modules/@portabletext/to-html
4500 silly ADD node_modules/@portabletext/react
4501 silly ADD node_modules/@portabletext/patches
4502 silly ADD node_modules/@portabletext/keyboard-shortcuts
4503 silly ADD node_modules/@portabletext/editor
4504 silly ADD node_modules/@portabletext/editor/node_modules/use-effect-event
4505 silly ADD node_modules/@portabletext/editor/node_modules/slate-react
4506 silly ADD node_modules/@portabletext/editor/node_modules/react-compiler-runtime
4507 silly ADD node_modules/@portabletext/block-tools
4508 silly ADD node_modules/@pkgjs/parseargs
4509 silly ADD node_modules/@octokit/types
4510 silly ADD node_modules/@octokit/request-error
4511 silly ADD node_modules/@octokit/request
4512 silly ADD node_modules/@octokit/plugin-rest-endpoint-methods
4513 silly ADD node_modules/@octokit/plugin-paginate-rest
4514 silly ADD node_modules/@octokit/openapi-types
4515 silly ADD node_modules/@octokit/graphql
4516 silly ADD node_modules/@octokit/endpoint
4517 silly ADD node_modules/@octokit/core
4518 silly ADD node_modules/@octokit/auth-token
4519 silly ADD node_modules/@oclif/plugin-help
4520 silly ADD node_modules/@oclif/core
4521 silly ADD node_modules/@oclif/core/node_modules/wrap-ansi
4522 silly ADD node_modules/@oclif/core/node_modules/supports-color
4523 silly ADD node_modules/@oclif/core/node_modules/string-width
4524 silly ADD node_modules/@oclif/core/node_modules/minimatch
4525 silly ADD node_modules/@oclif/core/node_modules/emoji-regex
4526 silly ADD node_modules/@oclif/core/node_modules/brace-expansion
4527 silly ADD node_modules/@oclif/core/node_modules/balanced-match
4528 silly ADD node_modules/@nolyfill/is-core-module
4529 silly ADD node_modules/@nodelib/fs.walk
4530 silly ADD node_modules/@nodelib/fs.stat
4531 silly ADD node_modules/@nodelib/fs.scandir
4532 silly ADD
4533 silly ADD
4534 silly ADD
4535 silly ADD
4536 silly ADD
4537 silly ADD
4538 silly ADD
4539 silly ADD
4540 silly ADD node_modules/@next/swc-darwin-arm64
4541 silly ADD node_modules/@next/eslint-plugin-next
4542 silly ADD node_modules/@next/env
4543 silly ADD
4544 silly ADD node_modules/@mux/playback-core
4545 silly ADD node_modules/@mux/mux-video
4546 silly ADD node_modules/@mux/mux-player-react
4547 silly ADD node_modules/@mux/mux-player
4548 silly ADD node_modules/@mux/mux-player/node_modules/player.style
4549 silly ADD node_modules/@mux/mux-data-google-ima
4550 silly ADD node_modules/@marijn/find-cluster-break
4551 silly ADD node_modules/@lezer/lr
4552 silly ADD node_modules/@lezer/javascript
4553 silly ADD node_modules/@lezer/highlight
4554 silly ADD node_modules/@lezer/common
4555 silly ADD node_modules/@juggle/resize-observer
4556 silly ADD node_modules/@jridgewell/trace-mapping
4557 silly ADD node_modules/@jridgewell/sourcemap-codec
4558 silly ADD node_modules/@jridgewell/resolve-uri
4559 silly ADD node_modules/@jridgewell/remapping
4560 silly ADD node_modules/@jridgewell/gen-mapping
4561 silly ADD node_modules/@isaacs/fs-minipass
4562 silly ADD node_modules/@isaacs/cliui
4563 silly ADD node_modules/@isaacs/cliui/node_modules/strip-ansi
4564 silly ADD node_modules/@isaacs/cliui/node_modules/ansi-regex
4565 silly ADD node_modules/@inquirer/type
4566 silly ADD node_modules/@inquirer/select
4567 silly ADD node_modules/@inquirer/search
4568 silly ADD node_modules/@inquirer/rawlist
4569 silly ADD node_modules/@inquirer/prompts
4570 silly ADD node_modules/@inquirer/password
4571 silly ADD node_modules/@inquirer/number
4572 silly ADD node_modules/@inquirer/input
4573 silly ADD node_modules/@inquirer/figures
4574 silly ADD node_modules/@inquirer/external-editor
4575 silly ADD node_modules/@inquirer/expand
4576 silly ADD node_modules/@inquirer/editor
4577 silly ADD node_modules/@inquirer/core
4578 silly ADD node_modules/@inquirer/core/node_modules/wrap-ansi
4579 silly ADD node_modules/@inquirer/core/node_modules/string-width
4580 silly ADD node_modules/@inquirer/core/node_modules/emoji-regex
4581 silly ADD node_modules/@inquirer/confirm
4582 silly ADD node_modules/@inquirer/checkbox
4583 silly ADD node_modules/@inquirer/ansi
4584 silly ADD node_modules/@humanwhocodes/object-schema
4585 silly ADD node_modules/@humanwhocodes/module-importer
4586 silly ADD node_modules/@humanwhocodes/config-array
4587 silly ADD node_modules/@hookform/resolvers
4588 silly ADD node_modules/@floating-ui/utils
4589 silly ADD node_modules/@floating-ui/react-dom
4590 silly ADD node_modules/@floating-ui/dom
4591 silly ADD node_modules/@floating-ui/core
4592 silly ADD node_modules/@exodus/bytes
4593 silly ADD node_modules/@eslint/js
4594 silly ADD node_modules/@eslint/eslintrc
4595 silly ADD node_modules/@eslint-community/regexpp
4596 silly ADD node_modules/@eslint-community/eslint-utils
4597 silly ADD
4598 silly ADD
4599 silly ADD
4600 silly ADD
4601 silly ADD
4602 silly ADD
4603 silly ADD
4604 silly ADD
4605 silly ADD
4606 silly ADD
4607 silly ADD
4608 silly ADD
4609 silly ADD
4610 silly ADD
4611 silly ADD
4612 silly ADD
4613 silly ADD
4614 silly ADD
4615 silly ADD
4616 silly ADD
4617 silly ADD
4618 silly ADD node_modules/@esbuild/darwin-arm64
4619 silly ADD
4620 silly ADD
4621 silly ADD
4622 silly ADD
4623 silly ADD node_modules/@emotion/weak-memoize
4624 silly ADD node_modules/@emotion/utils
4625 silly ADD node_modules/@emotion/use-insertion-effect-with-fallbacks
4626 silly ADD node_modules/@emotion/unitless
4627 silly ADD node_modules/@emotion/sheet
4628 silly ADD node_modules/@emotion/serialize
4629 silly ADD node_modules/@emotion/react
4630 silly ADD node_modules/@emotion/memoize
4631 silly ADD node_modules/@emotion/is-prop-valid
4632 silly ADD node_modules/@emotion/hash
4633 silly ADD node_modules/@emotion/cache
4634 silly ADD node_modules/@emotion/cache/node_modules/stylis
4635 silly ADD node_modules/@emotion/babel-plugin
4636 silly ADD node_modules/@emotion/babel-plugin/node_modules/stylis
4637 silly ADD node_modules/@emotion/babel-plugin/node_modules/source-map
4638 silly ADD node_modules/@emotion/babel-plugin/node_modules/convert-source-map
4639 silly ADD
4640 silly ADD
4641 silly ADD
4642 silly ADD node_modules/@dnd-kit/utilities
4643 silly ADD node_modules/@dnd-kit/sortable
4644 silly ADD node_modules/@dnd-kit/modifiers
4645 silly ADD node_modules/@dnd-kit/core
4646 silly ADD node_modules/@dnd-kit/accessibility
4647 silly ADD node_modules/@date-fns/utc
4648 silly ADD node_modules/@date-fns/tz
4649 silly ADD node_modules/@csstools/css-tokenizer
4650 silly ADD node_modules/@csstools/css-parser-algorithms
4651 silly ADD node_modules/@csstools/css-color-parser
4652 silly ADD node_modules/@csstools/css-calc
4653 silly ADD node_modules/@csstools/color-helpers
4654 silly ADD node_modules/@codemirror/view
4655 silly ADD node_modules/@codemirror/theme-one-dark
4656 silly ADD node_modules/@codemirror/state
4657 silly ADD node_modules/@codemirror/search
4658 silly ADD node_modules/@codemirror/lint
4659 silly ADD node_modules/@codemirror/language
4660 silly ADD node_modules/@codemirror/lang-javascript
4661 silly ADD node_modules/@codemirror/commands
4662 silly ADD node_modules/@codemirror/autocomplete
4663 silly ADD node_modules/@bramus/specificity
4664 silly ADD node_modules/@bramus/specificity/node_modules/mdn-data
4665 silly ADD node_modules/@bramus/specificity/node_modules/css-tree
4666 silly ADD node_modules/@babel/types
4667 silly ADD node_modules/@babel/traverse
4668 silly ADD node_modules/@babel/template
4669 silly ADD node_modules/@babel/runtime
4670 silly ADD node_modules/@babel/register
4671 silly ADD node_modules/@babel/preset-typescript
4672 silly ADD node_modules/@babel/preset-react
4673 silly ADD node_modules/@babel/preset-modules
4674 silly ADD node_modules/@babel/preset-env
4675 silly ADD node_modules/@babel/preset-env/node_modules/semver
4676 silly ADD node_modules/@babel/plugin-transform-unicode-sets-regex
4677 silly ADD node_modules/@babel/plugin-transform-unicode-regex
4678 silly ADD node_modules/@babel/plugin-transform-unicode-property-regex
4679 silly ADD node_modules/@babel/plugin-transform-unicode-escapes
4680 silly ADD node_modules/@babel/plugin-transform-typescript
4681 silly ADD node_modules/@babel/plugin-transform-typeof-symbol
4682 silly ADD node_modules/@babel/plugin-transform-template-literals
4683 silly ADD node_modules/@babel/plugin-transform-sticky-regex
4684 silly ADD node_modules/@babel/plugin-transform-spread
4685 silly ADD node_modules/@babel/plugin-transform-shorthand-properties
4686 silly ADD node_modules/@babel/plugin-transform-reserved-words
4687 silly ADD node_modules/@babel/plugin-transform-regexp-modifiers
4688 silly ADD node_modules/@babel/plugin-transform-regenerator
4689 silly ADD node_modules/@babel/plugin-transform-react-pure-annotations
4690 silly ADD node_modules/@babel/plugin-transform-react-jsx-source
4691 silly ADD node_modules/@babel/plugin-transform-react-jsx-self
4692 silly ADD node_modules/@babel/plugin-transform-react-jsx-development
4693 silly ADD node_modules/@babel/plugin-transform-react-jsx
4694 silly ADD node_modules/@babel/plugin-transform-react-display-name
4695 silly ADD node_modules/@babel/plugin-transform-property-literals
4696 silly ADD node_modules/@babel/plugin-transform-private-property-in-object
4697 silly ADD node_modules/@babel/plugin-transform-private-methods
4698 silly ADD node_modules/@babel/plugin-transform-parameters
4699 silly ADD node_modules/@babel/plugin-transform-optional-chaining
4700 silly ADD node_modules/@babel/plugin-transform-optional-catch-binding
4701 silly ADD node_modules/@babel/plugin-transform-object-super
4702 silly ADD node_modules/@babel/plugin-transform-object-rest-spread
4703 silly ADD node_modules/@babel/plugin-transform-numeric-separator
4704 silly ADD node_modules/@babel/plugin-transform-nullish-coalescing-operator
4705 silly ADD node_modules/@babel/plugin-transform-new-target
4706 silly ADD node_modules/@babel/plugin-transform-named-capturing-groups-regex
4707 silly ADD node_modules/@babel/plugin-transform-modules-umd
4708 silly ADD node_modules/@babel/plugin-transform-modules-systemjs
4709 silly ADD node_modules/@babel/plugin-transform-modules-commonjs
4710 silly ADD node_modules/@babel/plugin-transform-modules-amd
4711 silly ADD node_modules/@babel/plugin-transform-member-expression-literals
4712 silly ADD node_modules/@babel/plugin-transform-logical-assignment-operators
4713 silly ADD node_modules/@babel/plugin-transform-literals
4714 silly ADD node_modules/@babel/plugin-transform-json-strings
4715 silly ADD node_modules/@babel/plugin-transform-function-name
4716 silly ADD node_modules/@babel/plugin-transform-for-of
4717 silly ADD node_modules/@babel/plugin-transform-export-namespace-from
4718 silly ADD node_modules/@babel/plugin-transform-exponentiation-operator
4719 silly ADD node_modules/@babel/plugin-transform-explicit-resource-management
4720 silly ADD node_modules/@babel/plugin-transform-dynamic-import
4721 silly ADD node_modules/@babel/plugin-transform-duplicate-named-capturing-groups-regex
4722 silly ADD node_modules/@babel/plugin-transform-duplicate-keys
4723 silly ADD node_modules/@babel/plugin-transform-dotall-regex
4724 silly ADD node_modules/@babel/plugin-transform-destructuring
4725 silly ADD node_modules/@babel/plugin-transform-computed-properties
4726 silly ADD node_modules/@babel/plugin-transform-classes
4727 silly ADD node_modules/@babel/plugin-transform-class-static-block
4728 silly ADD node_modules/@babel/plugin-transform-class-properties
4729 silly ADD node_modules/@babel/plugin-transform-block-scoping
4730 silly ADD node_modules/@babel/plugin-transform-block-scoped-functions
4731 silly ADD node_modules/@babel/plugin-transform-async-to-generator
4732 silly ADD node_modules/@babel/plugin-transform-async-generator-functions
4733 silly ADD node_modules/@babel/plugin-transform-arrow-functions
4734 silly ADD node_modules/@babel/plugin-syntax-unicode-sets-regex
4735 silly ADD node_modules/@babel/plugin-syntax-typescript
4736 silly ADD node_modules/@babel/plugin-syntax-jsx
4737 silly ADD node_modules/@babel/plugin-syntax-import-attributes
4738 silly ADD node_modules/@babel/plugin-syntax-import-assertions
4739 silly ADD node_modules/@babel/plugin-proposal-private-property-in-object
4740 silly ADD node_modules/@babel/plugin-bugfix-v8-static-class-fields-redefine-readonly
4741 silly ADD node_modules/@babel/plugin-bugfix-v8-spread-parameters-in-optional-chaining
4742 silly ADD node_modules/@babel/plugin-bugfix-safari-rest-destructuring-rhs-array
4743 silly ADD node_modules/@babel/plugin-bugfix-safari-id-destructuring-collision-in-function-expression
4744 silly ADD node_modules/@babel/plugin-bugfix-safari-class-field-initializer-scope
4745 silly ADD node_modules/@babel/plugin-bugfix-firefox-class-in-computed-class-key
4746 silly ADD node_modules/@babel/parser
4747 silly ADD node_modules/@babel/helpers
4748 silly ADD node_modules/@babel/helper-wrap-function
4749 silly ADD node_modules/@babel/helper-validator-option
4750 silly ADD node_modules/@babel/helper-validator-identifier
4751 silly ADD node_modules/@babel/helper-string-parser
4752 silly ADD node_modules/@babel/helper-skip-transparent-expression-wrappers
4753 silly ADD node_modules/@babel/helper-replace-supers
4754 silly ADD node_modules/@babel/helper-remap-async-to-generator
4755 silly ADD node_modules/@babel/helper-plugin-utils
4756 silly ADD node_modules/@babel/helper-optimise-call-expression
4757 silly ADD node_modules/@babel/helper-module-transforms
4758 silly ADD node_modules/@babel/helper-module-imports
4759 silly ADD node_modules/@babel/helper-member-expression-to-functions
4760 silly ADD node_modules/@babel/helper-globals
4761 silly ADD node_modules/@babel/helper-define-polyfill-provider
4762 silly ADD node_modules/@babel/helper-define-polyfill-provider/node_modules/resolve
4763 silly ADD node_modules/@babel/helper-create-regexp-features-plugin
4764 silly ADD node_modules/@babel/helper-create-regexp-features-plugin/node_modules/semver
4765 silly ADD node_modules/@babel/helper-create-class-features-plugin
4766 silly ADD node_modules/@babel/helper-create-class-features-plugin/node_modules/semver
4767 silly ADD node_modules/@babel/helper-compilation-targets
4768 silly ADD node_modules/@babel/helper-compilation-targets/node_modules/yallist
4769 silly ADD node_modules/@babel/helper-compilation-targets/node_modules/semver
4770 silly ADD node_modules/@babel/helper-compilation-targets/node_modules/lru-cache
4771 silly ADD node_modules/@babel/helper-annotate-as-pure
4772 silly ADD node_modules/@babel/generator
4773 silly ADD node_modules/@babel/core
4774 silly ADD node_modules/@babel/core/node_modules/semver
4775 silly ADD node_modules/@babel/compat-data
4776 silly ADD node_modules/@babel/code-frame
4777 silly ADD node_modules/@aws-lite/ssm
4778 silly ADD node_modules/@aws-lite/s3
4779 silly ADD node_modules/@aws-lite/client
4780 silly ADD node_modules/@asamuzakjp/nwsapi
4781 silly ADD node_modules/@asamuzakjp/generational-cache
4782 silly ADD node_modules/@asamuzakjp/dom-selector
4783 silly ADD node_modules/@asamuzakjp/css-color
4784 silly ADD node_modules/@architect/utils
4785 silly ADD node_modules/@architect/utils/node_modules/minimatch
4786 silly ADD node_modules/@architect/utils/node_modules/jackspeak
4787 silly ADD node_modules/@architect/utils/node_modules/glob
4788 silly ADD node_modules/@architect/utils/node_modules/brace-expansion
4789 silly ADD node_modules/@architect/parser
4790 silly ADD node_modules/@architect/inventory
4791 silly ADD node_modules/@architect/hydrate
4792 silly ADD node_modules/@architect/hydrate/node_modules/minimatch
4793 silly ADD node_modules/@architect/hydrate/node_modules/jackspeak
4794 silly ADD node_modules/@architect/hydrate/node_modules/glob
4795 silly ADD node_modules/@architect/hydrate/node_modules/esquery
4796 silly ADD node_modules/@architect/hydrate/node_modules/brace-expansion
4797 silly ADD node_modules/@architect/asap
4798 silly ADD node_modules/@alloc/quick-lru
4799 silly ADD node_modules/@actions/io
4800 silly ADD node_modules/@actions/http-client
4801 silly ADD node_modules/@actions/github
4802 silly ADD node_modules/@actions/github/node_modules/@actions/http-client
4803 silly ADD node_modules/@actions/exec
4804 silly ADD node_modules/@actions/core
4805 silly ADD node_modules/@acemir/cssom
4806 verbose cwd /Users/gillesakakpo/Projects/elite-atacora/site
4807 verbose os Darwin 25.4.0
4808 verbose node v22.12.0
4809 verbose npm  v10.9.0
4810 notice
4810 notice New major version of npm available! 10.9.0 -> 11.15.0
4810 notice Changelog: https://github.com/npm/cli/releases/tag/v11.15.0
4810 notice To update run: npm install -g npm@11.15.0
4810 notice  { force: true, [Symbol(proc-log.meta)]: true }
4811 verbose exit 0
4812 info ok
